BEGIN TRANSACTION;
CREATE TABLE `T_TIPO_VEHICULO` (
	`_id`	INTEGER,
	`NOMBRE` INTEGER,
	`REQUIERE_DOMINIO` TEXT DEFAULT 'N',
	PRIMARY KEY(_id)
);
INSERT INTO `T_TIPO_VEHICULO` VALUES (1,'AUTOMOVIL','S');
INSERT INTO `T_TIPO_VEHICULO` VALUES (2,'MOTOCICLETA','S');
INSERT INTO `T_TIPO_VEHICULO` VALUES (3,'PEATON','N');
INSERT INTO `T_TIPO_VEHICULO` VALUES (4,'BICICLETA','N');
CREATE TABLE `T_PROVINCIA` (
	`_id`	TEXT,
	`NOMBRE`	TEXT,
	`ID_PAIS`	TEXT,
	PRIMARY KEY(_id)
);
INSERT INTO `T_PROVINCIA` VALUES ('1','BUENOS AIRES','1');
INSERT INTO `T_PROVINCIA` VALUES ('2','CAPITAL FEDERAL','1');
INSERT INTO `T_PROVINCIA` VALUES ('3','CATAMARCA','1');
INSERT INTO `T_PROVINCIA` VALUES ('4','CHACO','1');
INSERT INTO `T_PROVINCIA` VALUES ('5','CHUBUT','1');
INSERT INTO `T_PROVINCIA` VALUES ('6','CORDOBA','1');
INSERT INTO `T_PROVINCIA` VALUES ('7','CORRIENTES','1');
INSERT INTO `T_PROVINCIA` VALUES ('8','ENTRE RIOS','1');
INSERT INTO `T_PROVINCIA` VALUES ('9','FORMOSA','1');
INSERT INTO `T_PROVINCIA` VALUES ('10','JUJUY','1');
INSERT INTO `T_PROVINCIA` VALUES ('11','LA PAMPA','1');
INSERT INTO `T_PROVINCIA` VALUES ('12','LA RIOJA','1');
INSERT INTO `T_PROVINCIA` VALUES ('13','MENDOZA','1');
INSERT INTO `T_PROVINCIA` VALUES ('14','MISIONES','1');
INSERT INTO `T_PROVINCIA` VALUES ('15','NEUQUEN','1');
INSERT INTO `T_PROVINCIA` VALUES ('16','RIO NEGRO','1');
INSERT INTO `T_PROVINCIA` VALUES ('17','SALTA','1');
INSERT INTO `T_PROVINCIA` VALUES ('18','SAN JUAN','1');
INSERT INTO `T_PROVINCIA` VALUES ('19','SAN LUIS','1');
INSERT INTO `T_PROVINCIA` VALUES ('20','SANTA CRUZ','1');
INSERT INTO `T_PROVINCIA` VALUES ('21','SANTA FE','1');
INSERT INTO `T_PROVINCIA` VALUES ('22','SANTIAGO DEL ESTERO','1');
INSERT INTO `T_PROVINCIA` VALUES ('23','TIERRA DEL FUEGO','1');
INSERT INTO `T_PROVINCIA` VALUES ('24','TUCUMAN','1');
INSERT INTO `T_PROVINCIA` VALUES ('25','CENTRAL','8');
INSERT INTO `T_PROVINCIA` VALUES ('26','LAMBARE','8');
INSERT INTO `T_PROVINCIA` VALUES ('27','BRASIL','19');
INSERT INTO `T_PROVINCIA` VALUES ('28','URUGUAY','10');
INSERT INTO `T_PROVINCIA` VALUES ('29','ESPAÑA','16');
INSERT INTO `T_PROVINCIA` VALUES ('30','CHILE','6');
INSERT INTO `T_PROVINCIA` VALUES ('31','BOLIVIA','3');
INSERT INTO `T_PROVINCIA` VALUES ('32','COLOMBIA','44');
CREATE TABLE `T_PERSONAS` (
	`ID_TIPO_DOCUMENTO`	TEXT,
	`NUMERO_DOCUMENTO`	TEXT,
	`APELLIDO`			TEXT,
	`NOMBRE`			TEXT,
	`CALLE`				TEXT,
	`ALTURA`			TEXT,
	`PISO`				TEXT,
	`DEPTO`				TEXT,
	`BARRIO`			TEXT,
	`ID_LOCALIDAD`		INTEGER,
	`PAIS`				TEXT,
	`PROVINCIA`			TEXT,
	`DEPARTAMENTO`		TEXT,
	`LOCALIDAD`			TEXT,
	PRIMARY KEY(ID_TIPO_DOCUMENTO,NUMERO_DOCUMENTO)
);
CREATE TABLE `T_PAIS` (
	`_id`	TEXT,
	`NOMBRE`	TEXT,
	`NACIONALIDAD`	TEXT,
	PRIMARY KEY(_id)
);
INSERT INTO `T_PAIS` VALUES ('1','ARGENTINA','ARGENTINO');
INSERT INTO `T_PAIS` VALUES ('2','GHANA','GHANES');
INSERT INTO `T_PAIS` VALUES ('3','BOLIVIA','BOLIVIANA');
INSERT INTO `T_PAIS` VALUES ('4','YUGOSLAVIA','YUGOSLAVA');
INSERT INTO `T_PAIS` VALUES ('5','UCRANIA','UCRANIANA');
INSERT INTO `T_PAIS` VALUES ('6','CHILE','CHILENA');
INSERT INTO `T_PAIS` VALUES ('7','ITALIA','ITALIANA');
INSERT INTO `T_PAIS` VALUES ('8','PARAGUAY','PARAGUAYA');
INSERT INTO `T_PAIS` VALUES ('9','AUSTRIA','AUSTRIACA');
INSERT INTO `T_PAIS` VALUES ('10','URUGUAY','URUGUAYA');
INSERT INTO `T_PAIS` VALUES ('11','DINAMARCA','DINAMARQUESA');
INSERT INTO `T_PAIS` VALUES ('12','JAPON','JAPONESA');
INSERT INTO `T_PAIS` VALUES ('13','DESCONOCIDO','DESCONOCIDA');
INSERT INTO `T_PAIS` VALUES ('14','PERU','PERUANA');
INSERT INTO `T_PAIS` VALUES ('15','SIRIA','SIRIA');
INSERT INTO `T_PAIS` VALUES ('16','ESPAÑA','ESPAÑOLA');
INSERT INTO `T_PAIS` VALUES ('17','RUSIA','RUSA');
INSERT INTO `T_PAIS` VALUES ('18','POLONIA','POLACA');
INSERT INTO `T_PAIS` VALUES ('19','BRASIL','BRASILERA');
INSERT INTO `T_PAIS` VALUES ('20','ESTADOS UNIDOS','ESTADOUNIDENSE');
INSERT INTO `T_PAIS` VALUES ('21','RUMANIA','RUMANA');
INSERT INTO `T_PAIS` VALUES ('22','REPUBLICA DOMINICANA','DOMINICANA');
INSERT INTO `T_PAIS` VALUES ('23','PORTUGAL','PORTUGESA');
INSERT INTO `T_PAIS` VALUES ('24','ARABIA','ARABE');
INSERT INTO `T_PAIS` VALUES ('25','FRANCIA','FRANCES');
INSERT INTO `T_PAIS` VALUES ('26','HUNGRÍA','HÚNGARA');
INSERT INTO `T_PAIS` VALUES ('27','MEXICO','MEXICANO');
INSERT INTO `T_PAIS` VALUES ('28','CHIPRE','CHIPRIANO');
INSERT INTO `T_PAIS` VALUES ('29','CHECOSLOVAQUIA','CHECOSLOVACA');
INSERT INTO `T_PAIS` VALUES ('30','TURQUIA','TURCA');
INSERT INTO `T_PAIS` VALUES ('31','ALEMANIA','ALEMANA');
INSERT INTO `T_PAIS` VALUES ('32','SUIZA','SUIZA');
INSERT INTO `T_PAIS` VALUES ('33','CANADA','CANADIENSE');
INSERT INTO `T_PAIS` VALUES ('34','LIBIA','LIBANESA');
INSERT INTO `T_PAIS` VALUES ('35','LITUANIA','LITUANA');
INSERT INTO `T_PAIS` VALUES ('36','PUERTO RICO','PUERTORIQUEÑO');
INSERT INTO `T_PAIS` VALUES ('37','INGLATERRA','INGLESA');
INSERT INTO `T_PAIS` VALUES ('38','BELGICA','BELGA');
INSERT INTO `T_PAIS` VALUES ('39','GRECIA','GRIEGA');
INSERT INTO `T_PAIS` VALUES ('40','CROACIA','CROATA');
INSERT INTO `T_PAIS` VALUES ('41','HOLANDA','HOLANDESA');
INSERT INTO `T_PAIS` VALUES ('42','ECUADOR','ECUATORIANA');
INSERT INTO `T_PAIS` VALUES ('43','CUBA','CUBANA');
INSERT INTO `T_PAIS` VALUES ('44','COLOMBIA','COLOMBIANA');
INSERT INTO `T_PAIS` VALUES ('45','COREA','COREANA');
INSERT INTO `T_PAIS` VALUES ('46','VENEZUELA','VENEZOLANO');
INSERT INTO `T_PAIS` VALUES ('47','AUSTRALIA','AUSATRALIANO');
INSERT INTO `T_PAIS` VALUES ('48','CHINA','CHINO');
INSERT INTO `T_PAIS` VALUES ('49','COREA DEL SUR','COREANO');
INSERT INTO `T_PAIS` VALUES ('50','COSTA DE MARFIL','COSTA DE MARFIL');
INSERT INTO `T_PAIS` VALUES ('51','COSTA RICA','COSTA RICA');
INSERT INTO `T_PAIS` VALUES ('52','EGIPTO','EGIPCIO');
INSERT INTO `T_PAIS` VALUES ('53','EL SALVADOR','SALVADOREÑO');
INSERT INTO `T_PAIS` VALUES ('54','ESCOCIA','ESCOCES');
INSERT INTO `T_PAIS` VALUES ('55','GRAN BRETAÑA','BRITANICO');
INSERT INTO `T_PAIS` VALUES ('56','GUATEMALA','GUATEMALTECO');
INSERT INTO `T_PAIS` VALUES ('57','HAITI','HAITIANO');
INSERT INTO `T_PAIS` VALUES ('58','HONDURAS','HONDUREÑO');
INSERT INTO `T_PAIS` VALUES ('59','HONG KONG','HONG KONG');
INSERT INTO `T_PAIS` VALUES ('60','INDIA','INDIO');
INSERT INTO `T_PAIS` VALUES ('61','IRAN','IRANÍ');
INSERT INTO `T_PAIS` VALUES ('62','IRLANDA','IRLANDES');
INSERT INTO `T_PAIS` VALUES ('63','ISRAEL','ISRAELI');
INSERT INTO `T_PAIS` VALUES ('64','JAMAICA','JAMAIQUINO');
INSERT INTO `T_PAIS` VALUES ('65','NICARAGUA','NICARAUENCE');
INSERT INTO `T_PAIS` VALUES ('66','NORUEGA','NORUEGO');
INSERT INTO `T_PAIS` VALUES ('67','NUEVA ZELANDA','ZELANDES');
INSERT INTO `T_PAIS` VALUES ('68','OTRA','-');
INSERT INTO `T_PAIS` VALUES ('69','PANAMA','PANAMEÑO');
INSERT INTO `T_PAIS` VALUES ('70','PUERTO RICO','PUERTORIQUENSE');
INSERT INTO `T_PAIS` VALUES ('71','SUDAFRICA','SUDAFRICANO');
INSERT INTO `T_PAIS` VALUES ('72','SUECIA','SUECIA');
INSERT INTO `T_PAIS` VALUES ('73','TRINIDAD - TOBAGO','TRINIDAD - TOBAGO');
CREATE TABLE `T_MARCA` (
	`_id`	INTEGER,
	`NOMBRE`	TEXT,
	PRIMARY KEY(_id)
);
INSERT INTO `T_MARCA` VALUES (1,'ACURA');
INSERT INTO `T_MARCA` VALUES (2,'ALFAROMEO');
INSERT INTO `T_MARCA` VALUES (3,'AMX');
INSERT INTO `T_MARCA` VALUES (4,'ARO');
INSERT INTO `T_MARCA` VALUES (5,'AUDI');
INSERT INTO `T_MARCA` VALUES (6,'AUTOBUSES');
INSERT INTO `T_MARCA` VALUES (7,'BMW');
INSERT INTO `T_MARCA` VALUES (8,'BUICK');
INSERT INTO `T_MARCA` VALUES (9,'CADILLAC');
INSERT INTO `T_MARCA` VALUES (10,'CAMIONES');
INSERT INTO `T_MARCA` VALUES (11,'CHEVROLET');
INSERT INTO `T_MARCA` VALUES (12,'CHRYSLER');
INSERT INTO `T_MARCA` VALUES (13,'CORVETTE');
INSERT INTO `T_MARCA` VALUES (14,'DAEWOO');
INSERT INTO `T_MARCA` VALUES (15,'DAIHATSU');
INSERT INTO `T_MARCA` VALUES (16,'FERRARI');
INSERT INTO `T_MARCA` VALUES (17,'FIAT');
INSERT INTO `T_MARCA` VALUES (18,'FORD');
INSERT INTO `T_MARCA` VALUES (19,'GEO');
INSERT INTO `T_MARCA` VALUES (20,'GRUA');
INSERT INTO `T_MARCA` VALUES (21,'HONDA');
INSERT INTO `T_MARCA` VALUES (22,'HYUNDAI');
INSERT INTO `T_MARCA` VALUES (23,'ISUZU');
INSERT INTO `T_MARCA` VALUES (24,'JAGUARD');
INSERT INTO `T_MARCA` VALUES (25,'JEEP');
INSERT INTO `T_MARCA` VALUES (26,'KIA');
INSERT INTO `T_MARCA` VALUES (27,'LADA');
INSERT INTO `T_MARCA` VALUES (28,'LANCIA');
INSERT INTO `T_MARCA` VALUES (29,'LAND ROVER');
INSERT INTO `T_MARCA` VALUES (30,'LEXUS');
INSERT INTO `T_MARCA` VALUES (31,'LINCOLN');
INSERT INTO `T_MARCA` VALUES (32,'MASERATI');
INSERT INTO `T_MARCA` VALUES (33,'MAZDA');
INSERT INTO `T_MARCA` VALUES (34,'MERCEDES');
INSERT INTO `T_MARCA` VALUES (35,'MERCURY');
INSERT INTO `T_MARCA` VALUES (36,'MINI CORD');
INSERT INTO `T_MARCA` VALUES (37,'MITSUBISHI');
INSERT INTO `T_MARCA` VALUES (38,'NISSAN');
INSERT INTO `T_MARCA` VALUES (39,'OLDSMOBILE');
INSERT INTO `T_MARCA` VALUES (40,'PEUGEOT');
INSERT INTO `T_MARCA` VALUES (41,'PLYMOUTH');
INSERT INTO `T_MARCA` VALUES (42,'PONTIAC');
INSERT INTO `T_MARCA` VALUES (43,'PORSCHE');
INSERT INTO `T_MARCA` VALUES (44,'RENAULT');
INSERT INTO `T_MARCA` VALUES (45,'ROLLS ROYCE');
INSERT INTO `T_MARCA` VALUES (46,'SKPODA');
INSERT INTO `T_MARCA` VALUES (47,'SEAT');
INSERT INTO `T_MARCA` VALUES (48,'SUBARU');
INSERT INTO `T_MARCA` VALUES (49,'SUZUKI');
INSERT INTO `T_MARCA` VALUES (50,'TAXIS');
INSERT INTO `T_MARCA` VALUES (51,'TOYOTA');
INSERT INTO `T_MARCA` VALUES (52,'VOLKSWAGEN');
INSERT INTO `T_MARCA` VALUES (53,'VOLVO');
INSERT INTO `T_MARCA` VALUES (54,'DODGE');
INSERT INTO `T_MARCA` VALUES (55,'DIAMOND T');
INSERT INTO `T_MARCA` VALUES (56,'CITROEN');
INSERT INTO `T_MARCA` VALUES (57,'MOTOMEL');
INSERT INTO `T_MARCA` VALUES (58,'GUERRERO');
INSERT INTO `T_MARCA` VALUES (59,'CERRO');
INSERT INTO `T_MARCA` VALUES (60,'APPIA');
INSERT INTO `T_MARCA` VALUES (61,'YAMAHA');
INSERT INTO `T_MARCA` VALUES (62,'GILERA');
INSERT INTO `T_MARCA` VALUES (63,'ZANELLA');
INSERT INTO `T_MARCA` VALUES (64,'GARELLI');
INSERT INTO `T_MARCA` VALUES (65,'KYMCO');
INSERT INTO `T_MARCA` VALUES (66,'HUSQVARNA');
INSERT INTO `T_MARCA` VALUES (67,'MONDIAL');
INSERT INTO `T_MARCA` VALUES (68,'DUCATTI');
INSERT INTO `T_MARCA` VALUES (69,'BRAVA');
INSERT INTO `T_MARCA` VALUES (70,'DAELIM');
INSERT INTO `T_MARCA` VALUES (71,'GROSSPAL');
INSERT INTO `T_MARCA` VALUES (72,'SCANIA');
INSERT INTO `T_MARCA` VALUES (73,'IVECO');
INSERT INTO `T_MARCA` VALUES (74,'RASTROJERO');
INSERT INTO `T_MARCA` VALUES (75,'DODGE');
INSERT INTO `T_MARCA` VALUES (76,'IMSA');
CREATE TABLE `T_LOCALIDAD` (
	`_id`	INTEGER,
	`NOMBRE`	TEXT,
	`ID_PROVINCIA`	TEXT,
	`ID_DEPARTAMENTO`	TEXT,
	`CPA`	TEXT,
	PRIMARY KEY(_id)
);
INSERT INTO `T_LOCALIDAD` VALUES (1,'RESISTENCIA','4','1','3500');
INSERT INTO `T_LOCALIDAD` VALUES (2,'BARRANQUERAS','4','1','3503');
INSERT INTO `T_LOCALIDAD` VALUES (3,'BASAIL','4','1','3516');
INSERT INTO `T_LOCALIDAD` VALUES (4,'FONTANA','4','1','3514');
INSERT INTO `T_LOCALIDAD` VALUES (5,'PUERTO VILELAS','4','1','3503');
INSERT INTO `T_LOCALIDAD` VALUES (6,'PAMPA DEL INFIERNO','4','2','3708');
INSERT INTO `T_LOCALIDAD` VALUES (7,'CONCEPCION DEL BERMEJO','4','2','3708');
INSERT INTO `T_LOCALIDAD` VALUES (8,'LOS FRENTONES','4','2','3712');
INSERT INTO `T_LOCALIDAD` VALUES (9,'TACO POZO','4','2','3714');
INSERT INTO `T_LOCALIDAD` VALUES (10,'LA LEONESA','4','3','3518');
INSERT INTO `T_LOCALIDAD` VALUES (11,'GENERAL VEDIA','4','3','3522');
INSERT INTO `T_LOCALIDAD` VALUES (12,'ISLA DEL CERRITO','4','3','3505');
INSERT INTO `T_LOCALIDAD` VALUES (13,'LAS PALMAS','4','3','3518');
INSERT INTO `T_LOCALIDAD` VALUES (14,'PUERTO BERMEJO','4','3','3524');
INSERT INTO `T_LOCALIDAD` VALUES (15,'PUERTO EVA PERON','4','3','3526');
INSERT INTO `T_LOCALIDAD` VALUES (16,'CHARATA','4','4','3730');
INSERT INTO `T_LOCALIDAD` VALUES (17,'PRESIDENCIA ROQUE SAENZ PEÑA','4','5','3700');
INSERT INTO `T_LOCALIDAD` VALUES (18,'GENERAL PINEDO','4','6','3732');
INSERT INTO `T_LOCALIDAD` VALUES (19,'GANCEDO','4','6','3734');
INSERT INTO `T_LOCALIDAD` VALUES (20,'GENERAL CAPDEVILA','4','6','3732');
INSERT INTO `T_LOCALIDAD` VALUES (21,'HERMOSO CAMPO','4','6','3733');
INSERT INTO `T_LOCALIDAD` VALUES (22,'SANTA SYLVINA','4','8','3541');
INSERT INTO `T_LOCALIDAD` VALUES (23,'CHOROTIS','4','8','3733');
INSERT INTO `T_LOCALIDAD` VALUES (24,'CORZUELA','4','9','3718');
INSERT INTO `T_LOCALIDAD` VALUES (25,'MAKALLE','4','10','3514');
INSERT INTO `T_LOCALIDAD` VALUES (26,'LA ESCONDIDA','4','10','3514');
INSERT INTO `T_LOCALIDAD` VALUES (27,'LAPACHITO','4','10','3514');
INSERT INTO `T_LOCALIDAD` VALUES (28,'LA VERDE','4','10','3514');
INSERT INTO `T_LOCALIDAD` VALUES (29,'JUAN JOSE CASTELLI','4','11','3705');
INSERT INTO `T_LOCALIDAD` VALUES (30,'EL SAUZALITO','4','11','3705');
INSERT INTO `T_LOCALIDAD` VALUES (31,'FUERTE ESPERANZA','4','11','3705');
INSERT INTO `T_LOCALIDAD` VALUES (32,'MIRAFLORES','4','11','3705');
INSERT INTO `T_LOCALIDAD` VALUES (33,'MISION NUEVA POMPEYA','4','11','3705');
INSERT INTO `T_LOCALIDAD` VALUES (34,'VILLA RIO BERMEJITO','4','11','3703');
INSERT INTO `T_LOCALIDAD` VALUES (35,'CAMPO LARGO','4','12','3716');
INSERT INTO `T_LOCALIDAD` VALUES (36,'AVIA TERAI','4','12','3706');
INSERT INTO `T_LOCALIDAD` VALUES (37,'NAPENAY','4','12','3706');
INSERT INTO `T_LOCALIDAD` VALUES (38,'PUERTO TIROL','4','13','3505');
INSERT INTO `T_LOCALIDAD` VALUES (39,'COLONIA POPULAR','4','13','3505');
INSERT INTO `T_LOCALIDAD` VALUES (40,'LAGUNA BLANCA','4','13','3514');
INSERT INTO `T_LOCALIDAD` VALUES (41,'GENERAL JOSE DE SAN MARTIN','4','14','3509');
INSERT INTO `T_LOCALIDAD` VALUES (42,'CIERVO PETISO','4','14','3515');
INSERT INTO `T_LOCALIDAD` VALUES (43,'LA EDUVIGIS','4','14','3507');
INSERT INTO `T_LOCALIDAD` VALUES (44,'LAGUNA LIMPIA','4','14','3515');
INSERT INTO `T_LOCALIDAD` VALUES (45,'PAMPA ALMIRON','4','14','3507');
INSERT INTO `T_LOCALIDAD` VALUES (46,'PAMPA DEL INDIO','4','14','3531');
INSERT INTO `T_LOCALIDAD` VALUES (47,'PRESIDENCIA ROCA','4','14','3511');
INSERT INTO `T_LOCALIDAD` VALUES (48,'TRES ISLETAS','4','15','3703');
INSERT INTO `T_LOCALIDAD` VALUES (49,'VILLA ANGELA','4','16','3540');
INSERT INTO `T_LOCALIDAD` VALUES (50,'CORONEL DU GRATY','4','16','3541');
INSERT INTO `T_LOCALIDAD` VALUES (51,'ENRIQUE URIEN','4','16','3543');
INSERT INTO `T_LOCALIDAD` VALUES (52,'LAS BREÑAS','4','25','3722');
INSERT INTO `T_LOCALIDAD` VALUES (53,'SAN BERNARDO','4','17','3701');
INSERT INTO `T_LOCALIDAD` VALUES (54,'LA CLOTILDE','4','17','3701');
INSERT INTO `T_LOCALIDAD` VALUES (55,'LA TIGRA','4','17','3701');
INSERT INTO `T_LOCALIDAD` VALUES (56,'PRESIDENCIA DE LA PLAZA','4','18','3536');
INSERT INTO `T_LOCALIDAD` VALUES (57,'MARGARITA BELEN','4','19','3505');
INSERT INTO `T_LOCALIDAD` VALUES (58,'COLONIA BENITEZ','4','19','3505');
INSERT INTO `T_LOCALIDAD` VALUES (59,'QUITILIPI','4','20','3530');
INSERT INTO `T_LOCALIDAD` VALUES (60,'VILLA BERTHET','4','21','3545');
INSERT INTO `T_LOCALIDAD` VALUES (61,'SAMUHU','4','21','3543');
INSERT INTO `T_LOCALIDAD` VALUES (62,'COLONIA ELISA','4','22','3515');
INSERT INTO `T_LOCALIDAD` VALUES (63,'CAPITAN SOLARI','4','22','3515');
INSERT INTO `T_LOCALIDAD` VALUES (64,'COLONIAS UNIDAS','4','22','3515');
INSERT INTO `T_LOCALIDAD` VALUES (65,'LAS GARCITAS','4','22','3515');
INSERT INTO `T_LOCALIDAD` VALUES (66,'CHARADAI','4','23','3513');
INSERT INTO `T_LOCALIDAD` VALUES (67,'COTE LAI','4','23','3513');
INSERT INTO `T_LOCALIDAD` VALUES (68,'MACHAGAI','4','24','3534');
INSERT INTO `T_LOCALIDAD` VALUES (69,'BELLA VISTA','7','26','3432');
INSERT INTO `T_LOCALIDAD` VALUES (70,'BERON DE ASTRADA','7','27','3481');
INSERT INTO `T_LOCALIDAD` VALUES (71,'CORRIENTES','7','28','3400');
INSERT INTO `T_LOCALIDAD` VALUES (72,'CONCEPCION','7','29','3423');
INSERT INTO `T_LOCALIDAD` VALUES (73,'CURUZU CUATIA','7','30','3460');
INSERT INTO `T_LOCALIDAD` VALUES (74,'EMPEDRADO','7','31','3418');
INSERT INTO `T_LOCALIDAD` VALUES (75,'ESQUINA','7','32','3196');
INSERT INTO `T_LOCALIDAD` VALUES (76,'GENERAL ALVEAR','7','33','3344');
INSERT INTO `T_LOCALIDAD` VALUES (77,'GENERAL PAZ','7','34','3407');
INSERT INTO `T_LOCALIDAD` VALUES (78,'GOYA','7','35','3450');
INSERT INTO `T_LOCALIDAD` VALUES (79,'ITATI','7','36','3414');
INSERT INTO `T_LOCALIDAD` VALUES (80,'ITUZAINGO','7','37','3302');
INSERT INTO `T_LOCALIDAD` VALUES (81,'LAVALLE','7','38','3443');
INSERT INTO `T_LOCALIDAD` VALUES (82,'MBURUCUYA','7','39','3427');
INSERT INTO `T_LOCALIDAD` VALUES (83,'MERCEDES','7','40','3470');
INSERT INTO `T_LOCALIDAD` VALUES (84,'MONTE CASEROS','7','41','3220');
INSERT INTO `T_LOCALIDAD` VALUES (85,'PASO DE LOS LIBRES','7','42','3230');
INSERT INTO `T_LOCALIDAD` VALUES (86,'SALADAS','7','43','3420');
INSERT INTO `T_LOCALIDAD` VALUES (87,'SAN COSME','7','44','3412');
INSERT INTO `T_LOCALIDAD` VALUES (88,'SAN LUIS DEL PALMAR','7','45','3403');
INSERT INTO `T_LOCALIDAD` VALUES (89,'SAN MARTIN','7','46','3113');
INSERT INTO `T_LOCALIDAD` VALUES (90,'SAN MIGUEL','7','47','3485');
INSERT INTO `T_LOCALIDAD` VALUES (91,'SAN ROQUE','7','48','3448');
INSERT INTO `T_LOCALIDAD` VALUES (92,'SANTO TOME','7','49','3340');
INSERT INTO `T_LOCALIDAD` VALUES (93,'SAUCE','7','50','3463');
INSERT INTO `T_LOCALIDAD` VALUES (94,'FORMOSA','9','51','3600');
INSERT INTO `T_LOCALIDAD` VALUES (95,'SAN HILARIO','9','51','3604');
INSERT INTO `T_LOCALIDAD` VALUES (96,'GRAN GUARDIA','9','51','3604');
INSERT INTO `T_LOCALIDAD` VALUES (97,'COLONIA PASTORIL','9','51','3601');
INSERT INTO `T_LOCALIDAD` VALUES (98,'CLORINDA','9','52','3610');
INSERT INTO `T_LOCALIDAD` VALUES (99,'PUERTO PILCOMAYO','9','52','3611');
INSERT INTO `T_LOCALIDAD` VALUES (100,'LAGUNA BLANCA','9','52','3613');
INSERT INTO `T_LOCALIDAD` VALUES (101,'TTE. GRAL. SANCHEZ','9','52','3611');
INSERT INTO `T_LOCALIDAD` VALUES (102,'ESPINILLO','9','53','3615');
INSERT INTO `T_LOCALIDAD` VALUES (103,'MISION TACAAGLE','9','53','3615');
INSERT INTO `T_LOCALIDAD` VALUES (104,'BUENA VISTA','9','53','3615');
INSERT INTO `T_LOCALIDAD` VALUES (105,'PIRANE','9','54','3606');
INSERT INTO `T_LOCALIDAD` VALUES (106,'EL COLORADO','9','54','3603');
INSERT INTO `T_LOCALIDAD` VALUES (107,'COLONIA VILLAFAÑE','9','54','3601');
INSERT INTO `T_LOCALIDAD` VALUES (108,'PALO SANTO','9','54','3608');
INSERT INTO `T_LOCALIDAD` VALUES (109,'MISION SAN FRANCISCO DE LAISHI','9','55','3601');
INSERT INTO `T_LOCALIDAD` VALUES (110,'HERRADURA','9','55','3601');
INSERT INTO `T_LOCALIDAD` VALUES (111,'VILLA ESCOLAR','9','55','3526');
INSERT INTO `T_LOCALIDAD` VALUES (112,'GRAL. MOSCONI','9','56','3636');
INSERT INTO `T_LOCALIDAD` VALUES (113,'COMANDANTE FONTANA','9','57','3620');
INSERT INTO `T_LOCALIDAD` VALUES (114,'ESTANISLAO DEL CAMPO','9','57','3626');
INSERT INTO `T_LOCALIDAD` VALUES (115,'IBARRETA','9','57','3624');
INSERT INTO `T_LOCALIDAD` VALUES (116,'VILLA GRAL. GUEMES','9','57','3621');
INSERT INTO `T_LOCALIDAD` VALUES (117,'GRAL. BELGRANO','9','57','3615');
INSERT INTO `T_LOCALIDAD` VALUES (118,'INGENIERO JUAREZ','9','58','3636');
INSERT INTO `T_LOCALIDAD` VALUES (119,'LAGUNA YEMA','9','59','3634');
INSERT INTO `T_LOCALIDAD` VALUES (120,'DR. LUIS GASPERI','9','59','3636');
INSERT INTO `T_LOCALIDAD` VALUES (121,'ARMSTRONG','21','60','2508');
INSERT INTO `T_LOCALIDAD` VALUES (122,'LAS PAREJAS','21','60','2505');
INSERT INTO `T_LOCALIDAD` VALUES (123,'LAS ROSAS','21','60','2520');
INSERT INTO `T_LOCALIDAD` VALUES (124,'CASILDA','21','61','2170');
INSERT INTO `T_LOCALIDAD` VALUES (125,'FRONTERA','21','62','2438');
INSERT INTO `T_LOCALIDAD` VALUES (126,'RAFAELA','21','62','2300');
INSERT INTO `T_LOCALIDAD` VALUES (127,'SUNCHALES','21','62','2322');
INSERT INTO `T_LOCALIDAD` VALUES (128,'VILLA CONSTITUCION','21','63','2919');
INSERT INTO `T_LOCALIDAD` VALUES (129,'HELVECIA','21','64','3003');
INSERT INTO `T_LOCALIDAD` VALUES (130,'FIRMAT','21','65','2630');
INSERT INTO `T_LOCALIDAD` VALUES (131,'RUFINO','21','65','6100');
INSERT INTO `T_LOCALIDAD` VALUES (132,'VENADO TUERTO','21','65','2600');
INSERT INTO `T_LOCALIDAD` VALUES (133,'VILLA CAÑAS','21','65','2607');
INSERT INTO `T_LOCALIDAD` VALUES (134,'AVELLANEDA','21','66','3561');
INSERT INTO `T_LOCALIDAD` VALUES (135,'LAS TOSCAS','21','66','3586');
INSERT INTO `T_LOCALIDAD` VALUES (136,'MALABRIGO','21','66','3572');
INSERT INTO `T_LOCALIDAD` VALUES (137,'RECONQUISTA','21','66','3560');
INSERT INTO `T_LOCALIDAD` VALUES (138,'VILLA OCAMPO','21','66','3580');
INSERT INTO `T_LOCALIDAD` VALUES (139,'CAÑADA DE GOMEZ','21','67','2500');
INSERT INTO `T_LOCALIDAD` VALUES (140,'TOTORAS','21','67','2144');
INSERT INTO `T_LOCALIDAD` VALUES (141,'SANTA FE','21','68','3000');
INSERT INTO `T_LOCALIDAD` VALUES (142,'ESPERANZA','21','69','3080');
INSERT INTO `T_LOCALIDAD` VALUES (143,'SAN CARLOS CENTRO','21','69','3013');
INSERT INTO `T_LOCALIDAD` VALUES (144,'TOSTADO','21','70','3060');
INSERT INTO `T_LOCALIDAD` VALUES (145,'ROSARIO','21','71','2000');
INSERT INTO `T_LOCALIDAD` VALUES (146,'CERES','21','72','2340');
INSERT INTO `T_LOCALIDAD` VALUES (147,'SAN CRISTOBAL','21','72','3070');
INSERT INTO `T_LOCALIDAD` VALUES (148,'SAN JAVIER','21','73','3005');
INSERT INTO `T_LOCALIDAD` VALUES (149,'CORONDA','21','74','2240');
INSERT INTO `T_LOCALIDAD` VALUES (150,'GALVEZ','21','74','2252');
INSERT INTO `T_LOCALIDAD` VALUES (151,'SAN GENARO','21','74','2146');
INSERT INTO `T_LOCALIDAD` VALUES (152,'SAN JUSTO','21','75','3040');
INSERT INTO `T_LOCALIDAD` VALUES (153,'CAPITAN BERMUDEZ','21','76','2154');
INSERT INTO `T_LOCALIDAD` VALUES (154,'CARCARAÑA','21','76','2138');
INSERT INTO `T_LOCALIDAD` VALUES (155,'FRAY LUIS BELTRAN','21','76','2156');
INSERT INTO `T_LOCALIDAD` VALUES (156,'PUERTO GENERAL SAN MARTIN','21','76','2202');
INSERT INTO `T_LOCALIDAD` VALUES (157,'ROLDAN','21','76','2134');
INSERT INTO `T_LOCALIDAD` VALUES (158,'SAN LORENZO','21','76','2200');
INSERT INTO `T_LOCALIDAD` VALUES (159,'EL TREBOL','21','77','2535');
INSERT INTO `T_LOCALIDAD` VALUES (160,'SAN JORGE','21','77','2451');
INSERT INTO `T_LOCALIDAD` VALUES (161,'SASTRE','21','77','2440');
INSERT INTO `T_LOCALIDAD` VALUES (162,'CALCHAQUI','21','78','3050');
INSERT INTO `T_LOCALIDAD` VALUES (163,'VERA','21','78','3550');
INSERT INTO `T_LOCALIDAD` VALUES (164,'APOSTOLES','14','79','3350');
INSERT INTO `T_LOCALIDAD` VALUES (165,'AZARA','14','79','3351');
INSERT INTO `T_LOCALIDAD` VALUES (166,'SAN JOSE','14','79','3306');
INSERT INTO `T_LOCALIDAD` VALUES (167,'TRES CAPONES','14','79','3353');
INSERT INTO `T_LOCALIDAD` VALUES (168,'CAMPO GRANDE','14','80','3362');
INSERT INTO `T_LOCALIDAD` VALUES (169,'ARISTOBULO DEL VALLE','14','80','3364');
INSERT INTO `T_LOCALIDAD` VALUES (170,'DOS DE MAYO','14','80','3364');
INSERT INTO `T_LOCALIDAD` VALUES (171,'SANTA ANA','14','81','3316');
INSERT INTO `T_LOCALIDAD` VALUES (172,'CANDELARIA','14','81','3308');
INSERT INTO `T_LOCALIDAD` VALUES (173,'BONPLAND','14','81','3317');
INSERT INTO `T_LOCALIDAD` VALUES (174,'LORETO - CERRO CORA','14','81','3316');
INSERT INTO `T_LOCALIDAD` VALUES (175,'MARTIRES','14','81','3318');
INSERT INTO `T_LOCALIDAD` VALUES (176,'PROFUNDIDAD','14','81','3308');
INSERT INTO `T_LOCALIDAD` VALUES (177,'POSADAS','14','82','3300');
INSERT INTO `T_LOCALIDAD` VALUES (178,'GARUPA','14','82','3304');
INSERT INTO `T_LOCALIDAD` VALUES (179,'FACHINAL','14','82','3304');
INSERT INTO `T_LOCALIDAD` VALUES (180,'CONCEPCION DE LA SIERRA','14','83','3355');
INSERT INTO `T_LOCALIDAD` VALUES (181,'SANTA MARIA','14','83','3353');
INSERT INTO `T_LOCALIDAD` VALUES (182,'ELDORADO','14','84','3380');
INSERT INTO `T_LOCALIDAD` VALUES (183,'COLONIA DELICIA','14','84','3382');
INSERT INTO `T_LOCALIDAD` VALUES (184,'9 DE JULIO','14','84','3363');
INSERT INTO `T_LOCALIDAD` VALUES (185,'SANTIAGO DE LINIERS','14','84','3381');
INSERT INTO `T_LOCALIDAD` VALUES (186,'COLONIA VICTORIA','14','84','3382');
INSERT INTO `T_LOCALIDAD` VALUES (187,'BERNARDO DE IRIGOYEN','14','85','3366');
INSERT INTO `T_LOCALIDAD` VALUES (188,'COMANDANTE ANDRESITO','14','85','3366');
INSERT INTO `T_LOCALIDAD` VALUES (189,'SAN ANTONIO','14','85','3366');
INSERT INTO `T_LOCALIDAD` VALUES (190,'EL SOBERBIO','14','86','3364');
INSERT INTO `T_LOCALIDAD` VALUES (191,'SAN VICENTE','14','86','3364');
INSERT INTO `T_LOCALIDAD` VALUES (192,'PUERTO ESPERANZA','14','87','3378');
INSERT INTO `T_LOCALIDAD` VALUES (193,'PUERTO IGUAZU','14','87','3370');
INSERT INTO `T_LOCALIDAD` VALUES (194,'COLONIA WANDA','14','87','3376');
INSERT INTO `T_LOCALIDAD` VALUES (195,'PUERTO LIBERTAD','14','87','3370');
INSERT INTO `T_LOCALIDAD` VALUES (196,'LEANDRO N. ALEM','14','88','3315');
INSERT INTO `T_LOCALIDAD` VALUES (197,'CERRO AZUL','14','88','3313');
INSERT INTO `T_LOCALIDAD` VALUES (198,'DOS ARROYOS','14','88','3315');
INSERT INTO `T_LOCALIDAD` VALUES (199,'GOBERNADOR LOPEZ','14','88','3315');
INSERT INTO `T_LOCALIDAD` VALUES (200,'ARROYO DEL MEDIO','14','88','3313');
INSERT INTO `T_LOCALIDAD` VALUES (201,'OLEGARIO VICTOR ANDRADE','14','88','3311');
INSERT INTO `T_LOCALIDAD` VALUES (202,'CAA YARI','14','88','3315');
INSERT INTO `T_LOCALIDAD` VALUES (203,'ALMAFUERTE','14','88','3317');
INSERT INTO `T_LOCALIDAD` VALUES (204,'PUERTO RICO','14','89','3334');
INSERT INTO `T_LOCALIDAD` VALUES (205,'GARUHAPE','14','89','3334');
INSERT INTO `T_LOCALIDAD` VALUES (206,'CAPIOVI','14','89','3334');
INSERT INTO `T_LOCALIDAD` VALUES (207,'EL ALCAZAR','14','89','3384');
INSERT INTO `T_LOCALIDAD` VALUES (208,'PUERTO LEONI','14','89','3332');
INSERT INTO `T_LOCALIDAD` VALUES (209,'RUIZ DE MONTOYA','14','89','3334');
INSERT INTO `T_LOCALIDAD` VALUES (210,'MONTECARLO','14','90','3384');
INSERT INTO `T_LOCALIDAD` VALUES (211,'PUERTO PIRAY','14','90','3381');
INSERT INTO `T_LOCALIDAD` VALUES (212,'CARAGUATAY','14','90','3557');
INSERT INTO `T_LOCALIDAD` VALUES (213,'OBERA','14','91','3360');
INSERT INTO `T_LOCALIDAD` VALUES (214,'CAMPO RAMON','14','91','3361');
INSERT INTO `T_LOCALIDAD` VALUES (215,'CAMPO VIERA','14','91','3362');
INSERT INTO `T_LOCALIDAD` VALUES (216,'GUARANI','14','91','3361');
INSERT INTO `T_LOCALIDAD` VALUES (217,'LOS HELECHOS','14','91','3361');
INSERT INTO `T_LOCALIDAD` VALUES (218,'COLONIA ALBERDI','14','91','3361');
INSERT INTO `T_LOCALIDAD` VALUES (219,'PANAMBI','14','91','3361');
INSERT INTO `T_LOCALIDAD` VALUES (220,'SAN MARTIN','14','91','3360');
INSERT INTO `T_LOCALIDAD` VALUES (221,'GENERAL ALVEAR','14','91','3361');
INSERT INTO `T_LOCALIDAD` VALUES (222,'SAN IGNACIO','14','92','3322');
INSERT INTO `T_LOCALIDAD` VALUES (223,'JARDIN AMERICA','14','92','3328');
INSERT INTO `T_LOCALIDAD` VALUES (224,'SANTO PIPO','14','92','3326');
INSERT INTO `T_LOCALIDAD` VALUES (225,'CORPUS','14','92','3327');
INSERT INTO `T_LOCALIDAD` VALUES (226,'HIPOLITO YRIGOYEN','14','92','3328');
INSERT INTO `T_LOCALIDAD` VALUES (227,'GENERAL URQUIZA','14','92','5763');
INSERT INTO `T_LOCALIDAD` VALUES (228,'COLONIA POLANA','14','92','3326');
INSERT INTO `T_LOCALIDAD` VALUES (229,'GOBERNADOR ROCA','14','92','3324');
INSERT INTO `T_LOCALIDAD` VALUES (230,'SAN JAVIER','14','93','3357');
INSERT INTO `T_LOCALIDAD` VALUES (231,'ITACARUARE','14','93','3353');
INSERT INTO `T_LOCALIDAD` VALUES (232,'MOJON GRANDE','14','93','3315');
INSERT INTO `T_LOCALIDAD` VALUES (233,'FLORENTINO AMEGHINO','14','93','3361');
INSERT INTO `T_LOCALIDAD` VALUES (234,'SAN PEDRO','14','94','3364');
INSERT INTO `T_LOCALIDAD` VALUES (235,'ALBA POSSE','14','95','3363');
INSERT INTO `T_LOCALIDAD` VALUES (236,'COLONIA AURORA','14','95','3363');
INSERT INTO `T_LOCALIDAD` VALUES (237,'VEINTICINCO DE MAYO','14','95','3363');
INSERT INTO `T_LOCALIDAD` VALUES (238,'FERNANDO DE LA MORA','25',NULL,NULL);
INSERT INTO `T_LOCALIDAD` VALUES (239,'RIACHUELO','7','28','3416');
INSERT INTO `T_LOCALIDAD` VALUES (240,'SANTA ROSA','7','29','3421');
INSERT INTO `T_LOCALIDAD` VALUES (241,'TABAY','7','29','3421');
INSERT INTO `T_LOCALIDAD` VALUES (242,'TATACUA','7','29','3421');
INSERT INTO `T_LOCALIDAD` VALUES (243,'PERUGORRIA','7','30','3461');
INSERT INTO `T_LOCALIDAD` VALUES (244,'LIBERTADOR','7','32','3197');
INSERT INTO `T_LOCALIDAD` VALUES (245,'ESTACION TORRENT','7','33','3344');
INSERT INTO `T_LOCALIDAD` VALUES (246,'CAA CATI','7','34','3407');
INSERT INTO `T_LOCALIDAD` VALUES (247,'ITA IBATE','7','34','3480');
INSERT INTO `T_LOCALIDAD` VALUES (248,'LOMAS DE VALLEJOS','7','34','3405');
INSERT INTO `T_LOCALIDAD` VALUES (249,'PALMAR GRANDE','7','34','3405');
INSERT INTO `T_LOCALIDAD` VALUES (250,'COLONIA CAROLINA','7','35','3451');
INSERT INTO `T_LOCALIDAD` VALUES (251,'RAMADA PASO','7','36','3412');
INSERT INTO `T_LOCALIDAD` VALUES (252,'COLONIA LIEBIG''S','7','37','3358');
INSERT INTO `T_LOCALIDAD` VALUES (253,'SAN ANTONIO DE APIPE','7','37','3302');
INSERT INTO `T_LOCALIDAD` VALUES (254,'SAN CARLOS','7','37','3306');
INSERT INTO `T_LOCALIDAD` VALUES (255,'VILLA OLIVARI','7','37','3486');
INSERT INTO `T_LOCALIDAD` VALUES (256,'CRUZ DE LOS MILAGROS','7','38','3441');
INSERT INTO `T_LOCALIDAD` VALUES (257,'GOBERNADOR JUAN E. MARTINEZ','7','38','3445');
INSERT INTO `T_LOCALIDAD` VALUES (258,'SANTA LUCIA','7','38','3445');
INSERT INTO `T_LOCALIDAD` VALUES (259,'YATAYTI CALLE','7','38','3445');
INSERT INTO `T_LOCALIDAD` VALUES (260,'FELIPE YOFRE','7','40','3472');
INSERT INTO `T_LOCALIDAD` VALUES (261,'MARIANO I. LOZA','7','40','3476');
INSERT INTO `T_LOCALIDAD` VALUES (262,'COLONIA LIBERTAD','7','41','3224');
INSERT INTO `T_LOCALIDAD` VALUES (263,'JUAN PUJOL','7','41','3222');
INSERT INTO `T_LOCALIDAD` VALUES (264,'MOCORETA','7','41','3226');
INSERT INTO `T_LOCALIDAD` VALUES (265,'BONPLAND','7','42','3234');
INSERT INTO `T_LOCALIDAD` VALUES (266,'PARADA PUCHETA','7','42','3232');
INSERT INTO `T_LOCALIDAD` VALUES (267,'TAPEBICUA','7','42','3232');
INSERT INTO `T_LOCALIDAD` VALUES (268,'SAN LORENZO','7','43','3416');
INSERT INTO `T_LOCALIDAD` VALUES (269,'PASO DE LA PATRIA','7','44','3409');
INSERT INTO `T_LOCALIDAD` VALUES (270,'SANTA ANA','7','44','3401');
INSERT INTO `T_LOCALIDAD` VALUES (271,'HERLITZKA','7','45','3403');
INSERT INTO `T_LOCALIDAD` VALUES (272,'COLONIA CARLOS PELLEGRINI','7','46','3471');
INSERT INTO `T_LOCALIDAD` VALUES (273,'GUAVIRAVI','7','46','3232');
INSERT INTO `T_LOCALIDAD` VALUES (274,'LA CRUZ','7','46','3346');
INSERT INTO `T_LOCALIDAD` VALUES (275,'YAPEYU','7','46','3231');
INSERT INTO `T_LOCALIDAD` VALUES (276,'LORETO','7','47','3483');
INSERT INTO `T_LOCALIDAD` VALUES (277,'CHAVARRIA','7','48','3474');
INSERT INTO `T_LOCALIDAD` VALUES (278,'COLONIA PANDO','7','48','3449');
INSERT INTO `T_LOCALIDAD` VALUES (279,'NUEVE DE JULIO','7','48','3445');
INSERT INTO `T_LOCALIDAD` VALUES (280,'PEDRO R. FERNANDEZ','7','48','3446');
INSERT INTO `T_LOCALIDAD` VALUES (281,'GARRUCHOS','7','49','3351');
INSERT INTO `T_LOCALIDAD` VALUES (282,'GOBERNADOR VIRASORO','7','49','3342');
INSERT INTO `T_LOCALIDAD` VALUES (283,'JOSE RAFAEL GOMEZ','7','49','3340');
INSERT INTO `T_LOCALIDAD` VALUES (284,'LAGUNA NAICK NECK','9','52','3611');
INSERT INTO `T_LOCALIDAD` VALUES (285,'PALMA SOLA','9','52','3611');
INSERT INTO `T_LOCALIDAD` VALUES (286,'RIACHO HE-HE','9','52','3611');
INSERT INTO `T_LOCALIDAD` VALUES (287,'RIACHO NEGRO','9','52','3610');
INSERT INTO `T_LOCALIDAD` VALUES (288,'SIETE PALMAS','9','52','3613');
INSERT INTO `T_LOCALIDAD` VALUES (289,'PORTON NEGRO','9','53','3615');
INSERT INTO `T_LOCALIDAD` VALUES (290,'TRES LAGUNAS','9','53','3620');
INSERT INTO `T_LOCALIDAD` VALUES (291,'MAYOR VICENTE VILLAFAÑE','9','54','3601');
INSERT INTO `T_LOCALIDAD` VALUES (292,'VILLA DOS TRECE','9','54','3603');
INSERT INTO `T_LOCALIDAD` VALUES (293,'BANCO PAYAGUA','9','55','3601');
INSERT INTO `T_LOCALIDAD` VALUES (294,'GENERAL LUCIO V. MANSILLA','9','55','3526');
INSERT INTO `T_LOCALIDAD` VALUES (295,'TATANE','9','55','3601');
INSERT INTO `T_LOCALIDAD` VALUES (296,'EL POTRILLO','9','56','3636');
INSERT INTO `T_LOCALIDAD` VALUES (297,'LAS LOMITAS','9','57','3630');
INSERT INTO `T_LOCALIDAD` VALUES (298,'BARTOLOME DE LAS CASAS','9','57','3622');
INSERT INTO `T_LOCALIDAD` VALUES (299,'LAS LOMITAS','9','57','3630');
INSERT INTO `T_LOCALIDAD` VALUES (300,'COLONIA SARMIENTO','9','57','3621');
INSERT INTO `T_LOCALIDAD` VALUES (301,'EL RECREO','9','57','3626');
INSERT INTO `T_LOCALIDAD` VALUES (302,'FORTIN LEYES','9','57','3621');
INSERT INTO `T_LOCALIDAD` VALUES (303,'FORTIN LUGONES','9','57','3621');
INSERT INTO `T_LOCALIDAD` VALUES (304,'JUAN G. BAZAN','9','57','3632');
INSERT INTO `T_LOCALIDAD` VALUES (305,'LAS LOMITAS','9','57','3630');
INSERT INTO `T_LOCALIDAD` VALUES (306,'POSTA CAMBIO ZALAZAR','9','57','3632');
INSERT INTO `T_LOCALIDAD` VALUES (307,'POZO DEL TIGRE','9','57','3628');
INSERT INTO `T_LOCALIDAD` VALUES (308,'SAN MARTIN I','9','57','3630');
INSERT INTO `T_LOCALIDAD` VALUES (309,'SAN MARTIN II','9','57','3621');
INSERT INTO `T_LOCALIDAD` VALUES (310,'SUBTENIENTE PERIN','9','57','3624');
INSERT INTO `T_LOCALIDAD` VALUES (311,'LOS CHIRIGUANOS','9','59','3632');
INSERT INTO `T_LOCALIDAD` VALUES (312,'POZO DE MAZA','9','59','3634');
INSERT INTO `T_LOCALIDAD` VALUES (313,'POZO DEL MORTERO','9','59','3632');
INSERT INTO `T_LOCALIDAD` VALUES (314,'BOUQUET','21','60','2523');
INSERT INTO `T_LOCALIDAD` VALUES (315,'MONTES DE OCA','21','60','2521');
INSERT INTO `T_LOCALIDAD` VALUES (316,'TORTUGAS','21','60','2512');
INSERT INTO `T_LOCALIDAD` VALUES (317,'AREQUITO','21','61','2183');
INSERT INTO `T_LOCALIDAD` VALUES (318,'ARTEAGA','21','61','2187');
INSERT INTO `T_LOCALIDAD` VALUES (319,'BERABEVU','21','61','2639');
INSERT INTO `T_LOCALIDAD` VALUES (320,'BIGAND','21','61','2177');
INSERT INTO `T_LOCALIDAD` VALUES (321,'CHABAS','21','61','2173');
INSERT INTO `T_LOCALIDAD` VALUES (322,'CHAÑAR LADEADO','21','61','2643');
INSERT INTO `T_LOCALIDAD` VALUES (323,'GÖDEKEN','21','61','2639');
INSERT INTO `T_LOCALIDAD` VALUES (324,'LOS MOLINOS','21','61','2181');
INSERT INTO `T_LOCALIDAD` VALUES (325,'LOS QUIRQUINCHOS','21','61','2637');
INSERT INTO `T_LOCALIDAD` VALUES (326,'SAN JOSE DE LA ESQUINA','21','61','2185');
INSERT INTO `T_LOCALIDAD` VALUES (327,'SANFORD','21','61','2173');
INSERT INTO `T_LOCALIDAD` VALUES (328,'VILLADA','21','61','2173');
INSERT INTO `T_LOCALIDAD` VALUES (329,'COLONIA ALDAO','21','62','2317');
INSERT INTO `T_LOCALIDAD` VALUES (330,'ANGELICA','21','62','2303');
INSERT INTO `T_LOCALIDAD` VALUES (331,'ATALIVA','21','62','2307');
INSERT INTO `T_LOCALIDAD` VALUES (332,'AURELIA','21','62','2318');
INSERT INTO `T_LOCALIDAD` VALUES (333,'BAUER Y SIGEL','21','62','2403');
INSERT INTO `T_LOCALIDAD` VALUES (334,'BELLA ITALIA','21','62','2301');
INSERT INTO `T_LOCALIDAD` VALUES (335,'CASTELLANOS','21','62','2301');
INSERT INTO `T_LOCALIDAD` VALUES (336,'COLONIA BICHA','21','62','2317');
INSERT INTO `T_LOCALIDAD` VALUES (337,'COLONIA BIGAND','21','62','2317');
INSERT INTO `T_LOCALIDAD` VALUES (338,'COLONIA CELLO','21','62','2405');
INSERT INTO `T_LOCALIDAD` VALUES (339,'ITURRASPE','21','60','2521');
INSERT INTO `T_LOCALIDAD` VALUES (340,'COLONIA MARGARITA','21','62','2443');
INSERT INTO `T_LOCALIDAD` VALUES (341,'COLONIA RAQUEL','21','62','2322');
INSERT INTO `T_LOCALIDAD` VALUES (342,'CORONEL FRAGA','21','62','2301');
INSERT INTO `T_LOCALIDAD` VALUES (343,'EGUSQUIZA','21','62','2301');
INSERT INTO `T_LOCALIDAD` VALUES (344,'ESMERALDA','21','62','2456');
INSERT INTO `T_LOCALIDAD` VALUES (345,'ESTACION CLUCELLAS','21','62','2407');
INSERT INTO `T_LOCALIDAD` VALUES (346,'EUSEBIA Y CAROLINA','21','62','2317');
INSERT INTO `T_LOCALIDAD` VALUES (347,'EUSTOLIA','21','62','2407');
INSERT INTO `T_LOCALIDAD` VALUES (348,'FIDELA','21','62','2301');
INSERT INTO `T_LOCALIDAD` VALUES (349,'GALISTEO','21','62','2307');
INSERT INTO `T_LOCALIDAD` VALUES (350,'GARIBALDI','21','62','2443');
INSERT INTO `T_LOCALIDAD` VALUES (351,'HUGENTOBLER','21','62','2317');
INSERT INTO `T_LOCALIDAD` VALUES (352,'HUMBERTO PRIMERO','21','62','2309');
INSERT INTO `T_LOCALIDAD` VALUES (353,'JOSEFINA','21','62','2403');
INSERT INTO `T_LOCALIDAD` VALUES (354,'LEHMANN','21','62','2305');
INSERT INTO `T_LOCALIDAD` VALUES (355,'MARIA JUANA','21','62','2445');
INSERT INTO `T_LOCALIDAD` VALUES (356,'MAUA','21','62','2311');
INSERT INTO `T_LOCALIDAD` VALUES (357,'PLAZA CLUCELLAS','21','62','2407');
INSERT INTO `T_LOCALIDAD` VALUES (358,'PRESIDENTE ROCA','21','62','2301');
INSERT INTO `T_LOCALIDAD` VALUES (359,'PUEBLO MARINI','21','62','2301');
INSERT INTO `T_LOCALIDAD` VALUES (360,'RAMONA','21','62','2301');
INSERT INTO `T_LOCALIDAD` VALUES (361,'SAGUIER','21','62','2301');
INSERT INTO `T_LOCALIDAD` VALUES (362,'SAN ANTONIO','21','62','2301');
INSERT INTO `T_LOCALIDAD` VALUES (363,'SAN VICENTE','21','62','2447');
INSERT INTO `T_LOCALIDAD` VALUES (364,'SANTA CLARA DE SAGUIER','21','62','2405');
INSERT INTO `T_LOCALIDAD` VALUES (365,'SUSANA','21','62','2301');
INSERT INTO `T_LOCALIDAD` VALUES (366,'TACURAL','21','62','2324');
INSERT INTO `T_LOCALIDAD` VALUES (367,'TACURALES','21','62','2324');
INSERT INTO `T_LOCALIDAD` VALUES (368,'VILA','21','62','2301');
INSERT INTO `T_LOCALIDAD` VALUES (369,'VILLA SAN JOSE','21','62','2301');
INSERT INTO `T_LOCALIDAD` VALUES (370,'VIRGINIA','21','62','2311');
INSERT INTO `T_LOCALIDAD` VALUES (371,'ZENON PEREYRA','21','62','2409');
INSERT INTO `T_LOCALIDAD` VALUES (372,'ALCORTA','21','63','2117');
INSERT INTO `T_LOCALIDAD` VALUES (373,'BOMBAL','21','63','2179');
INSERT INTO `T_LOCALIDAD` VALUES (374,'CAÑADA RICA','21','63','2105');
INSERT INTO `T_LOCALIDAD` VALUES (375,'CEPEDA','21','63','2105');
INSERT INTO `T_LOCALIDAD` VALUES (376,'EMPALME VILLA CONSTITUCION','21','63','2918');
INSERT INTO `T_LOCALIDAD` VALUES (377,'GENERAL GELLY','21','63','2701');
INSERT INTO `T_LOCALIDAD` VALUES (378,'GODOY','21','63','2921');
INSERT INTO `T_LOCALIDAD` VALUES (379,'JUAN BERNABE MOLINA','21','63','2103');
INSERT INTO `T_LOCALIDAD` VALUES (380,'JUNCAL','21','63','2723');
INSERT INTO `T_LOCALIDAD` VALUES (381,'LA VANGUARDIA','21','63','2105');
INSERT INTO `T_LOCALIDAD` VALUES (382,'MAXIMO PAZ','21','63','2115');
INSERT INTO `T_LOCALIDAD` VALUES (383,'PAVON','21','63','2918');
INSERT INTO `T_LOCALIDAD` VALUES (384,'PAVON ARRIBA','21','63','2109');
INSERT INTO `T_LOCALIDAD` VALUES (385,'PEYRANO','21','63','2113');
INSERT INTO `T_LOCALIDAD` VALUES (386,'RUEDA','21','63','2921');
INSERT INTO `T_LOCALIDAD` VALUES (387,'SANTA TERESA','21','63','2111');
INSERT INTO `T_LOCALIDAD` VALUES (388,'SARGENTO CABRAL','21','63','2105');
INSERT INTO `T_LOCALIDAD` VALUES (389,'THEOBALD','21','63','2918');
INSERT INTO `T_LOCALIDAD` VALUES (390,'CAYASTA','21','64','3001');
INSERT INTO `T_LOCALIDAD` VALUES (391,'COLONIA MASCIAS','21','64','3001');
INSERT INTO `T_LOCALIDAD` VALUES (392,'SALADERO MARIANO CABAL','21','64','3001');
INSERT INTO `T_LOCALIDAD` VALUES (393,'SANTA ROSA DE CALCHINES','21','64','3001');
INSERT INTO `T_LOCALIDAD` VALUES (394,'AARON CASTELLANOS','21','65','6106');
INSERT INTO `T_LOCALIDAD` VALUES (395,'AMENABAR','21','65','6103');
INSERT INTO `T_LOCALIDAD` VALUES (396,'CAFFERATA','21','65','2643');
INSERT INTO `T_LOCALIDAD` VALUES (397,'CAÑADA DEL UCLE','21','65','2635');
INSERT INTO `T_LOCALIDAD` VALUES (398,'CARMEN','21','65','2618');
INSERT INTO `T_LOCALIDAD` VALUES (399,'CARRERAS','21','65','2729');
INSERT INTO `T_LOCALIDAD` VALUES (400,'CHAPUY','21','65','2603');
INSERT INTO `T_LOCALIDAD` VALUES (401,'CHOVET','21','65','2633');
INSERT INTO `T_LOCALIDAD` VALUES (402,'CHRISTOPHERSEN','21','65','6039');
INSERT INTO `T_LOCALIDAD` VALUES (403,'DIEGO DE ALVEAR','21','65','6036');
INSERT INTO `T_LOCALIDAD` VALUES (404,'ELORTONDO','21','65','2732');
INSERT INTO `T_LOCALIDAD` VALUES (405,'HUGHES','21','65','2725');
INSERT INTO `T_LOCALIDAD` VALUES (406,'LA CHISPA','21','65','2601');
INSERT INTO `T_LOCALIDAD` VALUES (407,'LABORDEBOY','21','65','2726');
INSERT INTO `T_LOCALIDAD` VALUES (408,'LAZZARINO','21','65','6103');
INSERT INTO `T_LOCALIDAD` VALUES (409,'MAGGIOLO','21','65','2622');
INSERT INTO `T_LOCALIDAD` VALUES (410,'MARIA TERESA','21','65','2609');
INSERT INTO `T_LOCALIDAD` VALUES (411,'MELINCUE','21','65','2728');
INSERT INTO `T_LOCALIDAD` VALUES (412,'MIGUEL TORRES','21','65','2631');
INSERT INTO `T_LOCALIDAD` VALUES (413,'MURPHY','21','65','2601');
INSERT INTO `T_LOCALIDAD` VALUES (414,'SAN EDUARDO','21','65','2615');
INSERT INTO `T_LOCALIDAD` VALUES (415,'SAN FRANCISCO DE SANTA FE','21','65','2601');
INSERT INTO `T_LOCALIDAD` VALUES (416,'SAN GREGORIO','21','65','2613');
INSERT INTO `T_LOCALIDAD` VALUES (417,'SANCTI SPIRITU','21','65','2617');
INSERT INTO `T_LOCALIDAD` VALUES (418,'SANTA ISABEL','21','65','2605');
INSERT INTO `T_LOCALIDAD` VALUES (419,'TEODELINA','21','65','6009');
INSERT INTO `T_LOCALIDAD` VALUES (420,'WHEELWRIGHT','21','65','2722');
INSERT INTO `T_LOCALIDAD` VALUES (421,'ARROYO CEIBAL','21','66','3575');
INSERT INTO `T_LOCALIDAD` VALUES (422,'BERNA','21','66','3569');
INSERT INTO `T_LOCALIDAD` VALUES (423,'EL ARAZA','21','66','3563');
INSERT INTO `T_LOCALIDAD` VALUES (424,'EL RABON','21','66','3592');
INSERT INTO `T_LOCALIDAD` VALUES (425,'EL SOMBRERITO','21','66','3585');
INSERT INTO `T_LOCALIDAD` VALUES (426,'FLORENCIA','21','66','3516');
INSERT INTO `T_LOCALIDAD` VALUES (427,'GUADALUPE NORTE','21','66','3574');
INSERT INTO `T_LOCALIDAD` VALUES (428,'INGENIERO CHANOURDIE','21','66','3575');
INSERT INTO `T_LOCALIDAD` VALUES (429,'LA SARITA','21','66','3563');
INSERT INTO `T_LOCALIDAD` VALUES (430,'LANTERI','21','66','3575');
INSERT INTO `T_LOCALIDAD` VALUES (431,'LAS GARZAS','21','66','3574');
INSERT INTO `T_LOCALIDAD` VALUES (432,'LOS LAURELES','21','66','3567');
INSERT INTO `T_LOCALIDAD` VALUES (433,'NICANOR MOLINAS','21','66','3563');
INSERT INTO `T_LOCALIDAD` VALUES (434,'SAN ANTONIO DE OBLIGADO','21','66','3587');
INSERT INTO `T_LOCALIDAD` VALUES (435,'TACUARENDI','21','66','3587');
INSERT INTO `T_LOCALIDAD` VALUES (436,'VILLA ANA','21','66','3583');
INSERT INTO `T_LOCALIDAD` VALUES (437,'VILLA GUILLERMINA','21','66','3589');
INSERT INTO `T_LOCALIDAD` VALUES (438,'BUSTINZA','21','67','2501');
INSERT INTO `T_LOCALIDAD` VALUES (439,'CLARKE','21','67','2218');
INSERT INTO `T_LOCALIDAD` VALUES (440,'CLASON','21','67','2146');
INSERT INTO `T_LOCALIDAD` VALUES (441,'CORREA','21','67','2506');
INSERT INTO `T_LOCALIDAD` VALUES (442,'LUCIO V. LOPEZ','21','67','2142');
INSERT INTO `T_LOCALIDAD` VALUES (443,'OLIVEROS','21','67','2206');
INSERT INTO `T_LOCALIDAD` VALUES (444,'ANDINO','21','67','2214');
INSERT INTO `T_LOCALIDAD` VALUES (445,'SALTO GRANDE','21','67','2142');
INSERT INTO `T_LOCALIDAD` VALUES (446,'SERODINO','21','67','2216');
INSERT INTO `T_LOCALIDAD` VALUES (447,'VILLA ELOISA','21','67','2503');
INSERT INTO `T_LOCALIDAD` VALUES (448,'ALTO VERDE','21','68','3001');
INSERT INTO `T_LOCALIDAD` VALUES (449,'ANGEL GALLARDO','21','68','3014');
INSERT INTO `T_LOCALIDAD` VALUES (450,'AROMOS','21','68','3036');
INSERT INTO `T_LOCALIDAD` VALUES (451,'ARROYO AGUIAR','21','68','3014');
INSERT INTO `T_LOCALIDAD` VALUES (452,'ARROYO LEYES','21','68','3001');
INSERT INTO `T_LOCALIDAD` VALUES (453,'ASCOCHINGA','21','68','3014');
INSERT INTO `T_LOCALIDAD` VALUES (454,'BARRIO LA GUARDIA','21','68','3001');
INSERT INTO `T_LOCALIDAD` VALUES (455,'CABAL','21','68','3036');
INSERT INTO `T_LOCALIDAD` VALUES (456,'CAMPO ANDINO','21','68','3021');
INSERT INTO `T_LOCALIDAD` VALUES (457,'CANDIOTI','21','68','3018');
INSERT INTO `T_LOCALIDAD` VALUES (458,'COLASTINE','21','68','3001');
INSERT INTO `T_LOCALIDAD` VALUES (459,'EMILIA','21','68','3036');
INSERT INTO `T_LOCALIDAD` VALUES (460,'IRIONDO','21','68','3018');
INSERT INTO `T_LOCALIDAD` VALUES (461,'LAGUNA PAIVA','21','68','3020');
INSERT INTO `T_LOCALIDAD` VALUES (462,'LASSAGA','21','68','3036');
INSERT INTO `T_LOCALIDAD` VALUES (463,'LLAMBI CAMPBELL','21','68','3036');
INSERT INTO `T_LOCALIDAD` VALUES (464,'MANUCHO','21','68','3023');
INSERT INTO `T_LOCALIDAD` VALUES (465,'MONTE VERA','21','68','3014');
INSERT INTO `T_LOCALIDAD` VALUES (466,'NELSON','21','68','3032');
INSERT INTO `T_LOCALIDAD` VALUES (467,'PARAJE CHACO CHICO','21','68','3014');
INSERT INTO `T_LOCALIDAD` VALUES (468,'PARAJE LA COSTA','21','68','2170');
INSERT INTO `T_LOCALIDAD` VALUES (469,'RECREO','21','68','3018');
INSERT INTO `T_LOCALIDAD` VALUES (470,'RINCON POTREROS','21','68','3001');
INSERT INTO `T_LOCALIDAD` VALUES (471,'SAN JOSE DEL RINCON','21','68','3001');
INSERT INTO `T_LOCALIDAD` VALUES (472,'SANTO TOME','21','68','3016');
INSERT INTO `T_LOCALIDAD` VALUES (473,'SAUCE VIEJO','21','68','3017');
INSERT INTO `T_LOCALIDAD` VALUES (474,'VILLA LAURA','21','68','3014');
INSERT INTO `T_LOCALIDAD` VALUES (475,'COLONIA CAVOUR','21','69','3081');
INSERT INTO `T_LOCALIDAD` VALUES (476,'COLONIA SAN JOSE','21','69','3440');
INSERT INTO `T_LOCALIDAD` VALUES (477,'CULULU','21','69','3023');
INSERT INTO `T_LOCALIDAD` VALUES (478,'ELISA','21','69','3029');
INSERT INTO `T_LOCALIDAD` VALUES (479,'EMPALME SAN CARLOS','21','69','3007');
INSERT INTO `T_LOCALIDAD` VALUES (480,'FELICIA','21','69','3087');
INSERT INTO `T_LOCALIDAD` VALUES (481,'FRANCK','21','69','3009');
INSERT INTO `T_LOCALIDAD` VALUES (482,'GRUTLY','21','69','3083');
INSERT INTO `T_LOCALIDAD` VALUES (483,'HIPATIA','21','69','3023');
INSERT INTO `T_LOCALIDAD` VALUES (484,'HUMBOLDT','21','69','3081');
INSERT INTO `T_LOCALIDAD` VALUES (485,'ITUZAINGO','21','69','2311');
INSERT INTO `T_LOCALIDAD` VALUES (486,'JACINTO L. ARAUZ','21','69','3029');
INSERT INTO `T_LOCALIDAD` VALUES (487,'LA PELADA','21','69','3027');
INSERT INTO `T_LOCALIDAD` VALUES (488,'LAS TUNAS','21','69','3009');
INSERT INTO `T_LOCALIDAD` VALUES (489,'MARIA LUISA','21','69','3025');
INSERT INTO `T_LOCALIDAD` VALUES (490,'MATILDE','21','69','3013');
INSERT INTO `T_LOCALIDAD` VALUES (491,'NUEVO TORINO','21','69','3087');
INSERT INTO `T_LOCALIDAD` VALUES (492,'PILAR','21','69','3085');
INSERT INTO `T_LOCALIDAD` VALUES (493,'PROGRESO','21','69','3023');
INSERT INTO `T_LOCALIDAD` VALUES (494,'PROVIDENCIA','21','69','3025');
INSERT INTO `T_LOCALIDAD` VALUES (495,'PUJATO NORTE','21','69','3080');
INSERT INTO `T_LOCALIDAD` VALUES (496,'RIVADAVIA','21','69','3081');
INSERT INTO `T_LOCALIDAD` VALUES (497,'SA PEREIRA','21','69','3011');
INSERT INTO `T_LOCALIDAD` VALUES (498,'SAN AGUSTIN','21','69','3017');
INSERT INTO `T_LOCALIDAD` VALUES (499,'SAN CARLOS NORTE','21','69','3009');
INSERT INTO `T_LOCALIDAD` VALUES (500,'SAN CARLOS SUD','21','69','3013');
INSERT INTO `T_LOCALIDAD` VALUES (501,'SAN JERONIMO DEL SAUCE','21','69','3009');
INSERT INTO `T_LOCALIDAD` VALUES (502,'SAN JERONIMO NORTE','21','69','3011');
INSERT INTO `T_LOCALIDAD` VALUES (503,'SAN MARIANO','21','69','3011');
INSERT INTO `T_LOCALIDAD` VALUES (504,'SANTA CLARA DE BUENA VISTA','21','69','2258');
INSERT INTO `T_LOCALIDAD` VALUES (505,'SANTA MARIA CENTRO','21','69','3011');
INSERT INTO `T_LOCALIDAD` VALUES (506,'SANTA MARIA NORTE','21','69','3011');
INSERT INTO `T_LOCALIDAD` VALUES (507,'SANTO DOMINGO','21','69','3025');
INSERT INTO `T_LOCALIDAD` VALUES (508,'SARMIENTO','21','69','3023');
INSERT INTO `T_LOCALIDAD` VALUES (509,'SOUTOMAYOR','21','69','3025');
INSERT INTO `T_LOCALIDAD` VALUES (510,'ESTEBAN RAMS','21','70','3066');
INSERT INTO `T_LOCALIDAD` VALUES (511,'GATO COLORADO','21','70','3541');
INSERT INTO `T_LOCALIDAD` VALUES (512,'GREGORIA PEREZ DE DENIS','21','70','3061');
INSERT INTO `T_LOCALIDAD` VALUES (513,'JUAN DE GARAY','21','70','3066');
INSERT INTO `T_LOCALIDAD` VALUES (514,'LOGROÑO','21','70','3066');
INSERT INTO `T_LOCALIDAD` VALUES (515,'MONTEFIORE','21','70','2341');
INSERT INTO `T_LOCALIDAD` VALUES (516,'POZO BORRADO','21','70','3061');
INSERT INTO `T_LOCALIDAD` VALUES (517,'SAN BERNARDO','21','70','3061');
INSERT INTO `T_LOCALIDAD` VALUES (518,'SANTA MARGARITA','21','70','3061');
INSERT INTO `T_LOCALIDAD` VALUES (519,'VILLA MINETTI','21','70','3061');
INSERT INTO `T_LOCALIDAD` VALUES (520,'ACEBAL','21','71','2109');
INSERT INTO `T_LOCALIDAD` VALUES (521,'ALBARELLOS','21','71','2101');
INSERT INTO `T_LOCALIDAD` VALUES (522,'ALVAREZ','21','71','2107');
INSERT INTO `T_LOCALIDAD` VALUES (523,'ALVEAR','21','71','2126');
INSERT INTO `T_LOCALIDAD` VALUES (524,'ARMINDA','21','71','2119');
INSERT INTO `T_LOCALIDAD` VALUES (525,'ARROYO SECO','21','71','2128');
INSERT INTO `T_LOCALIDAD` VALUES (526,'CARMEN DEL SAUCE','21','71','2109');
INSERT INTO `T_LOCALIDAD` VALUES (527,'CORONEL BOGADO','21','71','2103');
INSERT INTO `T_LOCALIDAD` VALUES (528,'CORONEL RODOLFO S. DOMINGUEZ','21','71','2105');
INSERT INTO `T_LOCALIDAD` VALUES (529,'FIGHIERA','21','71','2126');
INSERT INTO `T_LOCALIDAD` VALUES (530,'FUNES','21','71','2132');
INSERT INTO `T_LOCALIDAD` VALUES (531,'GENERAL LAGOS','21','71','2126');
INSERT INTO `T_LOCALIDAD` VALUES (532,'GRANADERO BAIGORRIA','21','71','2152');
INSERT INTO `T_LOCALIDAD` VALUES (533,'IBARLUCEA','21','71','2142');
INSERT INTO `T_LOCALIDAD` VALUES (534,'PEREZ','21','71','2121');
INSERT INTO `T_LOCALIDAD` VALUES (535,'PIÑERO','21','71','2119');
INSERT INTO `T_LOCALIDAD` VALUES (536,'PUEBLO ESTHER','21','71','2126');
INSERT INTO `T_LOCALIDAD` VALUES (537,'PUEBLO MUÑOZ','21','71','2119');
INSERT INTO `T_LOCALIDAD` VALUES (538,'URANGA','21','71','2105');
INSERT INTO `T_LOCALIDAD` VALUES (539,'SOLDINI','21','71','2107');
INSERT INTO `T_LOCALIDAD` VALUES (540,'VILLA AMELIA','21','71','2101');
INSERT INTO `T_LOCALIDAD` VALUES (541,'VILLA GOBERNADOR GALVEZ','21','71','2124');
INSERT INTO `T_LOCALIDAD` VALUES (542,'ZAVALLA','21','71','2123');
INSERT INTO `T_LOCALIDAD` VALUES (543,'AGUARA GRANDE','21','72','3071');
INSERT INTO `T_LOCALIDAD` VALUES (544,'AMBROSETTI','21','72','2352');
INSERT INTO `T_LOCALIDAD` VALUES (545,'ARRUFO','21','72','2344');
INSERT INTO `T_LOCALIDAD` VALUES (546,'CAPIVARA','21','72','2311');
INSERT INTO `T_LOCALIDAD` VALUES (547,'COLONIA ANA','21','72','2345');
INSERT INTO `T_LOCALIDAD` VALUES (548,'COLONIA BOSSI','21','72','2326');
INSERT INTO `T_LOCALIDAD` VALUES (549,'COLONIA CLARA','21','72','3025');
INSERT INTO `T_LOCALIDAD` VALUES (550,'COLONIA DOS ROSAS Y LA LEGUA','21','72','2349');
INSERT INTO `T_LOCALIDAD` VALUES (551,'COLONIA ROSA','21','72','2347');
INSERT INTO `T_LOCALIDAD` VALUES (552,'CONSTANZA','21','72','2311');
INSERT INTO `T_LOCALIDAD` VALUES (553,'CURUPAITY','21','72','2342');
INSERT INTO `T_LOCALIDAD` VALUES (554,'HERSILIA','21','72','2352');
INSERT INTO `T_LOCALIDAD` VALUES (555,'HUANQUEROS','21','72','3076');
INSERT INTO `T_LOCALIDAD` VALUES (556,'LA CABRAL','21','72','3074');
INSERT INTO `T_LOCALIDAD` VALUES (557,'LA LUCILA','21','72','3072');
INSERT INTO `T_LOCALIDAD` VALUES (558,'LA RUBIA','21','72','2342');
INSERT INTO `T_LOCALIDAD` VALUES (559,'LAS AVISPAS','21','72','3074');
INSERT INTO `T_LOCALIDAD` VALUES (560,'LAS PALMERAS','21','72','2326');
INSERT INTO `T_LOCALIDAD` VALUES (561,'MOISES VILLE','21','72','2313');
INSERT INTO `T_LOCALIDAD` VALUES (562,'MONIGOTES','21','72','2342');
INSERT INTO `T_LOCALIDAD` VALUES (563,'MONTE OSCURIDAD','21','72','2349');
INSERT INTO `T_LOCALIDAD` VALUES (564,'ÑANDUCITA','21','72','3072');
INSERT INTO `T_LOCALIDAD` VALUES (565,'PALACIOS','21','72','2326');
INSERT INTO `T_LOCALIDAD` VALUES (566,'PORTUGALETE','21','72','3071');
INSERT INTO `T_LOCALIDAD` VALUES (567,'SANTURCE','21','72','3074');
INSERT INTO `T_LOCALIDAD` VALUES (568,'SOLEDAD','21','72','3025');
INSERT INTO `T_LOCALIDAD` VALUES (569,'SUARDI','21','72','2349');
INSERT INTO `T_LOCALIDAD` VALUES (570,'VILLA SARALEGUI','21','72','3046');
INSERT INTO `T_LOCALIDAD` VALUES (571,'VILLA TRINIDAD','21','72','2345');
INSERT INTO `T_LOCALIDAD` VALUES (572,'ALEJANDRA','21','73','3051');
INSERT INTO `T_LOCALIDAD` VALUES (573,'CACIQUE ARIACAIQUIN','21','73','3041');
INSERT INTO `T_LOCALIDAD` VALUES (574,'COLONIA DURAN','21','73','3553');
INSERT INTO `T_LOCALIDAD` VALUES (575,'LA BRAVA','21','73','3045');
INSERT INTO `T_LOCALIDAD` VALUES (576,'ROMANG','21','73','3555');
INSERT INTO `T_LOCALIDAD` VALUES (577,'AROCENA','21','74','2242');
INSERT INTO `T_LOCALIDAD` VALUES (578,'BARRANCAS','21','74','2246');
INSERT INTO `T_LOCALIDAD` VALUES (579,'BERNARDO DE IRIGOYEN','21','74','2248');
INSERT INTO `T_LOCALIDAD` VALUES (580,'CAMPO PIAGGIO','21','74','2252');
INSERT INTO `T_LOCALIDAD` VALUES (581,'CASALEGNO','21','74','2248');
INSERT INTO `T_LOCALIDAD` VALUES (582,'CENTENO','21','74','2148');
INSERT INTO `T_LOCALIDAD` VALUES (583,'DESVIO ARIJON','21','74','2242');
INSERT INTO `T_LOCALIDAD` VALUES (584,'DIAZ','21','74','2222');
INSERT INTO `T_LOCALIDAD` VALUES (585,'GABOTO','21','74','2208');
INSERT INTO `T_LOCALIDAD` VALUES (586,'GESSLER','21','74','2253');
INSERT INTO `T_LOCALIDAD` VALUES (587,'LARRECHEA','21','74','2241');
INSERT INTO `T_LOCALIDAD` VALUES (588,'LOMA ALTA','21','74','2253');
INSERT INTO `T_LOCALIDAD` VALUES (589,'LOPEZ','21','74','2255');
INSERT INTO `T_LOCALIDAD` VALUES (590,'MACIEL','21','74','2208');
INSERT INTO `T_LOCALIDAD` VALUES (591,'MONJE','21','74','2212');
INSERT INTO `T_LOCALIDAD` VALUES (592,'PUEBLO IRIGOYEN','21','74','2248');
INSERT INTO `T_LOCALIDAD` VALUES (593,'SAN EUGENIO','21','74','2253');
INSERT INTO `T_LOCALIDAD` VALUES (594,'SAN FABIAN','21','74','2242');
INSERT INTO `T_LOCALIDAD` VALUES (595,'ANGELONI','21','75','3048');
INSERT INTO `T_LOCALIDAD` VALUES (596,'CAYASTACITO','21','75','3038');
INSERT INTO `T_LOCALIDAD` VALUES (597,'COLONIA DOLORES','21','75','3045');
INSERT INTO `T_LOCALIDAD` VALUES (598,'ESTHER','21','75','3036');
INSERT INTO `T_LOCALIDAD` VALUES (599,'GOBERNADOR CRESPO','21','75','3044');
INSERT INTO `T_LOCALIDAD` VALUES (600,'LA CAMILA','21','75','3054');
INSERT INTO `T_LOCALIDAD` VALUES (601,'LA CRIOLLA','21','75','3052');
INSERT INTO `T_LOCALIDAD` VALUES (602,'LA PENCA Y CARAGUATA','21','75','3045');
INSERT INTO `T_LOCALIDAD` VALUES (603,'MARCELINO ESCALADA','21','75','3042');
INSERT INTO `T_LOCALIDAD` VALUES (604,'NARE','21','75','3046');
INSERT INTO `T_LOCALIDAD` VALUES (605,'PEDRO GOMEZ CELLO','21','75','3054');
INSERT INTO `T_LOCALIDAD` VALUES (606,'RAMAYON','21','75','3042');
INSERT INTO `T_LOCALIDAD` VALUES (607,'SAN BERNARDO','21','75','3048');
INSERT INTO `T_LOCALIDAD` VALUES (608,'SAN MARTIN NORTE','21','75','3045');
INSERT INTO `T_LOCALIDAD` VALUES (609,'SILVA','21','75','3042');
INSERT INTO `T_LOCALIDAD` VALUES (610,'VIDELA','21','75','3048');
INSERT INTO `T_LOCALIDAD` VALUES (611,'ALDAO','21','76','2214');
INSERT INTO `T_LOCALIDAD` VALUES (612,'CORONEL ARNOLD','21','76','2123');
INSERT INTO `T_LOCALIDAD` VALUES (613,'FUENTES','21','76','2123');
INSERT INTO `T_LOCALIDAD` VALUES (614,'PUJATO','21','76','2123');
INSERT INTO `T_LOCALIDAD` VALUES (615,'RICARDONE','21','76','2201');
INSERT INTO `T_LOCALIDAD` VALUES (616,'SAN JERONIMO SUD','21','76','2136');
INSERT INTO `T_LOCALIDAD` VALUES (617,'TIMBUES','21','76','2204');
INSERT INTO `T_LOCALIDAD` VALUES (618,'VILLA MUGUETA','21','76','2175');
INSERT INTO `T_LOCALIDAD` VALUES (619,'LUIS PALACIOS','21','76','2142');
INSERT INTO `T_LOCALIDAD` VALUES (620,'CAÑADA ROSQUIN','21','77','2454');
INSERT INTO `T_LOCALIDAD` VALUES (621,'CARLOS PELLEGRINI','21','77','2453');
INSERT INTO `T_LOCALIDAD` VALUES (622,'CASAS','21','77','2148');
INSERT INTO `T_LOCALIDAD` VALUES (623,'CASTELAR','21','77','2401');
INSERT INTO `T_LOCALIDAD` VALUES (624,'COLONIA BELGRANO','21','77','2257');
INSERT INTO `T_LOCALIDAD` VALUES (625,'CRISPI','21','77','2441');
INSERT INTO `T_LOCALIDAD` VALUES (626,'LANDETA','21','77','2531');
INSERT INTO `T_LOCALIDAD` VALUES (627,'LAS BANDURRIAS','21','77','2148');
INSERT INTO `T_LOCALIDAD` VALUES (628,'LAS PETACAS','21','77','2451');
INSERT INTO `T_LOCALIDAD` VALUES (629,'LOS CARDOS','21','77','2533');
INSERT INTO `T_LOCALIDAD` VALUES (630,'MARIA SUSANA','21','77','2527');
INSERT INTO `T_LOCALIDAD` VALUES (631,'PIAMONTE','21','77','2529');
INSERT INTO `T_LOCALIDAD` VALUES (632,'SAN MARTIN DE LAS ESCOBAS','21','77','2449');
INSERT INTO `T_LOCALIDAD` VALUES (633,'TRAILL','21','77','2456');
INSERT INTO `T_LOCALIDAD` VALUES (634,'CAÑADA OMBU','21','78','3551');
INSERT INTO `T_LOCALIDAD` VALUES (635,'FORTIN OLMOS','21','78','3553');
INSERT INTO `T_LOCALIDAD` VALUES (636,'GARABATO','21','78','3551');
INSERT INTO `T_LOCALIDAD` VALUES (637,'GOLONDRINA','21','78','3551');
INSERT INTO `T_LOCALIDAD` VALUES (638,'INTIYACO','21','78','3551');
INSERT INTO `T_LOCALIDAD` VALUES (639,'LA GALLARETA','21','78','3057');
INSERT INTO `T_LOCALIDAD` VALUES (640,'LOS AMORES','21','78','3551');
INSERT INTO `T_LOCALIDAD` VALUES (641,'MARGARITA','21','78','3056');
INSERT INTO `T_LOCALIDAD` VALUES (642,'TARTAGAL','21','78','3565');
INSERT INTO `T_LOCALIDAD` VALUES (643,'TOBA','21','78','3551');
INSERT INTO `T_LOCALIDAD` VALUES (644,'SAN AGUSTIN','6','113','5191');
INSERT INTO `T_LOCALIDAD` VALUES (645,'LA CRUZ','6','113','5859');
INSERT INTO `T_LOCALIDAD` VALUES (646,'LOS CONDORES','6','113','5823');
INSERT INTO `T_LOCALIDAD` VALUES (647,'LOS MOLINOS','6','113','5189');
INSERT INTO `T_LOCALIDAD` VALUES (648,'LOS REARTES','6','113','5194');
INSERT INTO `T_LOCALIDAD` VALUES (649,'RIO DE LOS SAUCES','6','113','5821');
INSERT INTO `T_LOCALIDAD` VALUES (650,'EMBALSE','6','113','5856');
INSERT INTO `T_LOCALIDAD` VALUES (651,'SANTA ROSA DE CALAMUCHITA','6','113','5196');
INSERT INTO `T_LOCALIDAD` VALUES (652,'VILLA DEL DIQUE','6','113','5862');
INSERT INTO `T_LOCALIDAD` VALUES (653,'VILLA GENERAL BELGRANO','6','113','5194');
INSERT INTO `T_LOCALIDAD` VALUES (654,'VILLA RUMIPAL','6','113','5864');
INSERT INTO `T_LOCALIDAD` VALUES (655,'VILLA YACANTO','6','113','5197');
INSERT INTO `T_LOCALIDAD` VALUES (656,'AMBOY','6','113','5199');
INSERT INTO `T_LOCALIDAD` VALUES (657,'CALMAYO','6','113','5191');
INSERT INTO `T_LOCALIDAD` VALUES (658,'CAÑADA DEL SAUCE','6','113','5817');
INSERT INTO `T_LOCALIDAD` VALUES (659,'LA CUMBRECITA','6','113','5194');
INSERT INTO `T_LOCALIDAD` VALUES (660,'LAS BAJADAS','6','113','5851');
INSERT INTO `T_LOCALIDAD` VALUES (661,'LAS CALERAS','6','113','5819');
INSERT INTO `T_LOCALIDAD` VALUES (662,'LUTTI','6','113','5859');
INSERT INTO `T_LOCALIDAD` VALUES (663,'SAN IGNACIO','6','113','5199');
INSERT INTO `T_LOCALIDAD` VALUES (664,'SEGUNDA USINA','6','113','5857');
INSERT INTO `T_LOCALIDAD` VALUES (665,'VILLA AMANCAY','6','113','5199');
INSERT INTO `T_LOCALIDAD` VALUES (666,'VILLA CIUDAD DE AMERICA','6','113','5189');
INSERT INTO `T_LOCALIDAD` VALUES (667,'VILLA CIUDAD PARQUE LOS REARTES','6','113','5189');
INSERT INTO `T_LOCALIDAD` VALUES (668,'VILLA QUILLINZO','6','113','5859');
INSERT INTO `T_LOCALIDAD` VALUES (669,'CORDOBA','6','114','5000');
INSERT INTO `T_LOCALIDAD` VALUES (670,'JESUS MARIA','6','115','5220');
INSERT INTO `T_LOCALIDAD` VALUES (671,'COLONIA CAROYA','6','115','5223');
INSERT INTO `T_LOCALIDAD` VALUES (672,'JUAREZ CELMAN','6','115','5145');
INSERT INTO `T_LOCALIDAD` VALUES (673,'AGUA DE ORO','6','115','5107');
INSERT INTO `T_LOCALIDAD` VALUES (674,'LA CALERA','6','115','5151');
INSERT INTO `T_LOCALIDAD` VALUES (675,'LA GRANJA','6','115','1901');
INSERT INTO `T_LOCALIDAD` VALUES (676,'MALVINAS ARGENTINAS','6','115','5125');
INSERT INTO `T_LOCALIDAD` VALUES (677,'MENDIOLAZA','6','115','5107');
INSERT INTO `T_LOCALIDAD` VALUES (678,'RIO CEBALLOS','6','115','5111');
INSERT INTO `T_LOCALIDAD` VALUES (679,'SALDAN','6','115','5149');
INSERT INTO `T_LOCALIDAD` VALUES (680,'SALSIPUEDES','6','115','5113');
INSERT INTO `T_LOCALIDAD` VALUES (681,'UNQUILLO','6','115','5109');
INSERT INTO `T_LOCALIDAD` VALUES (682,'VILLA ALLENDE','6','115','5105');
INSERT INTO `T_LOCALIDAD` VALUES (683,'COLONIA TIROLESA','6','115','5101');
INSERT INTO `T_LOCALIDAD` VALUES (684,'COLONIA VICENTE AGÜERO','6','115',NULL);
INSERT INTO `T_LOCALIDAD` VALUES (685,'EL MANZANO','6','115','5107');
INSERT INTO `T_LOCALIDAD` VALUES (686,'ESTACION GENERAL PAZ','6','115','5145');
INSERT INTO `T_LOCALIDAD` VALUES (687,'MI GRANJA','6','115','5125');
INSERT INTO `T_LOCALIDAD` VALUES (688,'TINOCO','6','115','5131');
INSERT INTO `T_LOCALIDAD` VALUES (689,'VILLA CERRO AZUL','6','115','5107');
INSERT INTO `T_LOCALIDAD` VALUES (690,'CRUZ DEL EJE','6','116','5280');
INSERT INTO `T_LOCALIDAD` VALUES (691,'SAN MARCOS SIERRAS','6','116','5282');
INSERT INTO `T_LOCALIDAD` VALUES (692,'SERREZUELA','6','116','5270');
INSERT INTO `T_LOCALIDAD` VALUES (693,'VILLA DE SOTO','6','116','5284');
INSERT INTO `T_LOCALIDAD` VALUES (694,'ALTO DE LOS QUEBRACHOS','6','116','5281');
INSERT INTO `T_LOCALIDAD` VALUES (695,'BAÑADO DE SOTO','6','116','5285');
INSERT INTO `T_LOCALIDAD` VALUES (696,'CRUZ DE CAÑA','6','116','5287');
INSERT INTO `T_LOCALIDAD` VALUES (697,'EL BRETE','6','116','5281');
INSERT INTO `T_LOCALIDAD` VALUES (698,'GUANACO MUERTO','6','116','5281');
INSERT INTO `T_LOCALIDAD` VALUES (699,'LA BATEA','6','116','5270');
INSERT INTO `T_LOCALIDAD` VALUES (700,'LA HIGUERA','6','116','5285');
INSERT INTO `T_LOCALIDAD` VALUES (701,'LAS CAÑADAS','6','116','5284');
INSERT INTO `T_LOCALIDAD` VALUES (702,'LOS CHAÑARITOS','6','116','5721');
INSERT INTO `T_LOCALIDAD` VALUES (703,'LAS PLAYAS','6','116','5285');
INSERT INTO `T_LOCALIDAD` VALUES (704,'MEDIA NARANJA','6','116','5281');
INSERT INTO `T_LOCALIDAD` VALUES (705,'PASO VIEJO','6','116','5284');
INSERT INTO `T_LOCALIDAD` VALUES (706,'TUCLAME','6','116','5284');
INSERT INTO `T_LOCALIDAD` VALUES (707,'VILLA HUIDOBRO','6','117','6275');
INSERT INTO `T_LOCALIDAD` VALUES (708,'DEL CAMPILLO','6','117','6271');
INSERT INTO `T_LOCALIDAD` VALUES (709,'HUINCA RENANCO','6','117','6270');
INSERT INTO `T_LOCALIDAD` VALUES (710,'ITALO','6','117','6271');
INSERT INTO `T_LOCALIDAD` VALUES (711,'JOVITA','6','117','6127');
INSERT INTO `T_LOCALIDAD` VALUES (712,'MATTALDI','6','117','6271');
INSERT INTO `T_LOCALIDAD` VALUES (713,'BUCHARDO','6','117','6225');
INSERT INTO `T_LOCALIDAD` VALUES (714,'VILLA SARMIENTO','6','117','6273');
INSERT INTO `T_LOCALIDAD` VALUES (715,'VILLA VALERIA','6','117','6273');
INSERT INTO `T_LOCALIDAD` VALUES (716,'NICOLAS BRUZZONE','6','117','6278');
INSERT INTO `T_LOCALIDAD` VALUES (717,'ONAGOYTI','6','117','6227');
INSERT INTO `T_LOCALIDAD` VALUES (718,'PINCEN','6','117','6271');
INSERT INTO `T_LOCALIDAD` VALUES (719,'RANQUELES','6','117','6271');
INSERT INTO `T_LOCALIDAD` VALUES (720,'VILLA MARIA','6','115','5220');
INSERT INTO `T_LOCALIDAD` VALUES (721,'ARROYO CABRAL','6','118','5917');
INSERT INTO `T_LOCALIDAD` VALUES (722,'AUSONIA','6','118','5901');
INSERT INTO `T_LOCALIDAD` VALUES (723,'CHAZON','6','118','2675');
INSERT INTO `T_LOCALIDAD` VALUES (724,'ETRURIA','6','118','2681');
INSERT INTO `T_LOCALIDAD` VALUES (725,'LA LAGUNA','6','118','5901');
INSERT INTO `T_LOCALIDAD` VALUES (726,'LA PALESTINA','6','118','5925');
INSERT INTO `T_LOCALIDAD` VALUES (727,'LA PLAYOSA','6','118','5911');
INSERT INTO `T_LOCALIDAD` VALUES (728,'LUCA','6','118','5917');
INSERT INTO `T_LOCALIDAD` VALUES (729,'PASCO','6','118','5925');
INSERT INTO `T_LOCALIDAD` VALUES (730,'SILVIO PELLICO','6','118','5910');
INSERT INTO `T_LOCALIDAD` VALUES (731,'TICINO','6','118','5927');
INSERT INTO `T_LOCALIDAD` VALUES (732,'TIO PUJIO','6','118','5936');
INSERT INTO `T_LOCALIDAD` VALUES (733,'ARROYO ALGODON','6','118','5909');
INSERT INTO `T_LOCALIDAD` VALUES (734,'VILLA NUEVA','6','118','5903');
INSERT INTO `T_LOCALIDAD` VALUES (735,'ALGODON','6','118','5909');
INSERT INTO `T_LOCALIDAD` VALUES (736,'CHAZON','6','118','2675');
INSERT INTO `T_LOCALIDAD` VALUES (737,'MOJARRAS','6','118','5909');
INSERT INTO `T_LOCALIDAD` VALUES (738,'VILLA MARIA','6','118','5900');
INSERT INTO `T_LOCALIDAD` VALUES (739,'VILLA NUEVA','6','118','5903');
INSERT INTO `T_LOCALIDAD` VALUES (740,'YUCAT','6','118','5936');
INSERT INTO `T_LOCALIDAD` VALUES (741,'DEAN FUNES','6','119','5200');
INSERT INTO `T_LOCALIDAD` VALUES (742,'QUILINO','6','119','5214');
INSERT INTO `T_LOCALIDAD` VALUES (743,'AVELLANEDA','6','119','5212');
INSERT INTO `T_LOCALIDAD` VALUES (744,'CAÑADA DE RIO PINTO','6','119','5221');
INSERT INTO `T_LOCALIDAD` VALUES (745,'CHUÑA','6','119','5218');
INSERT INTO `T_LOCALIDAD` VALUES (746,'COPACABANA','6','119','5201');
INSERT INTO `T_LOCALIDAD` VALUES (747,'LOS POZOS','6','119','5212');
INSERT INTO `T_LOCALIDAD` VALUES (748,'OLIVARES DE SAN NICOLAS','6','119','5280');
INSERT INTO `T_LOCALIDAD` VALUES (749,'VILLA GUTIERREZ','6','119','5212');
INSERT INTO `T_LOCALIDAD` VALUES (750,'LA CARLOTA','6','120','2670');
INSERT INTO `T_LOCALIDAD` VALUES (751,'BENGOLEA','6','120','5807');
INSERT INTO `T_LOCALIDAD` VALUES (752,'CARNERILLO','6','120','5805');
INSERT INTO `T_LOCALIDAD` VALUES (753,'CHARRAS','6','120','5807');
INSERT INTO `T_LOCALIDAD` VALUES (754,'GENERAL CABRERA','6','120','5809');
INSERT INTO `T_LOCALIDAD` VALUES (755,'GENERAL DEHEZA','6','120','5923');
INSERT INTO `T_LOCALIDAD` VALUES (756,'HUANCHILLAS','6','120','6121');
INSERT INTO `T_LOCALIDAD` VALUES (757,'ALEJANDRO ROCA','6','120','2886');
INSERT INTO `T_LOCALIDAD` VALUES (758,'LOS CISNES','6','120','2684');
INSERT INTO `T_LOCALIDAD` VALUES (759,'OLAETA','6','120','5807');
INSERT INTO `T_LOCALIDAD` VALUES (760,'REDUCCION','6','120','5803');
INSERT INTO `T_LOCALIDAD` VALUES (761,'SANTA EUFEMIA','6','120','2671');
INSERT INTO `T_LOCALIDAD` VALUES (762,'UCACHA','6','120','2677');
INSERT INTO `T_LOCALIDAD` VALUES (763,'ASSUNTA','6','120','2671');
INSERT INTO `T_LOCALIDAD` VALUES (764,'EL RASTREADOR','6','120','6121');
INSERT INTO `T_LOCALIDAD` VALUES (765,'PACHECO DE MELO','6','120','6121');
INSERT INTO `T_LOCALIDAD` VALUES (766,'PASO DEL DURAZNO','6','120','5803');
INSERT INTO `T_LOCALIDAD` VALUES (767,'MARCOS JUAREZ','6','121','2580');
INSERT INTO `T_LOCALIDAD` VALUES (768,'ARIAS','6','121','2624');
INSERT INTO `T_LOCALIDAD` VALUES (769,'CAMILO ALDAO','6','121','2585');
INSERT INTO `T_LOCALIDAD` VALUES (770,'CAPITAN GENERAL BERNARDO O HIGGINS','6','121','2645');
INSERT INTO `T_LOCALIDAD` VALUES (771,'CAVANAGH','6','121','2625');
INSERT INTO `T_LOCALIDAD` VALUES (772,'COLONIA ITALIANA','6','121','2645');
INSERT INTO `T_LOCALIDAD` VALUES (773,'CORRAL DE BUSTOS','6','121','2645');
INSERT INTO `T_LOCALIDAD` VALUES (774,'CRUZ ALTA','6','121','2189');
INSERT INTO `T_LOCALIDAD` VALUES (775,'GENERAL BALDISSERA','6','121','2583');
INSERT INTO `T_LOCALIDAD` VALUES (776,'GENERAL ROCA','6','121','2592');
INSERT INTO `T_LOCALIDAD` VALUES (777,'GUATIMOZIN','6','121','2627');
INSERT INTO `T_LOCALIDAD` VALUES (778,'INRIVILLE','6','121','2587');
INSERT INTO `T_LOCALIDAD` VALUES (779,'ISLA VERDE','6','121','2661');
INSERT INTO `T_LOCALIDAD` VALUES (780,'LEONES','6','121','2594');
INSERT INTO `T_LOCALIDAD` VALUES (781,'LOS SURGENTES','6','121','2581');
INSERT INTO `T_LOCALIDAD` VALUES (782,'ALEJO LEDESMA','6','121','2662');
INSERT INTO `T_LOCALIDAD` VALUES (783,'MONTE BUEY','6','121','2589');
INSERT INTO `T_LOCALIDAD` VALUES (784,'NOETINGER','6','121','2563');
INSERT INTO `T_LOCALIDAD` VALUES (785,'SAIRA','6','121','2525');
INSERT INTO `T_LOCALIDAD` VALUES (786,'COLONIA BARGE','6','121','2659');
INSERT INTO `T_LOCALIDAD` VALUES (787,'SALADILLO','6','121','2587');
INSERT INTO `T_LOCALIDAD` VALUES (788,'VILLA ELISA','6','121','2594');
INSERT INTO `T_LOCALIDAD` VALUES (789,'SAN CARLOS MINAS','6','122','5291');
INSERT INTO `T_LOCALIDAD` VALUES (790,'CIENAGA DEL CORO','6','122','5289');
INSERT INTO `T_LOCALIDAD` VALUES (791,'EL CHACHO','6','122','5272');
INSERT INTO `T_LOCALIDAD` VALUES (792,'ESTANCIA DE GUADALUPE','6','122','5291');
INSERT INTO `T_LOCALIDAD` VALUES (793,'GUASAPAMPA','6','122','5285');
INSERT INTO `T_LOCALIDAD` VALUES (794,'LA PLAYA','6','122','5285');
INSERT INTO `T_LOCALIDAD` VALUES (795,'TALAINI','6','122','5291');
INSERT INTO `T_LOCALIDAD` VALUES (796,'TOSNO','6','122','5289');
INSERT INTO `T_LOCALIDAD` VALUES (797,'SALSACATE','6','123','5295');
INSERT INTO `T_LOCALIDAD` VALUES (798,'CHANCANI','6','123','5871');
INSERT INTO `T_LOCALIDAD` VALUES (799,'LAS PALMAS','6','123','5299');
INSERT INTO `T_LOCALIDAD` VALUES (800,'LOS TALARES','6','123','5299');
INSERT INTO `T_LOCALIDAD` VALUES (801,'SAN GERONIMO','6','123','5297');
INSERT INTO `T_LOCALIDAD` VALUES (802,'TALA CAÑADA','6','123','5297');
INSERT INTO `T_LOCALIDAD` VALUES (803,'VILLA DE POCHO','6','123','5299');
INSERT INTO `T_LOCALIDAD` VALUES (804,'LABOULAYE','6','124','6120');
INSERT INTO `T_LOCALIDAD` VALUES (805,'LA CESIRA','6','124','6101');
INSERT INTO `T_LOCALIDAD` VALUES (806,'GENERAL LEVALLE','6','124','6132');
INSERT INTO `T_LOCALIDAD` VALUES (807,'MELO','6','124','6123');
INSERT INTO `T_LOCALIDAD` VALUES (808,'ROSALES','6','124','6128');
INSERT INTO `T_LOCALIDAD` VALUES (809,'SERRANO','6','124','6125');
INSERT INTO `T_LOCALIDAD` VALUES (810,'VILLA ROSSI','6','124','6128');
INSERT INTO `T_LOCALIDAD` VALUES (811,'LEGUIZAMON','6','124','6128');
INSERT INTO `T_LOCALIDAD` VALUES (812,'RIO BAMBA','6','124','6134');
INSERT INTO `T_LOCALIDAD` VALUES (813,'SAN JOAQUIN','6','124','6123');
INSERT INTO `T_LOCALIDAD` VALUES (814,'COSQUIN','6','125','5166');
INSERT INTO `T_LOCALIDAD` VALUES (815,'CAPILLA DEL MONTE','6','125','5184');
INSERT INTO `T_LOCALIDAD` VALUES (816,'BIALET MASSE','6','125','5158');
INSERT INTO `T_LOCALIDAD` VALUES (817,'HUERTA GRANDE','6','125','5174');
INSERT INTO `T_LOCALIDAD` VALUES (818,'LA CUMBRE','6','125','5178');
INSERT INTO `T_LOCALIDAD` VALUES (819,'LA FALDA','6','125','5172');
INSERT INTO `T_LOCALIDAD` VALUES (820,'LOS COCOS','6','125','5182');
INSERT INTO `T_LOCALIDAD` VALUES (821,'SAN ESTEBAN','6','125','5182');
INSERT INTO `T_LOCALIDAD` VALUES (822,'SANTA MARIA','6','125','5164');
INSERT INTO `T_LOCALIDAD` VALUES (823,'TANTI','6','125','5155');
INSERT INTO `T_LOCALIDAD` VALUES (824,'VALLE HERMOSO','6','125','5168');
INSERT INTO `T_LOCALIDAD` VALUES (825,'VILLA CARLOS PAZ','6','125','5152');
INSERT INTO `T_LOCALIDAD` VALUES (826,'VILLA GIARDINO','6','125','5176');
INSERT INTO `T_LOCALIDAD` VALUES (827,'CABALANGO','6','125','5155');
INSERT INTO `T_LOCALIDAD` VALUES (828,'CASA GRANDE','6','125','5162');
INSERT INTO `T_LOCALIDAD` VALUES (829,'CHARBONIER','6','125','5282');
INSERT INTO `T_LOCALIDAD` VALUES (830,'CUESTA BLANCA','6','125','5153');
INSERT INTO `T_LOCALIDAD` VALUES (831,'ESTANCIA VIEJA','6','125','5152');
INSERT INTO `T_LOCALIDAD` VALUES (832,'MAYU SUMAJ','6','125','5831');
INSERT INTO `T_LOCALIDAD` VALUES (833,'SAN ANTONIO DE ARREDONDO','6','125','5153');
INSERT INTO `T_LOCALIDAD` VALUES (834,'SAN ROQUE','6','125','5149');
INSERT INTO `T_LOCALIDAD` VALUES (835,'TALA HUASI','6','125','5153');
INSERT INTO `T_LOCALIDAD` VALUES (836,'VILLA ICHO CRUZ','6','125','5153');
INSERT INTO `T_LOCALIDAD` VALUES (837,'VILLA PARQUE SIQUIMAN','6','125','5152');
INSERT INTO `T_LOCALIDAD` VALUES (838,'VILLA SANTA CRUZ DEL LAGO','6','125','5152');
INSERT INTO `T_LOCALIDAD` VALUES (839,'RIO CUARTO','6','126','5800');
INSERT INTO `T_LOCALIDAD` VALUES (840,'ADELIA MARIA','6','126','5843');
INSERT INTO `T_LOCALIDAD` VALUES (841,'ALCIRA GIGENA','6','126','5813');
INSERT INTO `T_LOCALIDAD` VALUES (842,'ALPA CORRAL','6','126','5801');
INSERT INTO `T_LOCALIDAD` VALUES (843,'BERROTARAN','6','126','5817');
INSERT INTO `T_LOCALIDAD` VALUES (844,'BULNES','6','126','5845');
INSERT INTO `T_LOCALIDAD` VALUES (845,'CHAJAN','6','126','5837');
INSERT INTO `T_LOCALIDAD` VALUES (846,'CHUCUL','6','126','5805');
INSERT INTO `T_LOCALIDAD` VALUES (847,'CORONEL BAIGORRIA','6','126','5811');
INSERT INTO `T_LOCALIDAD` VALUES (848,'CORONEL MOLDES','6','126','5847');
INSERT INTO `T_LOCALIDAD` VALUES (849,'ELENA','6','126','5815');
INSERT INTO `T_LOCALIDAD` VALUES (850,'LA CAROLINA','6','126','5841');
INSERT INTO `T_LOCALIDAD` VALUES (851,'LA CAUTIVA','6','126','6142');
INSERT INTO `T_LOCALIDAD` VALUES (852,'LAS ACEQUIAS','6','126','5848');
INSERT INTO `T_LOCALIDAD` VALUES (853,'LAS ALBAHACAS','6','126','5801');
INSERT INTO `T_LOCALIDAD` VALUES (854,'LAS HIGUERAS','6','126','5805');
INSERT INTO `T_LOCALIDAD` VALUES (855,'LAS PEÑAS SUD','6','126','5819');
INSERT INTO `T_LOCALIDAD` VALUES (856,'LAS VERTIENTES','6','126','5839');
INSERT INTO `T_LOCALIDAD` VALUES (857,'MALENA','6','126','5839');
INSERT INTO `T_LOCALIDAD` VALUES (858,'MONTE DE LOS GAUCHOS','6','126','5831');
INSERT INTO `T_LOCALIDAD` VALUES (859,'ACHIRAS','6','126','5833');
INSERT INTO `T_LOCALIDAD` VALUES (860,'SAMPACHO','6','126','5829');
INSERT INTO `T_LOCALIDAD` VALUES (861,'SAN BASILIO','6','126','5841');
INSERT INTO `T_LOCALIDAD` VALUES (862,'SANTA CATALINA','6','126','5825');
INSERT INTO `T_LOCALIDAD` VALUES (863,'SUCO','6','126','5837');
INSERT INTO `T_LOCALIDAD` VALUES (864,'TOSQUITA','6','126','6141');
INSERT INTO `T_LOCALIDAD` VALUES (865,'VICUÑA MACKENNA','6','126','6140');
INSERT INTO `T_LOCALIDAD` VALUES (866,'VILLA EL CHACAY','6','126','5801');
INSERT INTO `T_LOCALIDAD` VALUES (867,'WASHINGTON','6','126','6144');
INSERT INTO `T_LOCALIDAD` VALUES (868,'ACHIRAS','6','131','5875');
INSERT INTO `T_LOCALIDAD` VALUES (869,'CAUTIVA','6','126','6142');
INSERT INTO `T_LOCALIDAD` VALUES (870,'LAS PEÑAS','6','126','5817');
INSERT INTO `T_LOCALIDAD` VALUES (872,'SAN BARTOLOME','6','126','5801');
INSERT INTO `T_LOCALIDAD` VALUES (873,'TEGUA','6','126','5813');
INSERT INTO `T_LOCALIDAD` VALUES (874,'TRES DE FEBRERO','6','126',NULL);
INSERT INTO `T_LOCALIDAD` VALUES (875,'SANTA ROSA DE RIO PRIMERO','6','127','5133');
INSERT INTO `T_LOCALIDAD` VALUES (876,'LA PUERTA','6','127','5137');
INSERT INTO `T_LOCALIDAD` VALUES (877,'MONTE CRISTO','6','127','5125');
INSERT INTO `T_LOCALIDAD` VALUES (878,'OBISPO TREJO','6','127','5225');
INSERT INTO `T_LOCALIDAD` VALUES (879,'PIQUILLIN','6','127','5125');
INSERT INTO `T_LOCALIDAD` VALUES (880,'RIO PRIMERO','6','127','5127');
INSERT INTO `T_LOCALIDAD` VALUES (881,'LA PARA','6','127','5137');
INSERT INTO `T_LOCALIDAD` VALUES (882,'VILLA FONTANA','6','127','5137');
INSERT INTO `T_LOCALIDAD` VALUES (883,'ATAHONA','6','127','5225');
INSERT INTO `T_LOCALIDAD` VALUES (884,'CAÑADA DE MACHADO','6','127','5961');
INSERT INTO `T_LOCALIDAD` VALUES (885,'CAPILLA DE LOS REMEDIOS','6','127','5101');
INSERT INTO `T_LOCALIDAD` VALUES (886,'CHALACEA','6','127','5229');
INSERT INTO `T_LOCALIDAD` VALUES (887,'COLONIA LAS CUATRO ESQUINAS','6','127','5135');
INSERT INTO `T_LOCALIDAD` VALUES (888,'COMECHINGONES','6','127','5129');
INSERT INTO `T_LOCALIDAD` VALUES (889,'DIEGO DE ROJAS','6','127','5135');
INSERT INTO `T_LOCALIDAD` VALUES (890,'EL CRISPIN','6','127','5129');
INSERT INTO `T_LOCALIDAD` VALUES (891,'ESQUINA','6','127','5131');
INSERT INTO `T_LOCALIDAD` VALUES (892,'KILOMETRO 658','6','127','5125');
INSERT INTO `T_LOCALIDAD` VALUES (893,'LA POSTA','6','127','5227');
INSERT INTO `T_LOCALIDAD` VALUES (894,'LA QUINTA','6','127','5135');
INSERT INTO `T_LOCALIDAD` VALUES (895,'LAS GRAMILLAS','6','127','5135');
INSERT INTO `T_LOCALIDAD` VALUES (896,'LAS SALADAS','6','127','5137');
INSERT INTO `T_LOCALIDAD` VALUES (897,'MAQUINISTA GALLINI','6','127','5227');
INSERT INTO `T_LOCALIDAD` VALUES (898,'PLAZA DE MERCEDES','6','127','5137');
INSERT INTO `T_LOCALIDAD` VALUES (899,'SAGRADA FAMILIA','6','127','5125');
INSERT INTO `T_LOCALIDAD` VALUES (900,'VILLA DE MARIA','6','128','5248');
INSERT INTO `T_LOCALIDAD` VALUES (901,'SEBASTIAN ELCANO','6','128','5231');
INSERT INTO `T_LOCALIDAD` VALUES (902,'CERRO COLORADO','6','128','5243');
INSERT INTO `T_LOCALIDAD` VALUES (903,'CHAÑAR VIEJO','6','128','5246');
INSERT INTO `T_LOCALIDAD` VALUES (904,'EUFRASIO LOZA','6','128','5248');
INSERT INTO `T_LOCALIDAD` VALUES (905,'GUTEMBERG','6','128','5249');
INSERT INTO `T_LOCALIDAD` VALUES (906,'LA RINCONADA','6','128','5233');
INSERT INTO `T_LOCALIDAD` VALUES (907,'LOS HOYOS','6','128','5249');
INSERT INTO `T_LOCALIDAD` VALUES (908,'PUESTO DE CASTRO','6','128','5233');
INSERT INTO `T_LOCALIDAD` VALUES (909,'RAYO CORTADO','6','128','5246');
INSERT INTO `T_LOCALIDAD` VALUES (910,'SANTA ELENA','6','128','5246');
INSERT INTO `T_LOCALIDAD` VALUES (911,'VILLA DEL ROSARIO','6','129','5963');
INSERT INTO `T_LOCALIDAD` VALUES (912,'CALCHIN OESTE','6','129','5965');
INSERT INTO `T_LOCALIDAD` VALUES (913,'CAPILLA DEL CARMEN','6','129','5963');
INSERT INTO `T_LOCALIDAD` VALUES (914,'CARRILOBO','6','129','5915');
INSERT INTO `T_LOCALIDAD` VALUES (915,'COLAZO','6','129','5965');
INSERT INTO `T_LOCALIDAD` VALUES (916,'COSTA SACATE','6','129','5961');
INSERT INTO `T_LOCALIDAD` VALUES (917,'LAGUNA LARGA','6','129','5974');
INSERT INTO `T_LOCALIDAD` VALUES (918,'LAS JUNTURAS','6','129','5965');
INSERT INTO `T_LOCALIDAD` VALUES (919,'LUQUE','6','129','5967');
INSERT INTO `T_LOCALIDAD` VALUES (920,'MANFREDI','6','129','5988');
INSERT INTO `T_LOCALIDAD` VALUES (921,'MATORRALES','6','129','5965');
INSERT INTO `T_LOCALIDAD` VALUES (922,'ONCATIVO','6','129','5986');
INSERT INTO `T_LOCALIDAD` VALUES (923,'PILAR','6','129','5972');
INSERT INTO `T_LOCALIDAD` VALUES (924,'POZO DEL MOLLE','6','129','5913');
INSERT INTO `T_LOCALIDAD` VALUES (925,'RIO SEGUNDO','6','129','5960');
INSERT INTO `T_LOCALIDAD` VALUES (926,'SANTIAGO TEMPLE','6','129','5125');
INSERT INTO `T_LOCALIDAD` VALUES (927,'CALCHIN','6','129','5969');
INSERT INTO `T_LOCALIDAD` VALUES (928,'COLONIA VIDELA','6','129','5865');
INSERT INTO `T_LOCALIDAD` VALUES (929,'IMPIRA','6','129','5987');
INSERT INTO `T_LOCALIDAD` VALUES (930,'LOS CHAÑARITOS','6','129','5721');
INSERT INTO `T_LOCALIDAD` VALUES (931,'RINCON','6','129','5961');
INSERT INTO `T_LOCALIDAD` VALUES (932,'VILLA CURA BROCHERO','6','130','5891');
INSERT INTO `T_LOCALIDAD` VALUES (933,'NONO','6','130','5887');
INSERT INTO `T_LOCALIDAD` VALUES (934,'SAN PEDRO','6','130','5871');
INSERT INTO `T_LOCALIDAD` VALUES (935,'MINA CLAVERO','6','130','5889');
INSERT INTO `T_LOCALIDAD` VALUES (936,'VILLA SARMIENTO','6','130','5871');
INSERT INTO `T_LOCALIDAD` VALUES (937,'AMBUL','6','130','5299');
INSERT INTO `T_LOCALIDAD` VALUES (938,'ARROYO DE LOS PATOS','6','130','5889');
INSERT INTO `T_LOCALIDAD` VALUES (939,'LAS CALLES','6','130','5885');
INSERT INTO `T_LOCALIDAD` VALUES (940,'LAS RABONAS','6','130','5885');
INSERT INTO `T_LOCALIDAD` VALUES (941,'PANAHOLMA','6','130','5893');
INSERT INTO `T_LOCALIDAD` VALUES (942,'SAN LORENZO','6','130','5893');
INSERT INTO `T_LOCALIDAD` VALUES (943,'SAN VICENTE','6','130','5871');
INSERT INTO `T_LOCALIDAD` VALUES (944,'SAUCE ARRIBA','6','130','5182');
INSERT INTO `T_LOCALIDAD` VALUES (945,'VILLA DOLORES','6','131','5870');
INSERT INTO `T_LOCALIDAD` VALUES (946,'SAN JAVIER/YACANTO','6','131','5875');
INSERT INTO `T_LOCALIDAD` VALUES (947,'SAN JOSE','6','131','5871');
INSERT INTO `T_LOCALIDAD` VALUES (948,'VILLA DE LAS ROSAS','6','131','5885');
INSERT INTO `T_LOCALIDAD` VALUES (949,'LA PAZ','6','131','5879');
INSERT INTO `T_LOCALIDAD` VALUES (950,'CONLARA','6','131','5873');
INSERT INTO `T_LOCALIDAD` VALUES (951,'LA POBLACION','6','131','5875');
INSERT INTO `T_LOCALIDAD` VALUES (952,'LAS TAPIAS','6','131','5885');
INSERT INTO `T_LOCALIDAD` VALUES (953,'LOS CERRILLOS','6','131','5871');
INSERT INTO `T_LOCALIDAD` VALUES (954,'LOS HORNILLOS','6','131','5885');
INSERT INTO `T_LOCALIDAD` VALUES (955,'LUYABA','6','131','5875');
INSERT INTO `T_LOCALIDAD` VALUES (956,'SAN FRANCISCO','6','132','2400');
INSERT INTO `T_LOCALIDAD` VALUES (957,'ALTOS DE CHIPION','6','132','2417');
INSERT INTO `T_LOCALIDAD` VALUES (958,'ARROYITO','6','132','2434');
INSERT INTO `T_LOCALIDAD` VALUES (959,'BALNEARIA','6','132','5141');
INSERT INTO `T_LOCALIDAD` VALUES (960,'BRINKMANN','6','132','2419');
INSERT INTO `T_LOCALIDAD` VALUES (961,'COLONIA MARINA','6','132','2424');
INSERT INTO `T_LOCALIDAD` VALUES (962,'COLONIA PROSPERIDAD','6','132','2423');
INSERT INTO `T_LOCALIDAD` VALUES (963,'COLONIA SAN BARTOLOME','6','132','2426');
INSERT INTO `T_LOCALIDAD` VALUES (964,'COLONIA VIGNAUD','6','132','2419');
INSERT INTO `T_LOCALIDAD` VALUES (965,'DEVOTO','6','132','2424');
INSERT INTO `T_LOCALIDAD` VALUES (966,'EL ARAÑADO','6','132','5947');
INSERT INTO `T_LOCALIDAD` VALUES (967,'EL FORTIN','6','132','5951');
INSERT INTO `T_LOCALIDAD` VALUES (968,'EL TIO','6','132','2432');
INSERT INTO `T_LOCALIDAD` VALUES (969,'FREYRE','6','132','2413');
INSERT INTO `T_LOCALIDAD` VALUES (970,'LA FRANCIA','6','132','2426');
INSERT INTO `T_LOCALIDAD` VALUES (971,'LA PAQUITA','6','132','2417');
INSERT INTO `T_LOCALIDAD` VALUES (972,'LA TORDILLA','6','132','2435');
INSERT INTO `T_LOCALIDAD` VALUES (973,'LAS VARAS','6','132','5941');
INSERT INTO `T_LOCALIDAD` VALUES (974,'LAS VARILLAS','6','132','5940');
INSERT INTO `T_LOCALIDAD` VALUES (975,'MARULL','6','132','5139');
INSERT INTO `T_LOCALIDAD` VALUES (976,'MIRAMAR','6','132','5143');
INSERT INTO `T_LOCALIDAD` VALUES (977,'MORTEROS','6','132','2421');
INSERT INTO `T_LOCALIDAD` VALUES (978,'PORTEÑA','6','132','2415');
INSERT INTO `T_LOCALIDAD` VALUES (979,'QUEBRACHO HERRADO','6','132','2423');
INSERT INTO `T_LOCALIDAD` VALUES (980,'SACANTA','6','132','5945');
INSERT INTO `T_LOCALIDAD` VALUES (981,'ALICIA','6','132','5949');
INSERT INTO `T_LOCALIDAD` VALUES (982,'SATURNINO MARIA LASPIUR','6','132','5943');
INSERT INTO `T_LOCALIDAD` VALUES (983,'SEEBER','6','132','2419');
INSERT INTO `T_LOCALIDAD` VALUES (984,'TORO PUJIO','6','132','5139');
INSERT INTO `T_LOCALIDAD` VALUES (985,'TRANSITO','6','132','2436');
INSERT INTO `T_LOCALIDAD` VALUES (986,'VILLA CONCEPCION DEL TIO','6','132','2433');
INSERT INTO `T_LOCALIDAD` VALUES (987,'COLONIA ANITA','6','132','2413');
INSERT INTO `T_LOCALIDAD` VALUES (988,'COLONIA ITURRASPE','6','132','2413');
INSERT INTO `T_LOCALIDAD` VALUES (989,'COLONIA LAS PICHANAS','6','132','2433');
INSERT INTO `T_LOCALIDAD` VALUES (990,'COLONIA SAN PEDRO','6','132','2421');
INSERT INTO `T_LOCALIDAD` VALUES (991,'COLONIA VALTELINA','6','132','2413');
INSERT INTO `T_LOCALIDAD` VALUES (992,'PLAZA LUXARDO','6','132','2411');
INSERT INTO `T_LOCALIDAD` VALUES (993,'VILLA SAN ESTEBAN','6','132','5947');
INSERT INTO `T_LOCALIDAD` VALUES (994,'ALTA GRACIA','6','133','5186');
INSERT INTO `T_LOCALIDAD` VALUES (995,'DESPEÑADEROS','6','133','5121');
INSERT INTO `T_LOCALIDAD` VALUES (996,'LOZADA','6','133','5101');
INSERT INTO `T_LOCALIDAD` VALUES (997,'MALAGUEÑO','6','133','5101');
INSERT INTO `T_LOCALIDAD` VALUES (998,'MONTE RALO','6','133','5119');
INSERT INTO `T_LOCALIDAD` VALUES (999,'TOLEDO','6','133','5123');
INSERT INTO `T_LOCALIDAD` VALUES (1000,'ANISACATE','6','133','5189');
INSERT INTO `T_LOCALIDAD` VALUES (1001,'BOUWER','6','133','5119');
INSERT INTO `T_LOCALIDAD` VALUES (1002,'DIQUE CHICO','6','133','5189');
INSERT INTO `T_LOCALIDAD` VALUES (1003,'FALDA DEL CARMEN','6','133','5187');
INSERT INTO `T_LOCALIDAD` VALUES (1004,'LA CUMBRECITA','6','133','5194');
INSERT INTO `T_LOCALIDAD` VALUES (1005,'LA PAISANITA','6','133','5186');
INSERT INTO `T_LOCALIDAD` VALUES (1006,'LA RANCHERITA','6','133','5189');
INSERT INTO `T_LOCALIDAD` VALUES (1007,'LA SERRANITA','6','133','5189');
INSERT INTO `T_LOCALIDAD` VALUES (1008,'LOS CEDROS','6','133','5101');
INSERT INTO `T_LOCALIDAD` VALUES (1009,'POTRERO DE GARAY','6','133','5189');
INSERT INTO `T_LOCALIDAD` VALUES (1010,'RAFAEL GARCIA','6','133','5119');
INSERT INTO `T_LOCALIDAD` VALUES (1011,'SAN CLEMENTE','6','133','5187');
INSERT INTO `T_LOCALIDAD` VALUES (1012,'VALLE DE ANISACATE','6','133','5189');
INSERT INTO `T_LOCALIDAD` VALUES (1013,'VILLA CIUDAD DE AMERICA','6','133','5189');
INSERT INTO `T_LOCALIDAD` VALUES (1014,'VILLA DEL PRADO','6','133','5186');
INSERT INTO `T_LOCALIDAD` VALUES (1015,'VILLA LA BOLSA','6','133','5189');
INSERT INTO `T_LOCALIDAD` VALUES (1016,'VILLA LOS AROMOS','6','133','5186');
INSERT INTO `T_LOCALIDAD` VALUES (1017,'VILLA PARQUE SANTA ANA','6','133','5101');
INSERT INTO `T_LOCALIDAD` VALUES (1018,'VILLA SAN ISIDRO','6','133','5189');
INSERT INTO `T_LOCALIDAD` VALUES (1019,'SAN FRANCISCO DEL CHAÑAR','6','134','5209');
INSERT INTO `T_LOCALIDAD` VALUES (1020,'CAMINIAGA','6','134','5244');
INSERT INTO `T_LOCALIDAD` VALUES (1021,'CHUÑA HUASI','6','134','5201');
INSERT INTO `T_LOCALIDAD` VALUES (1022,'POZO NUEVO','6','134','5209');
INSERT INTO `T_LOCALIDAD` VALUES (1023,'OLIVA','6','135','5980');
INSERT INTO `T_LOCALIDAD` VALUES (1024,'DALMACIO VELEZ SARSFIELD','6','135','5919');
INSERT INTO `T_LOCALIDAD` VALUES (1025,'HERNANDO','6','135','5929');
INSERT INTO `T_LOCALIDAD` VALUES (1026,'JAMES CRAIK','6','135','5984');
INSERT INTO `T_LOCALIDAD` VALUES (1027,'LAS PERDICES','6','135','5921');
INSERT INTO `T_LOCALIDAD` VALUES (1028,'LOS ZORROS','6','135','5901');
INSERT INTO `T_LOCALIDAD` VALUES (1029,'ALMAFUERTE','6','135','5854');
INSERT INTO `T_LOCALIDAD` VALUES (1030,'PAMPAYASTA SUD','6','135','5931');
INSERT INTO `T_LOCALIDAD` VALUES (1031,'PUNTA DEL AGUA','6','135','5931');
INSERT INTO `T_LOCALIDAD` VALUES (1032,'RIO TERCERO','6','135','5850');
INSERT INTO `T_LOCALIDAD` VALUES (1033,'TANCACHA','6','135','5933');
INSERT INTO `T_LOCALIDAD` VALUES (1034,'VILLA ASCASUBI','6','135','5935');
INSERT INTO `T_LOCALIDAD` VALUES (1035,'COLONIA ALMADA','6','135','5987');
INSERT INTO `T_LOCALIDAD` VALUES (1036,'CORRALITO','6','135','5853');
INSERT INTO `T_LOCALIDAD` VALUES (1037,'GENERAL FOTHERINGHAM','6','135','5933');
INSERT INTO `T_LOCALIDAD` VALUES (1038,'LAS ISLETILLAS','6','135','5931');
INSERT INTO `T_LOCALIDAD` VALUES (1039,'PAMPAYASTA NORTE','6','135','5931');
INSERT INTO `T_LOCALIDAD` VALUES (1040,'VILLA DEL TOTORAL','6','136','5236');
INSERT INTO `T_LOCALIDAD` VALUES (1041,'SARMIENTO','6','136','5212');
INSERT INTO `T_LOCALIDAD` VALUES (1042,'SINSACATE','6','136','5220');
INSERT INTO `T_LOCALIDAD` VALUES (1043,'CAÑADA DE LUQUE','6','136','5229');
INSERT INTO `T_LOCALIDAD` VALUES (1044,'CANDELARIA SUD','6','136','5221');
INSERT INTO `T_LOCALIDAD` VALUES (1045,'CAPILLA DE SITON','6','136','5231');
INSERT INTO `T_LOCALIDAD` VALUES (1046,'LA PAMPA','6','136','5117');
INSERT INTO `T_LOCALIDAD` VALUES (1047,'LAS PEÑAS','6','136','5238');
INSERT INTO `T_LOCALIDAD` VALUES (1048,'LOS MISTOLES','6','136','5229');
INSERT INTO `T_LOCALIDAD` VALUES (1049,'SIMBOLAR','6','136','5242');
INSERT INTO `T_LOCALIDAD` VALUES (1050,'VILLA TULUMBA','6','137','5203');
INSERT INTO `T_LOCALIDAD` VALUES (1051,'LUCIO V. MANSILLA','6','137','5216');
INSERT INTO `T_LOCALIDAD` VALUES (1052,'SAN JOSE DE LA DORMIDA','6','137','5244');
INSERT INTO `T_LOCALIDAD` VALUES (1053,'SAN JOSE DE LAS SALINAS','6','137','5216');
INSERT INTO `T_LOCALIDAD` VALUES (1054,'SAN PEDRO NORTE','6','137','5205');
INSERT INTO `T_LOCALIDAD` VALUES (1055,'LAS ARRIAS','6','137','5231');
INSERT INTO `T_LOCALIDAD` VALUES (1056,'CHURQUI CAÑADA','6','137','5246');
INSERT INTO `T_LOCALIDAD` VALUES (1057,'EL RODEO','6','137','5246');
INSERT INTO `T_LOCALIDAD` VALUES (1058,'ROSARIO DEL SALADILLO','6','137','5233');
INSERT INTO `T_LOCALIDAD` VALUES (1059,'BELL VILLE','6','138','2550');
INSERT INTO `T_LOCALIDAD` VALUES (1060,'BALLESTEROS','6','138','2572');
INSERT INTO `T_LOCALIDAD` VALUES (1061,'BALLESTEROS SUD','6','138','2572');
INSERT INTO `T_LOCALIDAD` VALUES (1062,'ALDEA SANTA MARIA','6','138','2651');
INSERT INTO `T_LOCALIDAD` VALUES (1063,'GOULD','6','138','2664');
INSERT INTO `T_LOCALIDAD` VALUES (1064,'CANALS','6','138','2650');
INSERT INTO `T_LOCALIDAD` VALUES (1065,'CHILIBROSTE','6','138','2561');
INSERT INTO `T_LOCALIDAD` VALUES (1066,'CINTRA','6','138','2559');
INSERT INTO `T_LOCALIDAD` VALUES (1067,'COLONIA BISMARCK','6','138','2651');
INSERT INTO `T_LOCALIDAD` VALUES (1068,'IDIAZABAL','6','138','2557');
INSERT INTO `T_LOCALIDAD` VALUES (1069,'JUSTINIANO POSSE','6','138','2553');
INSERT INTO `T_LOCALIDAD` VALUES (1070,'LABORDE','6','138','2657');
INSERT INTO `T_LOCALIDAD` VALUES (1071,'MONTE LEÑA','6','138','2564');
INSERT INTO `T_LOCALIDAD` VALUES (1072,'MONTE MAIZ','6','138','2659');
INSERT INTO `T_LOCALIDAD` VALUES (1073,'MORRISON','6','138','2568');
INSERT INTO `T_LOCALIDAD` VALUES (1074,'NOETINGER','6','138','2563');
INSERT INTO `T_LOCALIDAD` VALUES (1075,'ORDOÑEZ','6','138','2555');
INSERT INTO `T_LOCALIDAD` VALUES (1076,'PASCANAS','6','138','2679');
INSERT INTO `T_LOCALIDAD` VALUES (1077,'PUEBLO ITALIANO','6','138','2651');
INSERT INTO `T_LOCALIDAD` VALUES (1078,'SAN ANTONIO DE LITIN','6','138','2559');
INSERT INTO `T_LOCALIDAD` VALUES (1079,'SAN MARCOS SUD','6','138','2566');
INSERT INTO `T_LOCALIDAD` VALUES (1080,'VIAMONTE','6','138','2671');
INSERT INTO `T_LOCALIDAD` VALUES (1081,'WENCESLAO ESCALANTE','6','138','2655');
INSERT INTO `T_LOCALIDAD` VALUES (1082,'ALTO ALEGRE','6','138','5907');
INSERT INTO `T_LOCALIDAD` VALUES (1083,'ANA ZUMARAN','6','138','5905');
INSERT INTO `T_LOCALIDAD` VALUES (1084,'COLONIA BREMEN','6','138','2651');
INSERT INTO `T_LOCALIDAD` VALUES (1085,'VILLA LOS PATOS','6','138','2551');
INSERT INTO `T_LOCALIDAD` VALUES (1086,'COLON','8','96','3280');
INSERT INTO `T_LOCALIDAD` VALUES (1087,'SAN JOSE','8','96','3283');
INSERT INTO `T_LOCALIDAD` VALUES (1088,'VILLA ELISA','8','96','3265');
INSERT INTO `T_LOCALIDAD` VALUES (1089,'UBAJAY','8','96','3287');
INSERT INTO `T_LOCALIDAD` VALUES (1090,'CONCORDIA','8','97','3200');
INSERT INTO `T_LOCALIDAD` VALUES (1091,'COLONIA AYUI','8','97','3201');
INSERT INTO `T_LOCALIDAD` VALUES (1092,'ESTANCIA GRANDE','8','97','3201');
INSERT INTO `T_LOCALIDAD` VALUES (1093,'LA CRIOLLA','8','97','3212');
INSERT INTO `T_LOCALIDAD` VALUES (1094,'LOS CHARRUAS','8','97','3212');
INSERT INTO `T_LOCALIDAD` VALUES (1095,'PUERTO YERUA','8','97','3201');
INSERT INTO `T_LOCALIDAD` VALUES (1096,'DIAMANTE','8','98','3105');
INSERT INTO `T_LOCALIDAD` VALUES (1097,'GENERAL RAMIREZ','8','98','3164');
INSERT INTO `T_LOCALIDAD` VALUES (1098,'ALDEA VALLE MARIA','8','98','3101');
INSERT INTO `T_LOCALIDAD` VALUES (1099,'LIBERTADOR SAN MARTIN','8','98','3103');
INSERT INTO `T_LOCALIDAD` VALUES (1100,'FEDERACION','8','99','3206');
INSERT INTO `T_LOCALIDAD` VALUES (1101,'CHAJARI','8','99','3228');
INSERT INTO `T_LOCALIDAD` VALUES (1102,'LOS CONQUISTADORES','8','99','3183');
INSERT INTO `T_LOCALIDAD` VALUES (1103,'SAN JAIME DE LA FRONTERA','8','99','3185');
INSERT INTO `T_LOCALIDAD` VALUES (1104,'SANTA ANA','8','99','3208');
INSERT INTO `T_LOCALIDAD` VALUES (1105,'VILLA DEL ROSARIO','8','99','3229');
INSERT INTO `T_LOCALIDAD` VALUES (1106,'FEDERAL','8','100','3180');
INSERT INTO `T_LOCALIDAD` VALUES (1107,'CONSCRIPTO BERNARDI','8','100','3188');
INSERT INTO `T_LOCALIDAD` VALUES (1108,'SAUCE DE LUNA','8','100','3144');
INSERT INTO `T_LOCALIDAD` VALUES (1109,'GUALEGUAY','8','101','2840');
INSERT INTO `T_LOCALIDAD` VALUES (1110,'GENERAL GALARZA','8','101','2843');
INSERT INTO `T_LOCALIDAD` VALUES (1111,'GUALEGUAYCHU','8','102','2820');
INSERT INTO `T_LOCALIDAD` VALUES (1112,'LARROQUE','8','102','2854');
INSERT INTO `T_LOCALIDAD` VALUES (1113,'URDINARRAIN','8','102','2826');
INSERT INTO `T_LOCALIDAD` VALUES (1114,'GILBERT','8','102','2828');
INSERT INTO `T_LOCALIDAD` VALUES (1115,'PUEBLO GENERAL BELGRANO','8','102','2821');
INSERT INTO `T_LOCALIDAD` VALUES (1116,'VILLA PARANACITO','8','103','2823');
INSERT INTO `T_LOCALIDAD` VALUES (1117,'PUERTO IBICUY','8','103','2846');
INSERT INTO `T_LOCALIDAD` VALUES (1118,'CEIBAS','8','103','2823');
INSERT INTO `T_LOCALIDAD` VALUES (1119,'MEDANOS','8','103','2848');
INSERT INTO `T_LOCALIDAD` VALUES (1120,'LA PAZ','8','104','3190');
INSERT INTO `T_LOCALIDAD` VALUES (1121,'SANTA ELENA','8','104','3192');
INSERT INTO `T_LOCALIDAD` VALUES (1122,'BOVRIL','8','104','3142');
INSERT INTO `T_LOCALIDAD` VALUES (1123,'SAN GUSTAVO','8','104','3191');
INSERT INTO `T_LOCALIDAD` VALUES (1124,'VILLA ALCARAZ','8','104','3138');
INSERT INTO `T_LOCALIDAD` VALUES (1125,'PIEDRAS BLANCAS','8','104','3129');
INSERT INTO `T_LOCALIDAD` VALUES (1126,'NOGOYA','8','105','3150');
INSERT INTO `T_LOCALIDAD` VALUES (1127,'LUCAS GONZALEZ','8','105','3158');
INSERT INTO `T_LOCALIDAD` VALUES (1128,'ARANGUREN','8','105','3162');
INSERT INTO `T_LOCALIDAD` VALUES (1129,'HERNANDEZ','8','105','3156');
INSERT INTO `T_LOCALIDAD` VALUES (1130,'PARANA','8','106','3100');
INSERT INTO `T_LOCALIDAD` VALUES (1131,'MARIA GRANDE','8','106','3133');
INSERT INTO `T_LOCALIDAD` VALUES (1132,'CRESPO','8','106','3116');
INSERT INTO `T_LOCALIDAD` VALUES (1133,'SAN BENITO','8','106','3107');
INSERT INTO `T_LOCALIDAD` VALUES (1134,'VIALE','8','106','3109');
INSERT INTO `T_LOCALIDAD` VALUES (1135,'VILLA HERNANDARIAS','8','106','3127');
INSERT INTO `T_LOCALIDAD` VALUES (1136,'CERRITO','8','106','3122');
INSERT INTO `T_LOCALIDAD` VALUES (1137,'COLONIA AVELLANEDA','8','106','3107');
INSERT INTO `T_LOCALIDAD` VALUES (1138,'HASENKAMP','8','106','3134');
INSERT INTO `T_LOCALIDAD` VALUES (1139,'ORO VERDE','8','106','3100');
INSERT INTO `T_LOCALIDAD` VALUES (1140,'SEGUI','8','106','3117');
INSERT INTO `T_LOCALIDAD` VALUES (1141,'TABOSSI','8','106','3111');
INSERT INTO `T_LOCALIDAD` VALUES (1142,'VILLA URQUIZA','8','106','3113');
INSERT INTO `T_LOCALIDAD` VALUES (1143,'SAN JOSE DE FELICIANO','8','107','3187');
INSERT INTO `T_LOCALIDAD` VALUES (1144,'DISTRITO CHAÑAR','8','107','3187');
INSERT INTO `T_LOCALIDAD` VALUES (1145,'LA VERBENA','8','107','3185');
INSERT INTO `T_LOCALIDAD` VALUES (1146,'LAGUNA BENITEZ','8','107','3183');
INSERT INTO `T_LOCALIDAD` VALUES (1147,'SAN VICTOR','8','107','3191');
INSERT INTO `T_LOCALIDAD` VALUES (1148,'SAN SALVADOR','8','108','3218');
INSERT INTO `T_LOCALIDAD` VALUES (1149,'GENERAL CAMPOS','8','97','3216');
INSERT INTO `T_LOCALIDAD` VALUES (1150,'ROSARIO DEL TALA','8','109','3174');
INSERT INTO `T_LOCALIDAD` VALUES (1151,'MACIA','8','109','3177');
INSERT INTO `T_LOCALIDAD` VALUES (1152,'GOBERNADOR MANSILLA','8','109','2845');
INSERT INTO `T_LOCALIDAD` VALUES (1153,'CONCEPCION DEL URUGUAY','8','110','3260');
INSERT INTO `T_LOCALIDAD` VALUES (1154,'BASAVILBASO','8','110','3170');
INSERT INTO `T_LOCALIDAD` VALUES (1155,'CASEROS','8','110','3262');
INSERT INTO `T_LOCALIDAD` VALUES (1156,'COLONIA ELIA','8','110','3261');
INSERT INTO `T_LOCALIDAD` VALUES (1157,'HERRERA','8','110','3272');
INSERT INTO `T_LOCALIDAD` VALUES (1158,'PRIMERO DE MAYO','8','110','3263');
INSERT INTO `T_LOCALIDAD` VALUES (1159,'PRONUNCIAMIENTO','8','110','3263');
INSERT INTO `T_LOCALIDAD` VALUES (1160,'SAN JUSTO','8','110','3260');
INSERT INTO `T_LOCALIDAD` VALUES (1161,'SANTA ANITA','8','110','3248');
INSERT INTO `T_LOCALIDAD` VALUES (1162,'VILLA MANTERO','8','110','3272');
INSERT INTO `T_LOCALIDAD` VALUES (1163,'VICTORIA','8','111','3153');
INSERT INTO `T_LOCALIDAD` VALUES (1164,'RINCON DE NOGOYA','8','111','3155');
INSERT INTO `T_LOCALIDAD` VALUES (1165,'RINCON DEL DOLL','8','111','3101');
INSERT INTO `T_LOCALIDAD` VALUES (1166,'VILLAGUAY','8','112','3240');
INSERT INTO `T_LOCALIDAD` VALUES (1167,'ESTACION RAICES','8','112','3241');
INSERT INTO `T_LOCALIDAD` VALUES (1168,'LUCAS SUR PRIMERA','8','112','3241');
INSERT INTO `T_LOCALIDAD` VALUES (1169,'PARAJE LOS ALGARROBOS','8','112',NULL);
INSERT INTO `T_LOCALIDAD` VALUES (1170,'PINTO','22','139','2356');
INSERT INTO `T_LOCALIDAD` VALUES (1171,'MALBRAN','22','139','2354');
INSERT INTO `T_LOCALIDAD` VALUES (1172,'CAMPO GALLO','22','140','3747');
INSERT INTO `T_LOCALIDAD` VALUES (1173,'SACHAYOJ','22','140','3731');
INSERT INTO `T_LOCALIDAD` VALUES (1174,'VILLA ATAMISQUI','22','141','4317');
INSERT INTO `T_LOCALIDAD` VALUES (1175,'ESTACION ATAMISQUI','22','141','4315');
INSERT INTO `T_LOCALIDAD` VALUES (1176,'MEDELLIN','22','141','4313');
INSERT INTO `T_LOCALIDAD` VALUES (1177,'HERRERA','22','142','4328');
INSERT INTO `T_LOCALIDAD` VALUES (1178,'COLONIA DORA','22','142','4332');
INSERT INTO `T_LOCALIDAD` VALUES (1179,'ICAÑO','22','142','4334');
INSERT INTO `T_LOCALIDAD` VALUES (1180,'LUGONES','22','142','4326');
INSERT INTO `T_LOCALIDAD` VALUES (1181,'REAL SAYANA','22','142','4334');
INSERT INTO `T_LOCALIDAD` VALUES (1182,'LA BANDA','22','143','4300');
INSERT INTO `T_LOCALIDAD` VALUES (1183,'CLODOMIRA','22','143','4338');
INSERT INTO `T_LOCALIDAD` VALUES (1184,'LOS QUIROGA','22','143','4201');
INSERT INTO `T_LOCALIDAD` VALUES (1185,'ESTACION SIMBOLAR','22','143','4339');
INSERT INTO `T_LOCALIDAD` VALUES (1186,'BANDERA','22','144','3064');
INSERT INTO `T_LOCALIDAD` VALUES (1187,'FORTIN INCA','22','144','3062');
INSERT INTO `T_LOCALIDAD` VALUES (1188,'GUARDIA ESCOLTA','22','144','3062');
INSERT INTO `T_LOCALIDAD` VALUES (1189,'SANTIAGO DEL ESTERO','22','145','4200');
INSERT INTO `T_LOCALIDAD` VALUES (1190,'FRIAS','22','146','4230');
INSERT INTO `T_LOCALIDAD` VALUES (1191,'CHOYA','22','146','4233');
INSERT INTO `T_LOCALIDAD` VALUES (1192,'LAPRIDA','22','146','4205');
INSERT INTO `T_LOCALIDAD` VALUES (1193,'TAPSO','22','146','4234');
INSERT INTO `T_LOCALIDAD` VALUES (1194,'VILLA LA PUNTA','22','146','4203');
INSERT INTO `T_LOCALIDAD` VALUES (1195,'MONTE QUEMADO','22','147','3714');
INSERT INTO `T_LOCALIDAD` VALUES (1196,'PAMPA DE LOS GUANACOS','22','147','3712');
INSERT INTO `T_LOCALIDAD` VALUES (1197,'LOS PIRPINTOS','22','147','3712');
INSERT INTO `T_LOCALIDAD` VALUES (1198,'LA CAÑADA','22','148','4354');
INSERT INTO `T_LOCALIDAD` VALUES (1199,'BANDERA BAJADA','22','148','4301');
INSERT INTO `T_LOCALIDAD` VALUES (1200,'AÑATUYA','22','149','3760');
INSERT INTO `T_LOCALIDAD` VALUES (1201,'LOS JURIES','22','149','3763');
INSERT INTO `T_LOCALIDAD` VALUES (1202,'AVERIAS','22','149','3766');
INSERT INTO `T_LOCALIDAD` VALUES (1203,'ESTACION TACAÑITAS','22','149','3766');
INSERT INTO `T_LOCALIDAD` VALUES (1204,'TOMAS YOUNG','22','149','3765');
INSERT INTO `T_LOCALIDAD` VALUES (1205,'SAN PEDRO DE GUASAYAN','22','150','4238');
INSERT INTO `T_LOCALIDAD` VALUES (1206,'LAVALLE','22','150','4234');
INSERT INTO `T_LOCALIDAD` VALUES (1207,'POZO HONDO','22','151','4184');
INSERT INTO `T_LOCALIDAD` VALUES (1208,'EL CHARCO','22','151','4306');
INSERT INTO `T_LOCALIDAD` VALUES (1209,'GRAMILLA','22','151','4304');
INSERT INTO `T_LOCALIDAD` VALUES (1210,'SUNCHO CORRAL','22','152','4350');
INSERT INTO `T_LOCALIDAD` VALUES (1211,'MATARA','22','152','4356');
INSERT INTO `T_LOCALIDAD` VALUES (1212,'VILELAS','22','152','3752');
INSERT INTO `T_LOCALIDAD` VALUES (1213,'LORETO','22','153','4208');
INSERT INTO `T_LOCALIDAD` VALUES (1214,'VILLA UNION','22','154','2357');
INSERT INTO `T_LOCALIDAD` VALUES (1215,'QUIMILI','22','155','3740');
INSERT INTO `T_LOCALIDAD` VALUES (1216,'TINTINA','22','155','3743');
INSERT INTO `T_LOCALIDAD` VALUES (1217,'WEISBURD','22','155','4351');
INSERT INTO `T_LOCALIDAD` VALUES (1218,'VILLA OJO DE AGUA','22','156','5250');
INSERT INTO `T_LOCALIDAD` VALUES (1219,'SOL DE JULIO','22','156','5255');
INSERT INTO `T_LOCALIDAD` VALUES (1220,'NUEVA ESPERANZA','22','157','4197');
INSERT INTO `T_LOCALIDAD` VALUES (1221,'EL MOJON','22','157','4197');
INSERT INTO `T_LOCALIDAD` VALUES (1222,'SUMAMPA','22','158','5253');
INSERT INTO `T_LOCALIDAD` VALUES (1223,'TERMAS DE RIO HONDO','22','159','4220');
INSERT INTO `T_LOCALIDAD` VALUES (1224,'LOS NUÑEZ','22','159','4201');
INSERT INTO `T_LOCALIDAD` VALUES (1225,'VILLA RIO HONDO','22','159','4225');
INSERT INTO `T_LOCALIDAD` VALUES (1226,'SELVA','22','160','2354');
INSERT INTO `T_LOCALIDAD` VALUES (1227,'COLONIA ALPINA','22','160','2341');
INSERT INTO `T_LOCALIDAD` VALUES (1228,'PALO NEGRO','22','160','2354');
INSERT INTO `T_LOCALIDAD` VALUES (1229,'FERNANDEZ','22','161','4322');
INSERT INTO `T_LOCALIDAD` VALUES (1230,'BELTRAN','22','161','4308');
INSERT INTO `T_LOCALIDAD` VALUES (1231,'INGENIERO FORRES','22','161','4322');
INSERT INTO `T_LOCALIDAD` VALUES (1232,'COLONIA EL SIMBOLAR','22','161','4354');
INSERT INTO `T_LOCALIDAD` VALUES (1233,'VILMER','22','161','4302');
INSERT INTO `T_LOCALIDAD` VALUES (1234,'LOS TELARES','22','162','4321');
INSERT INTO `T_LOCALIDAD` VALUES (1235,'CHILCA JULIANA','22','162','4319');
INSERT INTO `T_LOCALIDAD` VALUES (1236,'VILLA SALAVINA','22','162','4319');
INSERT INTO `T_LOCALIDAD` VALUES (1237,'BREA POZO','22','163','4313');
INSERT INTO `T_LOCALIDAD` VALUES (1238,'ESTACION TABOADA','22','163','4324');
INSERT INTO `T_LOCALIDAD` VALUES (1239,'GARZA','22','164','4324');
INSERT INTO `T_LOCALIDAD` VALUES (1240,'ARRAGA','22','165','4206');
INSERT INTO `T_LOCALIDAD` VALUES (1241,'NUEVA FRANCIA','22','165','4206');
INSERT INTO `T_LOCALIDAD` VALUES (1242,'VILLA SILIPICA','22','165','4206');
INSERT INTO `T_LOCALIDAD` VALUES (1243,'BURRUYACU','24','166','4119');
INSERT INTO `T_LOCALIDAD` VALUES (1244,'BENJAMIN ARAOZ Y EL TAJAMAR','24','166','4119');
INSERT INTO `T_LOCALIDAD` VALUES (1245,'EL CHAÑAR','24','166','4117');
INSERT INTO `T_LOCALIDAD` VALUES (1246,'EL NARANJO Y EL SUNCHAL','24','166','4113');
INSERT INTO `T_LOCALIDAD` VALUES (1247,'EL PUESTITO','24','166','4119');
INSERT INTO `T_LOCALIDAD` VALUES (1248,'EL TIMBO','24','166','4101');
INSERT INTO `T_LOCALIDAD` VALUES (1249,'GOBERNADOR GARMENDIA','24','166','4187');
INSERT INTO `T_LOCALIDAD` VALUES (1250,'LA RAMADA Y LA CRUZ','24','166','4119');
INSERT INTO `T_LOCALIDAD` VALUES (1251,'PIEDRABUENA','24','166','4187');
INSERT INTO `T_LOCALIDAD` VALUES (1252,'SIETE DE ABRIL','24','166','4195');
INSERT INTO `T_LOCALIDAD` VALUES (1253,'TALA POZO','24','166','4119');
INSERT INTO `T_LOCALIDAD` VALUES (1254,'VILLA PADRE MONTI','24','166','4101');
INSERT INTO `T_LOCALIDAD` VALUES (1255,'SAN MIGUEL DE TUCUMAN','24','167','4000');
INSERT INTO `T_LOCALIDAD` VALUES (1256,'CONCEPCION','24','168','4146');
INSERT INTO `T_LOCALIDAD` VALUES (1257,'ALPACHIRI Y EL MOLINO','24','168','4149');
INSERT INTO `T_LOCALIDAD` VALUES (1258,'ALTO VERDE Y LOS GUCHEAS','24','168','4153');
INSERT INTO `T_LOCALIDAD` VALUES (1259,'ARCADIA','24','168','4147');
INSERT INTO `T_LOCALIDAD` VALUES (1260,'GASTONA Y BELICHA','24','168','4149');
INSERT INTO `T_LOCALIDAD` VALUES (1261,'INGENIO LA TRINIDAD','24','168','4151');
INSERT INTO `T_LOCALIDAD` VALUES (1262,'MEDINAS','24','168','4151');
INSERT INTO `T_LOCALIDAD` VALUES (1263,'BANDA DEL RIO SALI','24','169','4109');
INSERT INTO `T_LOCALIDAD` VALUES (1264,'ALDERETES','24','169','4178');
INSERT INTO `T_LOCALIDAD` VALUES (1265,'COLOMBRES','24','169','4111');
INSERT INTO `T_LOCALIDAD` VALUES (1266,'DELFIN GALLO - COMUNA','24','169','4117');
INSERT INTO `T_LOCALIDAD` VALUES (1267,'EL BRACHO Y EL CEVILAR','24','169','4111');
INSERT INTO `T_LOCALIDAD` VALUES (1268,'EL NARANJITO','24','169','4115');
INSERT INTO `T_LOCALIDAD` VALUES (1269,'LA FLORIDA Y LUISIANA','24','169','4117');
INSERT INTO `T_LOCALIDAD` VALUES (1270,'LAS CEJAS','24','169','4186');
INSERT INTO `T_LOCALIDAD` VALUES (1271,'LOS BULACIO Y LOS VILLAGRA','24','169','4111');
INSERT INTO `T_LOCALIDAD` VALUES (1272,'LOS PEREYRA','24','169','4178');
INSERT INTO `T_LOCALIDAD` VALUES (1273,'LOS PEREZ','24','169','4117');
INSERT INTO `T_LOCALIDAD` VALUES (1274,'LOS RALOS','24','169','4182');
INSERT INTO `T_LOCALIDAD` VALUES (1275,'RANCHILLOS Y SAN MIGUEL','24','169','4178');
INSERT INTO `T_LOCALIDAD` VALUES (1276,'SAN ANDRES','24','169','4111');
INSERT INTO `T_LOCALIDAD` VALUES (1277,'FAMAILLA','24','170','4132');
INSERT INTO `T_LOCALIDAD` VALUES (1278,'GRANEROS','24','171','4159');
INSERT INTO `T_LOCALIDAD` VALUES (1279,'LAMADRID','24','171','4176');
INSERT INTO `T_LOCALIDAD` VALUES (1280,'TACO RALO','24','171','4242');
INSERT INTO `T_LOCALIDAD` VALUES (1281,'JUAN BAUTISTA ALBERDI','24','172','4158');
INSERT INTO `T_LOCALIDAD` VALUES (1282,'ESCABA','24','172','4158');
INSERT INTO `T_LOCALIDAD` VALUES (1283,'VILLA BELGRANO','24','172','4158');
INSERT INTO `T_LOCALIDAD` VALUES (1284,'LA COCHA','24','173','4162');
INSERT INTO `T_LOCALIDAD` VALUES (1285,'EL SACRIFICIO','24','173','4161');
INSERT INTO `T_LOCALIDAD` VALUES (1286,'HUASA PAMPA','24','173','4142');
INSERT INTO `T_LOCALIDAD` VALUES (1287,'LA COCHA','24','173','4162');
INSERT INTO `T_LOCALIDAD` VALUES (1288,'RUMI PUNCO','24','173','4164');
INSERT INTO `T_LOCALIDAD` VALUES (1289,'SAN IGNACIO','24','173','4162');
INSERT INTO `T_LOCALIDAD` VALUES (1290,'SAN JOSE DE LA COCHA','24','173','4163');
INSERT INTO `T_LOCALIDAD` VALUES (1291,'YANIMA','24','173','4158');
INSERT INTO `T_LOCALIDAD` VALUES (1292,'BELLA VISTA','24','174','4168');
INSERT INTO `T_LOCALIDAD` VALUES (1293,'AGUA DULCE Y LA SOLEDAD','24','174','4168');
INSERT INTO `T_LOCALIDAD` VALUES (1294,'EL MOJON','24','174','4178');
INSERT INTO `T_LOCALIDAD` VALUES (1295,'ESQUINA Y MANCOPA','24','174','4111');
INSERT INTO `T_LOCALIDAD` VALUES (1296,'ESTACION ARAOZ Y TACANAS','24','174','4178');
INSERT INTO `T_LOCALIDAD` VALUES (1297,'INGENIO LEALES','24','174','4111');
INSERT INTO `T_LOCALIDAD` VALUES (1298,'LA ENCANTADA','24','174','4111');
INSERT INTO `T_LOCALIDAD` VALUES (1299,'LAS TALAS','24','174','4178');
INSERT INTO `T_LOCALIDAD` VALUES (1300,'LOS GOMEZ','24','174','4113');
INSERT INTO `T_LOCALIDAD` VALUES (1301,'LOS PUESTOS','24','174','4115');
INSERT INTO `T_LOCALIDAD` VALUES (1302,'MANUEL GARCIA FERNANDEZ','24','174','4166');
INSERT INTO `T_LOCALIDAD` VALUES (1303,'QUILMES Y LOS SUELDOS','24','174','4111');
INSERT INTO `T_LOCALIDAD` VALUES (1304,'RIO COLORADO','24','174','4166');
INSERT INTO `T_LOCALIDAD` VALUES (1305,'SANTA ROSA DE LEALES','24','174','4111');
INSERT INTO `T_LOCALIDAD` VALUES (1306,'VILLA DE LEALES','24','174','4113');
INSERT INTO `T_LOCALIDAD` VALUES (1307,'VILLA FIAD','24','174','4111');
INSERT INTO `T_LOCALIDAD` VALUES (1308,'LULES','24','175','4128');
INSERT INTO `T_LOCALIDAD` VALUES (1309,'EL MANANTIAL','24','175','4105');
INSERT INTO `T_LOCALIDAD` VALUES (1310,'SAN FELIPE Y SANTA BARBARA','24','175','4105');
INSERT INTO `T_LOCALIDAD` VALUES (1311,'SAN PABLO Y VILLA NOUGUES','24','175','4129');
INSERT INTO `T_LOCALIDAD` VALUES (1312,'MONTEROS','24','176','4142');
INSERT INTO `T_LOCALIDAD` VALUES (1313,'ACHERAL','24','176','4134');
INSERT INTO `T_LOCALIDAD` VALUES (1314,'AMBERES','24','176','4144');
INSERT INTO `T_LOCALIDAD` VALUES (1315,'CAPITAN CACERES','24','176','4142');
INSERT INTO `T_LOCALIDAD` VALUES (1316,'EL CERCADO','24','176','4142');
INSERT INTO `T_LOCALIDAD` VALUES (1317,'LOS SOSAS','24','176','4142');
INSERT INTO `T_LOCALIDAD` VALUES (1318,'RIO SECO','24','176','4145');
INSERT INTO `T_LOCALIDAD` VALUES (1319,'SANTA LUCIA','24','176','4135');
INSERT INTO `T_LOCALIDAD` VALUES (1320,'SANTA ROSA Y LOS ROJO','24','176','4143');
INSERT INTO `T_LOCALIDAD` VALUES (1321,'SARGENTO MOYA','24','176','4144');
INSERT INTO `T_LOCALIDAD` VALUES (1322,'SOLDADO MALDONADO','24','176','4142');
INSERT INTO `T_LOCALIDAD` VALUES (1323,'TENIENTE BERDINA','24','176','4132');
INSERT INTO `T_LOCALIDAD` VALUES (1324,'VILLA QUINTEROS','24','176','4144');
INSERT INTO `T_LOCALIDAD` VALUES (1325,'AGUILARES','24','177','4152');
INSERT INTO `T_LOCALIDAD` VALUES (1326,'EL POLEAR','24','177','4161');
INSERT INTO `T_LOCALIDAD` VALUES (1327,'LOS SARMIENTOS Y LA TIPA','24','177','4157');
INSERT INTO `T_LOCALIDAD` VALUES (1328,'MONTE BELLO','24','177','4157');
INSERT INTO `T_LOCALIDAD` VALUES (1329,'SANTA ANA','24','177','4155');
INSERT INTO `T_LOCALIDAD` VALUES (1330,'SIMOCA','24','178','4172');
INSERT INTO `T_LOCALIDAD` VALUES (1331,'ATAHONA','24','178','4174');
INSERT INTO `T_LOCALIDAD` VALUES (1332,'BUENA VISTA','24','178','4172');
INSERT INTO `T_LOCALIDAD` VALUES (1333,'CIUDACITA','24','178','4174');
INSERT INTO `T_LOCALIDAD` VALUES (1334,'MANUELA PEDRAZA','24','178','4166');
INSERT INTO `T_LOCALIDAD` VALUES (1335,'MONTEAGUDO','24','178','4174');
INSERT INTO `T_LOCALIDAD` VALUES (1336,'PAMPA MAYO','24','178','4172');
INSERT INTO `T_LOCALIDAD` VALUES (1337,'RIO CHICO Y NUEVA TRINIDAD','24','178','4153');
INSERT INTO `T_LOCALIDAD` VALUES (1338,'SAN PEDRO Y SAN ANTONIO','24','178','4172');
INSERT INTO `T_LOCALIDAD` VALUES (1339,'SANTA CRUZ Y LA TUNA','24','178','4149');
INSERT INTO `T_LOCALIDAD` VALUES (1340,'VILLA CHIGLIGASTA','24','178','4174');
INSERT INTO `T_LOCALIDAD` VALUES (1341,'YERBA BUENA','24','178','4172');
INSERT INTO `T_LOCALIDAD` VALUES (1342,'TAFI VIEJO','24','179','4103');
INSERT INTO `T_LOCALIDAD` VALUES (1343,'AMAICHA DEL VALLE','24','179','4137');
INSERT INTO `T_LOCALIDAD` VALUES (1344,'COLALAO DEL VALLE','24','179','4141');
INSERT INTO `T_LOCALIDAD` VALUES (1345,'EL MOLLAR','24','179','4135');
INSERT INTO `T_LOCALIDAD` VALUES (1346,'TAFI VIEJO','24','180','4103');
INSERT INTO `T_LOCALIDAD` VALUES (1347,'LAS TALITAS','24','180','4101');
INSERT INTO `T_LOCALIDAD` VALUES (1348,'ANCA JULI','24','180','4105');
INSERT INTO `T_LOCALIDAD` VALUES (1349,'EL CADILLAL','24','180','4103');
INSERT INTO `T_LOCALIDAD` VALUES (1350,'LA ESPERANZA','24','180','4176');
INSERT INTO `T_LOCALIDAD` VALUES (1351,'LOS NOGALES','24','180','4101');
INSERT INTO `T_LOCALIDAD` VALUES (1352,'RACO','24','180','4105');
INSERT INTO `T_LOCALIDAD` VALUES (1353,'TRANCAS','24','181','4124');
INSERT INTO `T_LOCALIDAD` VALUES (1354,'CHOROMORO','24','181','4122');
INSERT INTO `T_LOCALIDAD` VALUES (1355,'SAN PEDRO DE COLALAO','24','181','4124');
INSERT INTO `T_LOCALIDAD` VALUES (1356,'TAPIA','24','181','4122');
INSERT INTO `T_LOCALIDAD` VALUES (1357,'YERBA BUENA','24','182','4107');
INSERT INTO `T_LOCALIDAD` VALUES (1358,'SAN JAVIER','24','182','4105');
INSERT INTO `T_LOCALIDAD` VALUES (1359,'CEVIL REDONDO','24','182','4105');
INSERT INTO `T_LOCALIDAD` VALUES (1360,'JOAQUIN V. GONZALEZ','17','183','4448');
INSERT INTO `T_LOCALIDAD` VALUES (1361,'APOLINARIO SARAVIA','17','183','4449');
INSERT INTO `T_LOCALIDAD` VALUES (1362,'EL QUEBRACHAL','17','183','4452');
INSERT INTO `T_LOCALIDAD` VALUES (1363,'LAS LAJITAS','17','183','4449');
INSERT INTO `T_LOCALIDAD` VALUES (1364,'GENERAL PIZARRO','17','183','4449');
INSERT INTO `T_LOCALIDAD` VALUES (1365,'CACHI','17','184','4417');
INSERT INTO `T_LOCALIDAD` VALUES (1366,'PAYOGASTA','17','184','4415');
INSERT INTO `T_LOCALIDAD` VALUES (1367,'CAFAYATE','17','185','4427');
INSERT INTO `T_LOCALIDAD` VALUES (1368,'SALTA','17','186','4400');
INSERT INTO `T_LOCALIDAD` VALUES (1369,'CERRILLOS','17','187','4403');
INSERT INTO `T_LOCALIDAD` VALUES (1370,'LA MERCED','17','187','4421');
INSERT INTO `T_LOCALIDAD` VALUES (1371,'CHICOANA','17','188','4423');
INSERT INTO `T_LOCALIDAD` VALUES (1372,'EL CARRIL','17','188','4421');
INSERT INTO `T_LOCALIDAD` VALUES (1373,'GENERAL GÜEMES','17','189','4430');
INSERT INTO `T_LOCALIDAD` VALUES (1374,'CAMPO SANTO','17','189','4432');
INSERT INTO `T_LOCALIDAD` VALUES (1375,'EL BORDO','17','189','4430');
INSERT INTO `T_LOCALIDAD` VALUES (1376,'TARTAGAL','17','190','4560');
INSERT INTO `T_LOCALIDAD` VALUES (1377,'EMBARCACION','17','190','4550');
INSERT INTO `T_LOCALIDAD` VALUES (1378,'GENERAL MOSCONI','17','190','4562');
INSERT INTO `T_LOCALIDAD` VALUES (1379,'SALVADOR MAZZA','17','190','4568');
INSERT INTO `T_LOCALIDAD` VALUES (1380,'AGUARAY','17','190','4566');
INSERT INTO `T_LOCALIDAD` VALUES (1381,'GENERAL BALLIVIAN','17','190','4552');
INSERT INTO `T_LOCALIDAD` VALUES (1382,'GUACHIPAS','17','191','4425');
INSERT INTO `T_LOCALIDAD` VALUES (1383,'IRUYA','17','192','4633');
INSERT INTO `T_LOCALIDAD` VALUES (1384,'ISLA DE CAÑAS','17','192','4531');
INSERT INTO `T_LOCALIDAD` VALUES (1385,'LA CALDERA','17','193','4401');
INSERT INTO `T_LOCALIDAD` VALUES (1386,'VAQUEROS','17','193','4401');
INSERT INTO `T_LOCALIDAD` VALUES (1387,'LA CANDELARIA','17','194','4126');
INSERT INTO `T_LOCALIDAD` VALUES (1388,'EL TALA','17','194','4126');
INSERT INTO `T_LOCALIDAD` VALUES (1389,'EL JARDIN','17','194','4126');
INSERT INTO `T_LOCALIDAD` VALUES (1390,'LA POMA','17','195','4415');
INSERT INTO `T_LOCALIDAD` VALUES (1391,'LA VIÑA','17','196','4425');
INSERT INTO `T_LOCALIDAD` VALUES (1392,'CORONEL MOLDES','17','196','4421');
INSERT INTO `T_LOCALIDAD` VALUES (1393,'SAN ANTONIO DE LOS COBRES','17','197','4411');
INSERT INTO `T_LOCALIDAD` VALUES (1394,'TOLAR GRANDE','17','197','4413');
INSERT INTO `T_LOCALIDAD` VALUES (1395,'SAN JOSE DE METAN','17','198','4440');
INSERT INTO `T_LOCALIDAD` VALUES (1396,'EL GALPON','17','198','4444');
INSERT INTO `T_LOCALIDAD` VALUES (1397,'RIO PIEDRAS','17','198','4434');
INSERT INTO `T_LOCALIDAD` VALUES (1398,'MOLINOS','17','199','4419');
INSERT INTO `T_LOCALIDAD` VALUES (1399,'SECLANTAS','17','199','4419');
INSERT INTO `T_LOCALIDAD` VALUES (1400,'SAN RAMON DE LA NUEVA ORAN','17','200','4530');
INSERT INTO `T_LOCALIDAD` VALUES (1401,'HIPOLITO YRIGOYEN','17','200','4533');
INSERT INTO `T_LOCALIDAD` VALUES (1402,'PICHANAL','17','200','4534');
INSERT INTO `T_LOCALIDAD` VALUES (1403,'URUNDEL','17','200','4542');
INSERT INTO `T_LOCALIDAD` VALUES (1404,'COLONIA SANTA ROSA','17','200','4531');
INSERT INTO `T_LOCALIDAD` VALUES (1405,'RIVADAVIA','17','201','4535');
INSERT INTO `T_LOCALIDAD` VALUES (1406,'SANTA VICTORIA ESTE','17','201','4561');
INSERT INTO `T_LOCALIDAD` VALUES (1407,'ROSARIO DE LA FRONTERA','17','202','4190');
INSERT INTO `T_LOCALIDAD` VALUES (1408,'EL POTRERO','17','202','4193');
INSERT INTO `T_LOCALIDAD` VALUES (1409,'ROSARIO DE LERMA','17','203','4405');
INSERT INTO `T_LOCALIDAD` VALUES (1410,'CAMPO QUIJANO','17','203','4407');
INSERT INTO `T_LOCALIDAD` VALUES (1411,'SAN CARLOS','17','204','4427');
INSERT INTO `T_LOCALIDAD` VALUES (1412,'ANIMANA','17','204','4427');
INSERT INTO `T_LOCALIDAD` VALUES (1413,'ANGASTACO','17','204','4427');
INSERT INTO `T_LOCALIDAD` VALUES (1414,'SANTA VICTORIA OESTE','17','205','4651');
INSERT INTO `T_LOCALIDAD` VALUES (1415,'LOS TOLDOS','17','205','4531');
INSERT INTO `T_LOCALIDAD` VALUES (1416,'NAZARENO','17','205','4651');
INSERT INTO `T_LOCALIDAD` VALUES (1417,'POSCAYA','17','205','4651');
INSERT INTO `T_LOCALIDAD` VALUES (1418,'ABRA PAMPA','10','206','4640');
INSERT INTO `T_LOCALIDAD` VALUES (1419,'ABDON CASTRO TOLAY','10','206','4641');
INSERT INTO `T_LOCALIDAD` VALUES (1420,'ABRALAITE','10','206','4634');
INSERT INTO `T_LOCALIDAD` VALUES (1421,'PUESTO DEL MARQUES','10','206','4644');
INSERT INTO `T_LOCALIDAD` VALUES (1422,'SAN SALVADOR DE JUJUY','10','207','4600');
INSERT INTO `T_LOCALIDAD` VALUES (1423,'ALTO COMEDERO','10','207','4600');
INSERT INTO `T_LOCALIDAD` VALUES (1424,'YALA','10','207','4616');
INSERT INTO `T_LOCALIDAD` VALUES (1425,'LOZANO','10','207','4616');
INSERT INTO `T_LOCALIDAD` VALUES (1426,'LEON','10','207','4616');
INSERT INTO `T_LOCALIDAD` VALUES (1427,'GUERRERO','10','207','4600');
INSERT INTO `T_LOCALIDAD` VALUES (1428,'OCLOYAS','10','207','4601');
INSERT INTO `T_LOCALIDAD` VALUES (1429,'LA ALMONA','10','207','4600');
INSERT INTO `T_LOCALIDAD` VALUES (1430,'EL CARMEN','10','208','4603');
INSERT INTO `T_LOCALIDAD` VALUES (1431,'PERICO','10','208','4608');
INSERT INTO `T_LOCALIDAD` VALUES (1432,'MONTERRICO','10','208','4608');
INSERT INTO `T_LOCALIDAD` VALUES (1433,'PAMPA BLANCA','10','208','4606');
INSERT INTO `T_LOCALIDAD` VALUES (1434,'AGUAS CALIENTES','10','208','4431');
INSERT INTO `T_LOCALIDAD` VALUES (1435,'PUESTO VIEJO','10','208','4606');
INSERT INTO `T_LOCALIDAD` VALUES (1436,'HUMAHUACA','10','209','4630');
INSERT INTO `T_LOCALIDAD` VALUES (1437,'AZUL PAMPA','10','209','4632');
INSERT INTO `T_LOCALIDAD` VALUES (1438,'CAPLA','10','209','4626');
INSERT INTO `T_LOCALIDAD` VALUES (1439,'CASA GRANDE','10','209','4634');
INSERT INTO `T_LOCALIDAD` VALUES (1440,'CHAUPI RODERO','10','209','4632');
INSERT INTO `T_LOCALIDAD` VALUES (1441,'CASILLAS','10','209','4632');
INSERT INTO `T_LOCALIDAD` VALUES (1442,'CIANZO','10','209','4630');
INSERT INTO `T_LOCALIDAD` VALUES (1443,'CORAYA','10','209','4630');
INSERT INTO `T_LOCALIDAD` VALUES (1444,'COBRE','10','209',NULL);
INSERT INTO `T_LOCALIDAD` VALUES (1445,'CHUCALESNA','10','209','4626');
INSERT INTO `T_LOCALIDAD` VALUES (1446,'COCTACA','10','209','4631');
INSERT INTO `T_LOCALIDAD` VALUES (1447,'EL AGUILAR','10','209','4634');
INSERT INTO `T_LOCALIDAD` VALUES (1448,'APARZO','10','209','4630');
INSERT INTO `T_LOCALIDAD` VALUES (1449,'ITURBE','10','209','4632');
INSERT INTO `T_LOCALIDAD` VALUES (1450,'TRES CRUCES','10','209','4634');
INSERT INTO `T_LOCALIDAD` VALUES (1451,'PALCA DE APARZO','10','209','4631');
INSERT INTO `T_LOCALIDAD` VALUES (1452,'RONQUE','10','209','4631');
INSERT INTO `T_LOCALIDAD` VALUES (1453,'PUCARA','10','209','4624');
INSERT INTO `T_LOCALIDAD` VALUES (1454,'UCUMASO','10','209',NULL);
INSERT INTO `T_LOCALIDAD` VALUES (1455,'UQUIA','10','209','4626');
INSERT INTO `T_LOCALIDAD` VALUES (1456,'HORNADITAS','10','209','4630');
INSERT INTO `T_LOCALIDAD` VALUES (1457,'VIZCARRA','10','209','4644');
INSERT INTO `T_LOCALIDAD` VALUES (1458,'RIO GRANDE','10','209','4634');
INSERT INTO `T_LOCALIDAD` VALUES (1459,'CHORCAN','10','209','4631');
INSERT INTO `T_LOCALIDAD` VALUES (1460,'LA CUEVA','10','209','4632');
INSERT INTO `T_LOCALIDAD` VALUES (1461,'LIBERTADOR GENERAL SAN MARTIN','10','210','4512');
INSERT INTO `T_LOCALIDAD` VALUES (1462,'CALILEGUA','10','210','4514');
INSERT INTO `T_LOCALIDAD` VALUES (1463,'FRAILE PINTADO','10','210','4506');
INSERT INTO `T_LOCALIDAD` VALUES (1464,'CAIMANCITO','10','210','4516');
INSERT INTO `T_LOCALIDAD` VALUES (1465,'YUTO','10','210','4518');
INSERT INTO `T_LOCALIDAD` VALUES (1466,'PALPALA','10','211','4612');
INSERT INTO `T_LOCALIDAD` VALUES (1467,'CENTRO FORESTAL','10','211','4612');
INSERT INTO `T_LOCALIDAD` VALUES (1468,'CARAHUNCO','10','211','4612');
INSERT INTO `T_LOCALIDAD` VALUES (1469,'EL ALGARROBAL','10','211','4600');
INSERT INTO `T_LOCALIDAD` VALUES (1470,'LAS CAPILLAS','10','211','4612');
INSERT INTO `T_LOCALIDAD` VALUES (1471,'EL CUCHO','10','211','4600');
INSERT INTO `T_LOCALIDAD` VALUES (1472,'LOS BLANCOS','10','211','4612');
INSERT INTO `T_LOCALIDAD` VALUES (1473,'MINA 9 DE OCTUBRE','10','211','4612');
INSERT INTO `T_LOCALIDAD` VALUES (1474,'ALTOS HORNOS ZAPLA','10','211',NULL);
INSERT INTO `T_LOCALIDAD` VALUES (1475,'RIO BLANCO','10','211','4601');
INSERT INTO `T_LOCALIDAD` VALUES (1476,'VILLA PALPALA','10','211','4612');
INSERT INTO `T_LOCALIDAD` VALUES (1477,'RINCONADA','10','212','4643');
INSERT INTO `T_LOCALIDAD` VALUES (1478,'MINA PIRQUITAS','10','212','4643');
INSERT INTO `T_LOCALIDAD` VALUES (1479,'SAN ANTONIO','10','213','4503');
INSERT INTO `T_LOCALIDAD` VALUES (1480,'SAN PEDRO DE JUJUY','10','214','4500');
INSERT INTO `T_LOCALIDAD` VALUES (1481,'LA MENDIETA','10','214','4522');
INSERT INTO `T_LOCALIDAD` VALUES (1482,'ARRAYANAL','10','214','4503');
INSERT INTO `T_LOCALIDAD` VALUES (1483,'LA ESPERANZA','10','214','4503');
INSERT INTO `T_LOCALIDAD` VALUES (1484,'RODEITO','10','214','4500');
INSERT INTO `T_LOCALIDAD` VALUES (1485,'SANTA CLARA','10','215','4501');
INSERT INTO `T_LOCALIDAD` VALUES (1486,'PALMA SOLA','10','215','4501');
INSERT INTO `T_LOCALIDAD` VALUES (1487,'EL TALAR','10','215','4542');
INSERT INTO `T_LOCALIDAD` VALUES (1488,'EL FUERTE','10','215','4501');
INSERT INTO `T_LOCALIDAD` VALUES (1489,'EL PIQUETE','10','215','4501');
INSERT INTO `T_LOCALIDAD` VALUES (1490,'VINALITO','10','215','4518');
INSERT INTO `T_LOCALIDAD` VALUES (1491,'SANTA CATALINA','10','216','4655');
INSERT INTO `T_LOCALIDAD` VALUES (1492,'CUSI CUSI','10','216','4643');
INSERT INTO `T_LOCALIDAD` VALUES (1493,'CIENEGUILLAS','10','216','4653');
INSERT INTO `T_LOCALIDAD` VALUES (1494,'SUSQUES','10','217','4641');
INSERT INTO `T_LOCALIDAD` VALUES (1495,'CORANZULI','10','217','4643');
INSERT INTO `T_LOCALIDAD` VALUES (1496,'CATUA','10','217','4413');
INSERT INTO `T_LOCALIDAD` VALUES (1497,'TILCARA','10','218','4624');
INSERT INTO `T_LOCALIDAD` VALUES (1498,'HUACALERA','10','218','4626');
INSERT INTO `T_LOCALIDAD` VALUES (1499,'JUELLA','10','218','4624');
INSERT INTO `T_LOCALIDAD` VALUES (1500,'MAIMARA','10','218','4622');
INSERT INTO `T_LOCALIDAD` VALUES (1501,'ALFARCITO','10','218','4624');
INSERT INTO `T_LOCALIDAD` VALUES (1502,'COLONIA SAN JOSE','10','218','4626');
INSERT INTO `T_LOCALIDAD` VALUES (1503,'HUICHAIRA','10','218','4624');
INSERT INTO `T_LOCALIDAD` VALUES (1504,'POSTA DE HORNILLOS','10','218','4618');
INSERT INTO `T_LOCALIDAD` VALUES (1505,'TUMBAYA','10','219','4618');
INSERT INTO `T_LOCALIDAD` VALUES (1506,'HUACHICHOCANA','10','219','4618');
INSERT INTO `T_LOCALIDAD` VALUES (1507,'PURMAMARCA','10','219','4618');
INSERT INTO `T_LOCALIDAD` VALUES (1508,'COIRURO','10','219','4618');
INSERT INTO `T_LOCALIDAD` VALUES (1509,'TUNALITO','10','219','4618');
INSERT INTO `T_LOCALIDAD` VALUES (1510,'VOLCAN','10','219','4616');
INSERT INTO `T_LOCALIDAD` VALUES (1511,'VALLE GRANDE','10','220','4513');
INSERT INTO `T_LOCALIDAD` VALUES (1512,'PAMPICHUELA','10','220','4513');
INSERT INTO `T_LOCALIDAD` VALUES (1513,'SAN FRANCISCO','10','220','4512');
INSERT INTO `T_LOCALIDAD` VALUES (1514,'SANTA ANA','10','220','4631');
INSERT INTO `T_LOCALIDAD` VALUES (1515,'CASPALA','10','220','4631');
INSERT INTO `T_LOCALIDAD` VALUES (1516,'LA QUIACA','10','221','4650');
INSERT INTO `T_LOCALIDAD` VALUES (1517,'YAVI','10','221','4651');
INSERT INTO `T_LOCALIDAD` VALUES (1518,'PUMAHUASI','10','221','4644');
INSERT INTO `T_LOCALIDAD` VALUES (1519,'CANGREJILLOS','10','221','4644');
INSERT INTO `T_LOCALIDAD` VALUES (1520,'EL CONDOR','10','221','4644');
INSERT INTO `T_LOCALIDAD` VALUES (1521,'LA PUERTA','3','222','5251');
INSERT INTO `T_LOCALIDAD` VALUES (1522,'EL RODEO','3','222','5251');
INSERT INTO `T_LOCALIDAD` VALUES (1523,'LAS JUNTAS','3','222','4715');
INSERT INTO `T_LOCALIDAD` VALUES (1524,'LOS VARELA','3','222','4711');
INSERT INTO `T_LOCALIDAD` VALUES (1525,'ANCASTI','3','223','4701');
INSERT INTO `T_LOCALIDAD` VALUES (1526,'ANQUINCILA','3','223','4701');
INSERT INTO `T_LOCALIDAD` VALUES (1527,'LA CANDELARIA','3','223','5333');
INSERT INTO `T_LOCALIDAD` VALUES (1528,'LA MAJADA','3','223','5341');
INSERT INTO `T_LOCALIDAD` VALUES (1529,'ANDALGALA','3','224','4740');
INSERT INTO `T_LOCALIDAD` VALUES (1530,'ALTO DE LAS JUNTAS','3','224','4743');
INSERT INTO `T_LOCALIDAD` VALUES (1531,'ACONQUIJA','3','224','4743');
INSERT INTO `T_LOCALIDAD` VALUES (1532,'AMANAO','3','224','4741');
INSERT INTO `T_LOCALIDAD` VALUES (1533,'BUENA VISTA','3','224','4743');
INSERT INTO `T_LOCALIDAD` VALUES (1534,'CHAQUIAGO','3','224','4741');
INSERT INTO `T_LOCALIDAD` VALUES (1535,'CHOYA','3','224','4741');
INSERT INTO `T_LOCALIDAD` VALUES (1536,'EL ALAMITO','3','224','4743');
INSERT INTO `T_LOCALIDAD` VALUES (1537,'EL LINDERO','3','224','4740');
INSERT INTO `T_LOCALIDAD` VALUES (1538,'EL POTRERO','3','224','4723');
INSERT INTO `T_LOCALIDAD` VALUES (1539,'LA AGUADA','3','224','4740');
INSERT INTO `T_LOCALIDAD` VALUES (1540,'LA MESADA','3','224','4743');
INSERT INTO `T_LOCALIDAD` VALUES (1541,'MINAS CAPILLITAS','3','224','4740');
INSERT INTO `T_LOCALIDAD` VALUES (1542,'ANTOFAGASTA DE LA SIERRA','3','225','4705');
INSERT INTO `T_LOCALIDAD` VALUES (1543,'EL PEÑON','3','225','5345');
INSERT INTO `T_LOCALIDAD` VALUES (1544,'LOS NACIMIENTOS','3','225','4751');
INSERT INTO `T_LOCALIDAD` VALUES (1545,'ANTOFALLA','3','225',NULL);
INSERT INTO `T_LOCALIDAD` VALUES (1546,'BELEN','3','226','4750');
INSERT INTO `T_LOCALIDAD` VALUES (1547,'LONDRES','3','226','4753');
INSERT INTO `T_LOCALIDAD` VALUES (1548,'CORRAL QUEMADO','3','226','4751');
INSERT INTO `T_LOCALIDAD` VALUES (1549,'HUALFIN','3','226','4751');
INSERT INTO `T_LOCALIDAD` VALUES (1550,'POZO DE LA PIEDRA','3','226','4751');
INSERT INTO `T_LOCALIDAD` VALUES (1551,'PUERTA DE CORRAL QUEMADO','3','226','4751');
INSERT INTO `T_LOCALIDAD` VALUES (1552,'PUERTA DE SAN JOSE','3','226','4751');
INSERT INTO `T_LOCALIDAD` VALUES (1553,'SAN FERNANDO','3','226','4751');
INSERT INTO `T_LOCALIDAD` VALUES (1554,'VILLA VIL','3','226','4741');
INSERT INTO `T_LOCALIDAD` VALUES (1555,'HUILLAPIMA','3','227','4726');
INSERT INTO `T_LOCALIDAD` VALUES (1556,'BALDE DE LA PUNTA','3','227','5263');
INSERT INTO `T_LOCALIDAD` VALUES (1557,'CAPAYAN','3','227','4726');
INSERT INTO `T_LOCALIDAD` VALUES (1558,'CHUMBICHA','3','227','4728');
INSERT INTO `T_LOCALIDAD` VALUES (1559,'COLONIA DEL VALLE','3','227','4726');
INSERT INTO `T_LOCALIDAD` VALUES (1560,'COLONIA NUEVA CONETA','3','227','4724');
INSERT INTO `T_LOCALIDAD` VALUES (1561,'CONCEPCION','3','227','4726');
INSERT INTO `T_LOCALIDAD` VALUES (1562,'CONETA','3','227','4724');
INSERT INTO `T_LOCALIDAD` VALUES (1563,'EL BAÑADO','3','227','4724');
INSERT INTO `T_LOCALIDAD` VALUES (1564,'ADOLFO E. CARRANZA','3','227','5263');
INSERT INTO `T_LOCALIDAD` VALUES (1565,'LOS ANGELES','3','227','4724');
INSERT INTO `T_LOCALIDAD` VALUES (1566,'MIRAFLORES','3','227','4724');
INSERT INTO `T_LOCALIDAD` VALUES (1567,'SAN MARTIN','3','227','5263');
INSERT INTO `T_LOCALIDAD` VALUES (1568,'SAN PABLO','3','227','4726');
INSERT INTO `T_LOCALIDAD` VALUES (1569,'SAN PEDRO','3','227','4726');
INSERT INTO `T_LOCALIDAD` VALUES (1570,'SAN FDO. DEL VALLE DE CATAMARCA','3','228','4700');
INSERT INTO `T_LOCALIDAD` VALUES (1571,'EL PANTANILLO','3','228','4700');
INSERT INTO `T_LOCALIDAD` VALUES (1572,'BARRIO BANCARIO','3','228','4700');
INSERT INTO `T_LOCALIDAD` VALUES (1573,'EL ALTO','3','229','5715');
INSERT INTO `T_LOCALIDAD` VALUES (1574,'GUAYAMBA','3','229','4235');
INSERT INTO `T_LOCALIDAD` VALUES (1575,'INFANZON','3','229','4235');
INSERT INTO `T_LOCALIDAD` VALUES (1576,'LOS CORRALES','3','229','4235');
INSERT INTO `T_LOCALIDAD` VALUES (1577,'TAPSO','3','229','4234');
INSERT INTO `T_LOCALIDAD` VALUES (1578,'VILISMAN','3','229','4235');
INSERT INTO `T_LOCALIDAD` VALUES (1579,'SAN JOSE','3','230','4709');
INSERT INTO `T_LOCALIDAD` VALUES (1580,'LA CARRERA','3','230','4711');
INSERT INTO `T_LOCALIDAD` VALUES (1581,'EL HUECO','3','230','9051');
INSERT INTO `T_LOCALIDAD` VALUES (1582,'LA FALDA DE SAN ANTONIO','3','230','4707');
INSERT INTO `T_LOCALIDAD` VALUES (1583,'LA TERCENA','3','230','4707');
INSERT INTO `T_LOCALIDAD` VALUES (1584,'POMANCILLO ESTE','3','230','4711');
INSERT INTO `T_LOCALIDAD` VALUES (1585,'POMANCILLO OESTE','3','230','4711');
INSERT INTO `T_LOCALIDAD` VALUES (1586,'SAN ANTONIO','3','230','4707');
INSERT INTO `T_LOCALIDAD` VALUES (1587,'COLLAGASTA','3','230','4711');
INSERT INTO `T_LOCALIDAD` VALUES (1588,'VILLA LAS PIRQUITAS','3','230','4713');
INSERT INTO `T_LOCALIDAD` VALUES (1589,'RECREO','3','231','5260');
INSERT INTO `T_LOCALIDAD` VALUES (1590,'CASA DE PIEDRA','3','224','4741');
INSERT INTO `T_LOCALIDAD` VALUES (1591,'EL AYBAL','3','231','5261');
INSERT INTO `T_LOCALIDAD` VALUES (1592,'EL BAÑADO','3','231','5261');
INSERT INTO `T_LOCALIDAD` VALUES (1593,'EL DIVISADERO','3','231','5260');
INSERT INTO `T_LOCALIDAD` VALUES (1594,'EL QUIMILO','3','231','5263');
INSERT INTO `T_LOCALIDAD` VALUES (1595,'ESQUIU','3','231','5261');
INSERT INTO `T_LOCALIDAD` VALUES (1596,'ICAÑO','3','231','5265');
INSERT INTO `T_LOCALIDAD` VALUES (1597,'LA DORADA','3','231','5261');
INSERT INTO `T_LOCALIDAD` VALUES (1598,'LAS ESQUINAS','3','231','4707');
INSERT INTO `T_LOCALIDAD` VALUES (1599,'LA GUARDIA','3','231','5263');
INSERT INTO `T_LOCALIDAD` VALUES (1600,'LAS PALMITAS','3','231','4231');
INSERT INTO `T_LOCALIDAD` VALUES (1601,'QUIROS','3','231','5266');
INSERT INTO `T_LOCALIDAD` VALUES (1602,'RAMBLONES','3','231','5261');
INSERT INTO `T_LOCALIDAD` VALUES (1603,'SAN ANTONIO','3','231','5264');
INSERT INTO `T_LOCALIDAD` VALUES (1604,'LA MERCED','3','232','4718');
INSERT INTO `T_LOCALIDAD` VALUES (1605,'AMADORES','3','232','4716');
INSERT INTO `T_LOCALIDAD` VALUES (1606,'EL ROSARIO','3','232','4719');
INSERT INTO `T_LOCALIDAD` VALUES (1607,'LA BAJADA','3','232','4716');
INSERT INTO `T_LOCALIDAD` VALUES (1608,'LA HIGUERA','3','232','4719');
INSERT INTO `T_LOCALIDAD` VALUES (1609,'LA VIÑA','3','232','4722');
INSERT INTO `T_LOCALIDAD` VALUES (1610,'LAS LAJAS','3','232','4719');
INSERT INTO `T_LOCALIDAD` VALUES (1611,'MONTE POTRERO','3','232','4716');
INSERT INTO `T_LOCALIDAD` VALUES (1612,'PALO LABRADO','3','232','4716');
INSERT INTO `T_LOCALIDAD` VALUES (1613,'SAN ANTONIO - PACLIN','3','232','4719');
INSERT INTO `T_LOCALIDAD` VALUES (1614,'VILLA DE BALCOZNA','3','232','4719');
INSERT INTO `T_LOCALIDAD` VALUES (1615,'SAUJIL','3','233','5321');
INSERT INTO `T_LOCALIDAD` VALUES (1616,'POMAN','3','233','5315');
INSERT INTO `T_LOCALIDAD` VALUES (1617,'MUTQUIN','3','233','5317');
INSERT INTO `T_LOCALIDAD` VALUES (1618,'SANTA MARIA - CATAMARCA','3','234','4139');
INSERT INTO `T_LOCALIDAD` VALUES (1619,'CASA DE PIEDRA','3','234','4139');
INSERT INTO `T_LOCALIDAD` VALUES (1620,'CASPICHANGO','3','234','4139');
INSERT INTO `T_LOCALIDAD` VALUES (1621,'CHAÑAR PUNCO','3','234','4139');
INSERT INTO `T_LOCALIDAD` VALUES (1622,'EL CAJON','3','234','4139');
INSERT INTO `T_LOCALIDAD` VALUES (1623,'EL CERRITO','3','234','4139');
INSERT INTO `T_LOCALIDAD` VALUES (1624,'EL DESMONTE','3','234','4139');
INSERT INTO `T_LOCALIDAD` VALUES (1625,'EL PUESTO','3','234','4139');
INSERT INTO `T_LOCALIDAD` VALUES (1626,'FAMATANCA','3','234','4139');
INSERT INTO `T_LOCALIDAD` VALUES (1627,'FUERTE QUEMADO','3','234','4141');
INSERT INTO `T_LOCALIDAD` VALUES (1628,'LA HOYADA','3','234','4198');
INSERT INTO `T_LOCALIDAD` VALUES (1629,'LA LOMA','3','234','4139');
INSERT INTO `T_LOCALIDAD` VALUES (1630,'LA PUNTILLA','3','234','4139');
INSERT INTO `T_LOCALIDAD` VALUES (1631,'LAMPASITO','3','234','4139');
INSERT INTO `T_LOCALIDAD` VALUES (1632,'LAS MOJARRAS','3','234','4198');
INSERT INTO `T_LOCALIDAD` VALUES (1633,'LORO HUASI','3','234','4139');
INSERT INTO `T_LOCALIDAD` VALUES (1634,'MEDANITOS','3','234','5341');
INSERT INTO `T_LOCALIDAD` VALUES (1635,'PALO SECO','3','234','4139');
INSERT INTO `T_LOCALIDAD` VALUES (1636,'PUNTA DE BALASTO','3','234','4139');
INSERT INTO `T_LOCALIDAD` VALUES (1637,'SAN JOSE','3','234','4139');
INSERT INTO `T_LOCALIDAD` VALUES (1638,'SAN JOSE BANDA','3','234','4139');
INSERT INTO `T_LOCALIDAD` VALUES (1639,'SAN JOSE NORTE','3','234','4139');
INSERT INTO `T_LOCALIDAD` VALUES (1640,'SAN JOSE VILLA','3','234','4139');
INSERT INTO `T_LOCALIDAD` VALUES (1641,'YAPES','3','234','4139');
INSERT INTO `T_LOCALIDAD` VALUES (1642,'ANDALHUALA','3','234','4139');
INSERT INTO `T_LOCALIDAD` VALUES (1643,'BAÑADO DE OVANTA','3','235','4723');
INSERT INTO `T_LOCALIDAD` VALUES (1644,'LAS CAÑAS','3','235','4235');
INSERT INTO `T_LOCALIDAD` VALUES (1645,'LAVALLE','3','235','5343');
INSERT INTO `T_LOCALIDAD` VALUES (1646,'LOS ALTOS','3','235','4723');
INSERT INTO `T_LOCALIDAD` VALUES (1647,'MANANTIALES','3','235','4723');
INSERT INTO `T_LOCALIDAD` VALUES (1648,'SAN PEDRO','3','235','4723');
INSERT INTO `T_LOCALIDAD` VALUES (1649,'ALIJILAN','3','235','4723');
INSERT INTO `T_LOCALIDAD` VALUES (1650,'TINOGASTA','3','236','5340');
INSERT INTO `T_LOCALIDAD` VALUES (1651,'FIAMBALA','3','236','5345');
INSERT INTO `T_LOCALIDAD` VALUES (1652,'SAN ISIDRO - CATAMARCA','3','237','4707');
INSERT INTO `T_LOCALIDAD` VALUES (1653,'EL PORTEZUELO','3','237','4716');
INSERT INTO `T_LOCALIDAD` VALUES (1654,'HUAYCAMA','3','237','4705');
INSERT INTO `T_LOCALIDAD` VALUES (1655,'SANTA CRUZ','3','237','4705');
INSERT INTO `T_LOCALIDAD` VALUES (1656,'LAS TEJAS','3','237','4231');
INSERT INTO `T_LOCALIDAD` VALUES (1657,'POZO DEL MISTOL','3','237','4705');
INSERT INTO `T_LOCALIDAD` VALUES (1658,'POLCOS','3','237','4707');
INSERT INTO `T_LOCALIDAD` VALUES (1659,'SANTA CRUZ','3','236','5331');
INSERT INTO `T_LOCALIDAD` VALUES (1660,'SANTA ROSA','3','237','4707');
INSERT INTO `T_LOCALIDAD` VALUES (1661,'SUMALAO','3','237','4705');
INSERT INTO `T_LOCALIDAD` VALUES (1662,'VILLA DOLORES','3','237','4707');
INSERT INTO `T_LOCALIDAD` VALUES (1663,'EL BAÑADO','3','237','4707');
INSERT INTO `T_LOCALIDAD` VALUES (1664,'CARHUE','1','238','6430');
INSERT INTO `T_LOCALIDAD` VALUES (1665,'RIVERA','1','238','6441');
INSERT INTO `T_LOCALIDAD` VALUES (1666,'VILLA MAZA','1','238','6343');
INSERT INTO `T_LOCALIDAD` VALUES (1667,'ESPARTILLAR','1','238','8171');
INSERT INTO `T_LOCALIDAD` VALUES (1668,'SAN MIGUEL ARCANGEL','1','238','8185');
INSERT INTO `T_LOCALIDAD` VALUES (1669,'ESTEBAN AGUSTIN GASCON','1','238','8185');
INSERT INTO `T_LOCALIDAD` VALUES (1670,'DELFIN HUERGO','1','238','8185');
INSERT INTO `T_LOCALIDAD` VALUES (1671,'LA PALA','1','238','6341');
INSERT INTO `T_LOCALIDAD` VALUES (1672,'THAMES','1','238','6343');
INSERT INTO `T_LOCALIDAD` VALUES (1673,'YUTUYACO','1','238','6443');
INSERT INTO `T_LOCALIDAD` VALUES (1674,'ADOLFO GONZALES CHAVES','1','239','7513');
INSERT INTO `T_LOCALIDAD` VALUES (1675,'DE LA GARMA','1','239','7515');
INSERT INTO `T_LOCALIDAD` VALUES (1676,'JUAN EULOGIO BARRA','1','239','7517');
INSERT INTO `T_LOCALIDAD` VALUES (1677,'VASQUEZ','1','239','7519');
INSERT INTO `T_LOCALIDAD` VALUES (1678,'ALBERTI','1','240','6634');
INSERT INTO `T_LOCALIDAD` VALUES (1679,'MECHITA','1','240','6648');
INSERT INTO `T_LOCALIDAD` VALUES (1680,'VILLA ORTIZ','1','240','6628');
INSERT INTO `T_LOCALIDAD` VALUES (1681,'PLA','1','240','6634');
INSERT INTO `T_LOCALIDAD` VALUES (1682,'CORONEL SEGUI','1','240','6628');
INSERT INTO `T_LOCALIDAD` VALUES (1683,'VILLA GRISOLIA','1','240','6627');
INSERT INTO `T_LOCALIDAD` VALUES (1684,'VILLA MARIA','1','240','6628');
INSERT INTO `T_LOCALIDAD` VALUES (1685,'ADROGUE','1','241','1846');
INSERT INTO `T_LOCALIDAD` VALUES (1686,'BURZACO','1','241','1852');
INSERT INTO `T_LOCALIDAD` VALUES (1687,'GLEW','1','241','1856');
INSERT INTO `T_LOCALIDAD` VALUES (1688,'CLAYPOLE','1','241','1849');
INSERT INTO `T_LOCALIDAD` VALUES (1689,'DON ORIONE','1','241','1850');
INSERT INTO `T_LOCALIDAD` VALUES (1690,'RAFAEL CALZADA','1','241','1847');
INSERT INTO `T_LOCALIDAD` VALUES (1691,'LONGCHAMPS','1','241','1854');
INSERT INTO `T_LOCALIDAD` VALUES (1692,'MALVINAS ARGENTINAS','1','241','1846');
INSERT INTO `T_LOCALIDAD` VALUES (1693,'JOSE MARMOL','1','241','1846');
INSERT INTO `T_LOCALIDAD` VALUES (1694,'MINISTRO RIVADAVIA','1','241','1852');
INSERT INTO `T_LOCALIDAD` VALUES (1695,'SAN FRANCISCO SOLANO','1','241','1846');
INSERT INTO `T_LOCALIDAD` VALUES (1696,'SAN JOSE','1','241','1846');
INSERT INTO `T_LOCALIDAD` VALUES (1697,'LOMA VERDE','1','241','1846');
INSERT INTO `T_LOCALIDAD` VALUES (1698,'ARRECIFES','1','0','2740');
INSERT INTO `T_LOCALIDAD` VALUES (1699,'TODD','1','242','2754');
INSERT INTO `T_LOCALIDAD` VALUES (1700,'VIÑA','1','242','2754');
INSERT INTO `T_LOCALIDAD` VALUES (1701,'AVELLANEDA','1','243','1870');
INSERT INTO `T_LOCALIDAD` VALUES (1702,'CRUCESITA','1','243','1870');
INSERT INTO `T_LOCALIDAD` VALUES (1703,'DOCK SUD','1','243','1871');
INSERT INTO `T_LOCALIDAD` VALUES (1704,'GERLI','1','243','1870');
INSERT INTO `T_LOCALIDAD` VALUES (1705,'PIÑEYRO','1','243','1870');
INSERT INTO `T_LOCALIDAD` VALUES (1706,'SARANDI','1','243','1872');
INSERT INTO `T_LOCALIDAD` VALUES (1707,'VILLA DOMINICO','1','243','1874');
INSERT INTO `T_LOCALIDAD` VALUES (1708,'WILDE','1','243','1875');
INSERT INTO `T_LOCALIDAD` VALUES (1709,'AYACUCHO','1','244','1025');
INSERT INTO `T_LOCALIDAD` VALUES (1710,'UDAQUIOLA','1','244','7151');
INSERT INTO `T_LOCALIDAD` VALUES (1711,'LA CONSTANCIA','1','244','7153');
INSERT INTO `T_LOCALIDAD` VALUES (1712,'SOLANET','1','244','7151');
INSERT INTO `T_LOCALIDAD` VALUES (1713,'AZUL','1','245','7300');
INSERT INTO `T_LOCALIDAD` VALUES (1714,'CHILLAR','1','245','7311');
INSERT INTO `T_LOCALIDAD` VALUES (1715,'CACHARI','1','245','7214');
INSERT INTO `T_LOCALIDAD` VALUES (1716,'DIECISEIS DE JULIO','1','245','7313');
INSERT INTO `T_LOCALIDAD` VALUES (1717,'ARIEL','1','245','7301');
INSERT INTO `T_LOCALIDAD` VALUES (1718,'BAHIA BLANCA','1','246','8000');
INSERT INTO `T_LOCALIDAD` VALUES (1719,'GENERAL DANIEL CERRI','1','246','8105');
INSERT INTO `T_LOCALIDAD` VALUES (1720,'CABILDO','1','246','8118');
INSERT INTO `T_LOCALIDAD` VALUES (1721,'GRUNBEIN','1','246','8101');
INSERT INTO `T_LOCALIDAD` VALUES (1722,'INGENIERO WHITE','1','246','8103');
INSERT INTO `T_LOCALIDAD` VALUES (1723,'VILLA BORDEU','1','246','8000');
INSERT INTO `T_LOCALIDAD` VALUES (1724,'VILLA ESPORA','1','246','8107');
INSERT INTO `T_LOCALIDAD` VALUES (1725,'VILLA HARDING GREEN','1','246','8101');
INSERT INTO `T_LOCALIDAD` VALUES (1726,'VILLA STELLA MARIS','1','246','8101');
INSERT INTO `T_LOCALIDAD` VALUES (1727,'VILLA NUEVA','1','246','8000');
INSERT INTO `T_LOCALIDAD` VALUES (1728,'ROSENDO LOPEZ','1','246','8101');
INSERT INTO `T_LOCALIDAD` VALUES (1729,'BALCARCE','1','247','7620');
INSERT INTO `T_LOCALIDAD` VALUES (1730,'SAN AGUSTIN','1','247','7623');
INSERT INTO `T_LOCALIDAD` VALUES (1731,'LOS PINOS','1','247','7623');
INSERT INTO `T_LOCALIDAD` VALUES (1732,'NAPALEOFU','1','247','7007');
INSERT INTO `T_LOCALIDAD` VALUES (1733,'RAMOS OTERO','1','247','7621');
INSERT INTO `T_LOCALIDAD` VALUES (1734,'BARADERO','1','248','2942');
INSERT INTO `T_LOCALIDAD` VALUES (1735,'VILLA ALSINA','1','248','2938');
INSERT INTO `T_LOCALIDAD` VALUES (1736,'IRENEO PORTELA','1','248','2943');
INSERT INTO `T_LOCALIDAD` VALUES (1737,'SANTA COLOMA','1','248','2761');
INSERT INTO `T_LOCALIDAD` VALUES (1738,'BENITO JUAREZ','1','249','7020');
INSERT INTO `T_LOCALIDAD` VALUES (1739,'VILLA CACIQUE','1','249','7005');
INSERT INTO `T_LOCALIDAD` VALUES (1740,'BARKER','1','249','7005');
INSERT INTO `T_LOCALIDAD` VALUES (1741,'ESTACION LOPEZ','1','249','7021');
INSERT INTO `T_LOCALIDAD` VALUES (1742,'TEDIN URIBURU','1','249','7021');
INSERT INTO `T_LOCALIDAD` VALUES (1743,'BERAZATEGUI','1','250','1884');
INSERT INTO `T_LOCALIDAD` VALUES (1744,'HUDSON','1','250','1885');
INSERT INTO `T_LOCALIDAD` VALUES (1745,'JUAN MARIA GUTIERREZ','1','250','1890');
INSERT INTO `T_LOCALIDAD` VALUES (1746,'RANELAGH','1','250','1886');
INSERT INTO `T_LOCALIDAD` VALUES (1747,'SOURIGUES','1','250','1885');
INSERT INTO `T_LOCALIDAD` VALUES (1748,'PEREYRA','1','250','1894');
INSERT INTO `T_LOCALIDAD` VALUES (1749,'PLATANOS','1','250','1885');
INSERT INTO `T_LOCALIDAD` VALUES (1750,'VILLA ESPAÑA','1','250','1884');
INSERT INTO `T_LOCALIDAD` VALUES (1751,'CENTRO AGRICOLA EL PATO','1','250','1893');
INSERT INTO `T_LOCALIDAD` VALUES (1752,'BERISSO','1','251','1923');
INSERT INTO `T_LOCALIDAD` VALUES (1753,'VILLA PORTEÑA','1','251','1923');
INSERT INTO `T_LOCALIDAD` VALUES (1754,'VILLA PROGRESO','1','251',NULL);
INSERT INTO `T_LOCALIDAD` VALUES (1755,'VILLA SAN CARLOS','1','251','1923');
INSERT INTO `T_LOCALIDAD` VALUES (1756,'BARRIO EL CARMEN ESTE','1','251',NULL);
INSERT INTO `T_LOCALIDAD` VALUES (1757,'VILLA DOLORES','1','251','1923');
INSERT INTO `T_LOCALIDAD` VALUES (1758,'VILLA INDEPENDENCIA','1','251','1923');
INSERT INTO `T_LOCALIDAD` VALUES (1759,'VILLA ARGÜELLO','1','251',NULL);
INSERT INTO `T_LOCALIDAD` VALUES (1760,'VILLA ZULA','1','251','1923');
INSERT INTO `T_LOCALIDAD` VALUES (1761,'BARRIO BANCO PROVINCIA','1','251','7630');
INSERT INTO `T_LOCALIDAD` VALUES (1762,'VILLA NUEVA','1','251','2700');
INSERT INTO `T_LOCALIDAD` VALUES (1763,'BARRIO UNIVERSITARIO','1','251','1923');
INSERT INTO `T_LOCALIDAD` VALUES (1764,'LOS TALAS','1','251','1923');
INSERT INTO `T_LOCALIDAD` VALUES (1765,'PALO BLANCO','1','251','1923');
INSERT INTO `T_LOCALIDAD` VALUES (1766,'VILLA BANCO CONSTRUCTOR','1','251',NULL);
INSERT INTO `T_LOCALIDAD` VALUES (1767,'LOS CATORCE','1','251',NULL);
INSERT INTO `T_LOCALIDAD` VALUES (1768,'VILLA ESPAÑA','1','251','1884');
INSERT INTO `T_LOCALIDAD` VALUES (1769,'LA BALANDRA','1','251','1923');
INSERT INTO `T_LOCALIDAD` VALUES (1770,'JUAN B.JUSTO','1','251',NULL);
INSERT INTO `T_LOCALIDAD` VALUES (1771,'BARRIO OBRERO','1','251','6450');
INSERT INTO `T_LOCALIDAD` VALUES (1772,'BOLIVAR','1','252','6550');
INSERT INTO `T_LOCALIDAD` VALUES (1773,'URDAMPILLETA','1','252','6553');
INSERT INTO `T_LOCALIDAD` VALUES (1774,'PIROVANO','1','252','6551');
INSERT INTO `T_LOCALIDAD` VALUES (1775,'HALE','1','252','6511');
INSERT INTO `T_LOCALIDAD` VALUES (1776,'JUAN F. IBARRA','1','252','6551');
INSERT INTO `T_LOCALIDAD` VALUES (1777,'PAULA','1','252','6557');
INSERT INTO `T_LOCALIDAD` VALUES (1778,'MARIANO UNZUE','1','252','6551');
INSERT INTO `T_LOCALIDAD` VALUES (1779,'VILLA LYNCH PUEYRREDON','1','252','6553');
INSERT INTO `T_LOCALIDAD` VALUES (1780,'BRAGADO','1','253','6640');
INSERT INTO `T_LOCALIDAD` VALUES (1781,'GENERAL EDUARDO O''BRIEN','1','253','6646');
INSERT INTO `T_LOCALIDAD` VALUES (1782,'MECHITA','1','253','6648');
INSERT INTO `T_LOCALIDAD` VALUES (1783,'COMODORO PY','1','253','6641');
INSERT INTO `T_LOCALIDAD` VALUES (1784,'WARNES','1','253','6646');
INSERT INTO `T_LOCALIDAD` VALUES (1785,'IRALA','1','253','1163');
INSERT INTO `T_LOCALIDAD` VALUES (1786,'OLASCOAGA','1','253','6652');
INSERT INTO `T_LOCALIDAD` VALUES (1787,'MAXIMO FERNANDEZ','1','253','6645');
INSERT INTO `T_LOCALIDAD` VALUES (1788,'LA LIMPIA','1','253','6645');
INSERT INTO `T_LOCALIDAD` VALUES (1789,'ASAMBLEA','1','253','6640');
INSERT INTO `T_LOCALIDAD` VALUES (1790,'BRANDSEN','1','254','1980');
INSERT INTO `T_LOCALIDAD` VALUES (1791,'JEPPENER','1','254','1986');
INSERT INTO `T_LOCALIDAD` VALUES (1792,'ALTAMIRANO','1','254','1986');
INSERT INTO `T_LOCALIDAD` VALUES (1793,'GOMEZ','1','254','1983');
INSERT INTO `T_LOCALIDAD` VALUES (1794,'OLIDEN','1','254','1981');
INSERT INTO `T_LOCALIDAD` VALUES (1795,'SAMBOROMBON','1','254','1980');
INSERT INTO `T_LOCALIDAD` VALUES (1796,'CAMPANA','1','255','2804');
INSERT INTO `T_LOCALIDAD` VALUES (1797,'ALTO LOS CARDALES','1','255','2814');
INSERT INTO `T_LOCALIDAD` VALUES (1798,'CAÑUELAS','1','256','1814');
INSERT INTO `T_LOCALIDAD` VALUES (1799,'SANTA ROSA','1','256','1739');
INSERT INTO `T_LOCALIDAD` VALUES (1800,'ALEJANDRO PETION','1','256','1808');
INSERT INTO `T_LOCALIDAD` VALUES (1801,'MAXIMO PAZ','1','256','1812');
INSERT INTO `T_LOCALIDAD` VALUES (1802,'URIBELARREA','1','256','1815');
INSERT INTO `T_LOCALIDAD` VALUES (1803,'VICENTE CASARES','1','256','1808');
INSERT INTO `T_LOCALIDAD` VALUES (1804,'GOBERNADOR UDAONDO','1','256','7221');
INSERT INTO `T_LOCALIDAD` VALUES (1805,'EL TALADRO','1','256','1814');
INSERT INTO `T_LOCALIDAD` VALUES (1806,'CAPITAN SARMIENTO','1','257','2752');
INSERT INTO `T_LOCALIDAD` VALUES (1807,'LA LUISA','1','257','2752');
INSERT INTO `T_LOCALIDAD` VALUES (1808,'CARLOS CASARES','1','258','6530');
INSERT INTO `T_LOCALIDAD` VALUES (1809,'SMITH','1','258','6531');
INSERT INTO `T_LOCALIDAD` VALUES (1810,'BELLOCQ','1','258','6535');
INSERT INTO `T_LOCALIDAD` VALUES (1811,'MOCTEZUMA','1','258','6531');
INSERT INTO `T_LOCALIDAD` VALUES (1812,'CADRET','1','258','6535');
INSERT INTO `T_LOCALIDAD` VALUES (1813,'HORTENSIA','1','258','6537');
INSERT INTO `T_LOCALIDAD` VALUES (1814,'ORDOQUI','1','258','6537');
INSERT INTO `T_LOCALIDAD` VALUES (1815,'MAURICIO HIRSCH','1','258','6531');
INSERT INTO `T_LOCALIDAD` VALUES (1816,'COLONIA MAURICIO','1','258','6531');
INSERT INTO `T_LOCALIDAD` VALUES (1817,'LA SOFIA','1','258','6535');
INSERT INTO `T_LOCALIDAD` VALUES (1818,'CARLOS TEJEDOR','1','259','6455');
INSERT INTO `T_LOCALIDAD` VALUES (1819,'TRES ALGARROBOS','1','259','6231');
INSERT INTO `T_LOCALIDAD` VALUES (1820,'COLONIA SERE','1','259','6459');
INSERT INTO `T_LOCALIDAD` VALUES (1821,'TIMOTE','1','259','6457');
INSERT INTO `T_LOCALIDAD` VALUES (1822,'CURARU','1','259','6451');
INSERT INTO `T_LOCALIDAD` VALUES (1823,'CARMEN DE ARECO','1','260','6725');
INSERT INTO `T_LOCALIDAD` VALUES (1824,'TRES SARGENTOS','1','260','1054');
INSERT INTO `T_LOCALIDAD` VALUES (1825,'PUEBLO GOUIN','1','260','6727');
INSERT INTO `T_LOCALIDAD` VALUES (1826,'CASTELLI','1','261','7114');
INSERT INTO `T_LOCALIDAD` VALUES (1827,'CENTRO GUERRERO','1','261','7114');
INSERT INTO `T_LOCALIDAD` VALUES (1828,'CERRO DE LA GLORIA','1','261','7101');
INSERT INTO `T_LOCALIDAD` VALUES (1829,'CHACABUCO','1','262','6740');
INSERT INTO `T_LOCALIDAD` VALUES (1830,'RAWSON','1','262','6734');
INSERT INTO `T_LOCALIDAD` VALUES (1831,'O HIGGINS','1','262','6748');
INSERT INTO `T_LOCALIDAD` VALUES (1832,'CASTILLA','1','262','6616');
INSERT INTO `T_LOCALIDAD` VALUES (1833,'LOS ANGELES','1','262','2743');
INSERT INTO `T_LOCALIDAD` VALUES (1834,'CHASCOMUS','1','263','7130');
INSERT INTO `T_LOCALIDAD` VALUES (1835,'GANDARA','1','263','7136');
INSERT INTO `T_LOCALIDAD` VALUES (1836,'CHIVILCOY','1','264','6620');
INSERT INTO `T_LOCALIDAD` VALUES (1837,'MOQUEHUA','1','264','6625');
INSERT INTO `T_LOCALIDAD` VALUES (1838,'GOROSTIAGA','1','264','6632');
INSERT INTO `T_LOCALIDAD` VALUES (1839,'EMILIO AYARZA','1','264','6628');
INSERT INTO `T_LOCALIDAD` VALUES (1840,'LA RICA','1','264','6623');
INSERT INTO `T_LOCALIDAD` VALUES (1841,'SAN SEBASTIAN','1','264','6623');
INSERT INTO `T_LOCALIDAD` VALUES (1842,'BENITEZ','1','264','6632');
INSERT INTO `T_LOCALIDAD` VALUES (1843,'HENRY BELL','1','264','6620');
INSERT INTO `T_LOCALIDAD` VALUES (1844,'INDACOCHEA','1','264','6623');
INSERT INTO `T_LOCALIDAD` VALUES (1845,'PALEMON HUERGO','1','264','6628');
INSERT INTO `T_LOCALIDAD` VALUES (1846,'RAMON BIAUS','1','264','6627');
INSERT INTO `T_LOCALIDAD` VALUES (1847,'COLON','1','265','2720');
INSERT INTO `T_LOCALIDAD` VALUES (1848,'PEARSON','1','265','2711');
INSERT INTO `T_LOCALIDAD` VALUES (1849,'SARASA','1','265','2721');
INSERT INTO `T_LOCALIDAD` VALUES (1850,'EL ARBOLITO','1','265','2721');
INSERT INTO `T_LOCALIDAD` VALUES (1851,'PUNTA ALTA','1','266','8109');
INSERT INTO `T_LOCALIDAD` VALUES (1852,'VILLA GENERAL ARIAS','1','266','8101');
INSERT INTO `T_LOCALIDAD` VALUES (1853,'BALNEARIO PEHUEN-CO','1','266','8109');
INSERT INTO `T_LOCALIDAD` VALUES (1854,'VILLA DEL MAR','1','266','8109');
INSERT INTO `T_LOCALIDAD` VALUES (1855,'BAJO HONDO','1','266','8115');
INSERT INTO `T_LOCALIDAD` VALUES (1856,'PUNTA ANCLA','1','266','8109');
INSERT INTO `T_LOCALIDAD` VALUES (1857,'CORONEL DORREGO','1','267','8150');
INSERT INTO `T_LOCALIDAD` VALUES (1858,'ORIENTE','1','267','7509');
INSERT INTO `T_LOCALIDAD` VALUES (1859,'EL PERDIDO','1','267','8156');
INSERT INTO `T_LOCALIDAD` VALUES (1860,'APARICIO','1','267','8158');
INSERT INTO `T_LOCALIDAD` VALUES (1861,'SAN ROMAN','1','267','8154');
INSERT INTO `T_LOCALIDAD` VALUES (1862,'BALNEARIO MARISOL','1','267','7509');
INSERT INTO `T_LOCALIDAD` VALUES (1863,'IRENE','1','267','7507');
INSERT INTO `T_LOCALIDAD` VALUES (1864,'FARO','1','267','8150');
INSERT INTO `T_LOCALIDAD` VALUES (1865,'CORONEL PRINGLES','1','268','7530');
INSERT INTO `T_LOCALIDAD` VALUES (1866,'INDIO RICO','1','268','7501');
INSERT INTO `T_LOCALIDAD` VALUES (1867,'LARTIGAU','1','268','7531');
INSERT INTO `T_LOCALIDAD` VALUES (1868,'EL PENSAMIENTO','1','268','7531');
INSERT INTO `T_LOCALIDAD` VALUES (1869,'EL DIVISORIO','1','268','7531');
INSERT INTO `T_LOCALIDAD` VALUES (1870,'FRAPAL','1','268','7530');
INSERT INTO `T_LOCALIDAD` VALUES (1871,'CORONEL SUAREZ','1','269','7540');
INSERT INTO `T_LOCALIDAD` VALUES (1872,'HUANGUELEN','1','269','7545');
INSERT INTO `T_LOCALIDAD` VALUES (1873,'SAN JOSE','1','269','7541');
INSERT INTO `T_LOCALIDAD` VALUES (1874,'SANTA MARIA','1','269','7541');
INSERT INTO `T_LOCALIDAD` VALUES (1875,'SANTA TRINIDAD','1','269','7541');
INSERT INTO `T_LOCALIDAD` VALUES (1876,'VILLA ARCADIA','1','269','7540');
INSERT INTO `T_LOCALIDAD` VALUES (1877,'PASMAN','1','269','7547');
INSERT INTO `T_LOCALIDAD` VALUES (1878,'CURA MALAL','1','269','7548');
INSERT INTO `T_LOCALIDAD` VALUES (1879,'D ORBIGNY','1','269','7541');
INSERT INTO `T_LOCALIDAD` VALUES (1880,'CASCADA','1','269','7547');
INSERT INTO `T_LOCALIDAD` VALUES (1881,'DAIREAUX','1','270','6555');
INSERT INTO `T_LOCALIDAD` VALUES (1882,'ARBOLEDAS','1','270','6557');
INSERT INTO `T_LOCALIDAD` VALUES (1883,'LA COPETA','1','270','7545');
INSERT INTO `T_LOCALIDAD` VALUES (1884,'LA LARGA','1','270','6555');
INSERT INTO `T_LOCALIDAD` VALUES (1885,'ANDANT','1','270','6555');
INSERT INTO `T_LOCALIDAD` VALUES (1886,'MOURAS','1','270','6471');
INSERT INTO `T_LOCALIDAD` VALUES (1887,'LA MANUELA','1','270','6439');
INSERT INTO `T_LOCALIDAD` VALUES (1888,'LURO','1','270','6439');
INSERT INTO `T_LOCALIDAD` VALUES (1889,'SALAZAR','1','270','6471');
INSERT INTO `T_LOCALIDAD` VALUES (1890,'DOLORES','1','271','7100');
INSERT INTO `T_LOCALIDAD` VALUES (1891,'SEVIGNE','1','271','7101');
INSERT INTO `T_LOCALIDAD` VALUES (1892,'ENSENADA','1','272','1925');
INSERT INTO `T_LOCALIDAD` VALUES (1893,'PUNTA LARA','1','272','1931');
INSERT INTO `T_LOCALIDAD` VALUES (1894,'VILLA CATELLA','1','272','1952');
INSERT INTO `T_LOCALIDAD` VALUES (1895,'DIQUE Nº 1','1','272','1925');
INSERT INTO `T_LOCALIDAD` VALUES (1896,'ISLA SANTIAGO','1','272','1929');
INSERT INTO `T_LOCALIDAD` VALUES (1897,'BELEN DE ESCOBAR','1','273','1625');
INSERT INTO `T_LOCALIDAD` VALUES (1898,'EL CAZADOR','1','273','1625');
INSERT INTO `T_LOCALIDAD` VALUES (1899,'GARIN','1','273','1619');
INSERT INTO `T_LOCALIDAD` VALUES (1900,'MASCHWITZ','1','273','1623');
INSERT INTO `T_LOCALIDAD` VALUES (1901,'MATHEU','1','273','1627');
INSERT INTO `T_LOCALIDAD` VALUES (1902,'MAQUINISTA F. SAVIO ESTE','1','273','1619');
INSERT INTO `T_LOCALIDAD` VALUES (1903,'LOMA VERDE','1','273','1625');
INSERT INTO `T_LOCALIDAD` VALUES (1904,'PUERTO PARANA','1','273',NULL);
INSERT INTO `T_LOCALIDAD` VALUES (1905,'MONTE GRANDE','1','274','1842');
INSERT INTO `T_LOCALIDAD` VALUES (1906,'LUIS GUILLON','1','274','1838');
INSERT INTO `T_LOCALIDAD` VALUES (1907,'EL JAGÜEL','1','274',NULL);
INSERT INTO `T_LOCALIDAD` VALUES (1908,'NUEVE DE ABRIL','1','274','1776');
INSERT INTO `T_LOCALIDAD` VALUES (1909,'CANNING','1','274','1804');
INSERT INTO `T_LOCALIDAD` VALUES (1910,'CAPILLA DEL SEÑOR','1','275','2812');
INSERT INTO `T_LOCALIDAD` VALUES (1911,'LOS CARDALES','1','275','2814');
INSERT INTO `T_LOCALIDAD` VALUES (1912,'PAVON','1','275','2812');
INSERT INTO `T_LOCALIDAD` VALUES (1913,'ARROYO DE LA CRUZ','1','275','2812');
INSERT INTO `T_LOCALIDAD` VALUES (1914,'PARADA ORLANDO','1','275','2812');
INSERT INTO `T_LOCALIDAD` VALUES (1915,'PARADA ROBLES','1','275','6703');
INSERT INTO `T_LOCALIDAD` VALUES (1916,'EL REMANSO','1','275','2812');
INSERT INTO `T_LOCALIDAD` VALUES (1917,'ETCHEGOYEN','1','275','6703');
INSERT INTO `T_LOCALIDAD` VALUES (1918,'LA LOMA','1','275','6700');
INSERT INTO `T_LOCALIDAD` VALUES (1919,'DIEGO GAYNOR','1','275','2812');
INSERT INTO `T_LOCALIDAD` VALUES (1920,'GOBERNADOR ANDONAEGUI','1','275','2764');
INSERT INTO `T_LOCALIDAD` VALUES (1921,'CHENAUT','1','275','2764');
INSERT INTO `T_LOCALIDAD` VALUES (1922,'EZEIZA','1','276','1804');
INSERT INTO `T_LOCALIDAD` VALUES (1923,'TRISTAN SUAREZ','1','276','1806');
INSERT INTO `T_LOCALIDAD` VALUES (1924,'LA UNION','1','276','1804');
INSERT INTO `T_LOCALIDAD` VALUES (1925,'CARLOS SPEGAZZINI','1','276','1812');
INSERT INTO `T_LOCALIDAD` VALUES (1926,'CANNING','1','276','1804');
INSERT INTO `T_LOCALIDAD` VALUES (1927,'SAN JUAN BAUTISTA','1','277','1888');
INSERT INTO `T_LOCALIDAD` VALUES (1928,'BOSQUES','1','277','1889');
INSERT INTO `T_LOCALIDAD` VALUES (1929,'ESTANISLAO SEVERO ZEBALLOS','1','277','1888');
INSERT INTO `T_LOCALIDAD` VALUES (1930,'GOBERNADOR JULIO A. COSTA','1','277','1882');
INSERT INTO `T_LOCALIDAD` VALUES (1931,'VILLA BROWN','1','277','1888');
INSERT INTO `T_LOCALIDAD` VALUES (1932,'VILLA SAN LUIS','1','277','1888');
INSERT INTO `T_LOCALIDAD` VALUES (1933,'VILLA SANTA ROSA','1','277','1888');
INSERT INTO `T_LOCALIDAD` VALUES (1934,'VILLA VATTEONE','1','277','1888');
INSERT INTO `T_LOCALIDAD` VALUES (1935,'LA CAPILLA','1','277','1888');
INSERT INTO `T_LOCALIDAD` VALUES (1936,'FLORENTINO AMEGHINO','1','278','6064');
INSERT INTO `T_LOCALIDAD` VALUES (1937,'BLAQUIER','1','278','6065');
INSERT INTO `T_LOCALIDAD` VALUES (1938,'PORVENIR','1','278','6077');
INSERT INTO `T_LOCALIDAD` VALUES (1939,'MIRAMAR','1','279','7607');
INSERT INTO `T_LOCALIDAD` VALUES (1940,'MAR DEL SUD','1','279','7607');
INSERT INTO `T_LOCALIDAD` VALUES (1941,'COMANDANTE NICANOR OTAMEND','1','279','7603');
INSERT INTO `T_LOCALIDAD` VALUES (1942,'MECHONGUE','1','279','7605');
INSERT INTO `T_LOCALIDAD` VALUES (1943,'CENTINELA DEL MAR','1','279','7603');
INSERT INTO `T_LOCALIDAD` VALUES (1944,'GENERAL ALVEAR','1','280','7263');
INSERT INTO `T_LOCALIDAD` VALUES (1945,'GENERAL ARENALES','1','281','6005');
INSERT INTO `T_LOCALIDAD` VALUES (1946,'ARRIBEÑOS','1','281','1426');
INSERT INTO `T_LOCALIDAD` VALUES (1947,'ASCENSION','1','281','6003');
INSERT INTO `T_LOCALIDAD` VALUES (1948,'ESTACION ARENALES','1','281','6005');
INSERT INTO `T_LOCALIDAD` VALUES (1949,'FERRE','1','281','6003');
INSERT INTO `T_LOCALIDAD` VALUES (1950,'LA ANGELITA','1','281','6003');
INSERT INTO `T_LOCALIDAD` VALUES (1951,'LA TRINIDAD','1','281','6003');
INSERT INTO `T_LOCALIDAD` VALUES (1952,'GENERAL BELGRANO','1','282','7223');
INSERT INTO `T_LOCALIDAD` VALUES (1953,'GORCHS','1','282','7226');
INSERT INTO `T_LOCALIDAD` VALUES (1954,'GENERAL GUIDO','1','283','7118');
INSERT INTO `T_LOCALIDAD` VALUES (1955,'LABARDEN','1','283','7161');
INSERT INTO `T_LOCALIDAD` VALUES (1956,'GENERAL JUAN MADARIAGA','1','284','7163');
INSERT INTO `T_LOCALIDAD` VALUES (1957,'GENERAL LA MADRID','1','285','7406');
INSERT INTO `T_LOCALIDAD` VALUES (1958,'LA COLINA','1','285','7408');
INSERT INTO `T_LOCALIDAD` VALUES (1959,'LIBANO','1','285','7407');
INSERT INTO `T_LOCALIDAD` VALUES (1960,'LAS MARTINETAS','1','285','7406');
INSERT INTO `T_LOCALIDAD` VALUES (1961,'PONTAUT','1','285','7535');
INSERT INTO `T_LOCALIDAD` VALUES (1962,'LASTRA','1','285','7406');
INSERT INTO `T_LOCALIDAD` VALUES (1963,'QUILCO','1','285','7406');
INSERT INTO `T_LOCALIDAD` VALUES (1964,'GENERAL LAS HERAS','1','286','1741');
INSERT INTO `T_LOCALIDAD` VALUES (1965,'VILLARS','1','286','1731');
INSERT INTO `T_LOCALIDAD` VALUES (1966,'GENERAL HORNOS','1','286','1741');
INSERT INTO `T_LOCALIDAD` VALUES (1967,'PLOMER','1','286','1741');
INSERT INTO `T_LOCALIDAD` VALUES (1968,'LA CHOZA','1','286','1737');
INSERT INTO `T_LOCALIDAD` VALUES (1969,'LOZANO','1','286','1741');
INSERT INTO `T_LOCALIDAD` VALUES (1970,'ENRIQUE FYNN','1','286','1741');
INSERT INTO `T_LOCALIDAD` VALUES (1971,'GENERAL LAVALLE','1','287','7103');
INSERT INTO `T_LOCALIDAD` VALUES (1972,'PAVON','1','287','7103');
INSERT INTO `T_LOCALIDAD` VALUES (1973,'RANCHOS','1','288','1987');
INSERT INTO `T_LOCALIDAD` VALUES (1974,'LOMA VERDE','1','288','1981');
INSERT INTO `T_LOCALIDAD` VALUES (1975,'BARRIO RIO SALADO','1','288','7225');
INSERT INTO `T_LOCALIDAD` VALUES (1976,'VILLANUEVA','1','288','7225');
INSERT INTO `T_LOCALIDAD` VALUES (1977,'ALEGRE','1','288','1987');
INSERT INTO `T_LOCALIDAD` VALUES (1978,'GENERAL PINTO','1','289','6050');
INSERT INTO `T_LOCALIDAD` VALUES (1979,'GERMANIA','1','289','6053');
INSERT INTO `T_LOCALIDAD` VALUES (1980,'VILLA FRANCIA','1','289','6058');
INSERT INTO `T_LOCALIDAD` VALUES (1981,'COLONIA SAN RICARDO','1','289','6042');
INSERT INTO `T_LOCALIDAD` VALUES (1982,'VILLA ROTH','1','289','6042');
INSERT INTO `T_LOCALIDAD` VALUES (1983,'MAR DEL PLATA','1','290','7600');
INSERT INTO `T_LOCALIDAD` VALUES (1984,'SIERRA DE LOS PADRES','1','290','7601');
INSERT INTO `T_LOCALIDAD` VALUES (1985,'LAGUNA DE LOS PADRES','1','290','7601');
INSERT INTO `T_LOCALIDAD` VALUES (1986,'BATAN','1','290','7601');
INSERT INTO `T_LOCALIDAD` VALUES (1987,'GENERAL RODRIGUEZ','1','291','1748');
INSERT INTO `T_LOCALIDAD` VALUES (1988,'SAN MARTIN','1','292','1650');
INSERT INTO `T_LOCALIDAD` VALUES (1989,'BILLINGHURST','1','292','1425');
INSERT INTO `T_LOCALIDAD` VALUES (1990,'VILLA BALLESTER','1','292','1653');
INSERT INTO `T_LOCALIDAD` VALUES (1991,'VILLA BONICH','1','292','1650');
INSERT INTO `T_LOCALIDAD` VALUES (1992,'CIUDAD JARDIN EL LIBERTADOR','1','292','1657');
INSERT INTO `T_LOCALIDAD` VALUES (1993,'MALAVER','1','292','1653');
INSERT INTO `T_LOCALIDAD` VALUES (1994,'CHILAVERT','1','292','1653');
INSERT INTO `T_LOCALIDAD` VALUES (1995,'SAN ANDRES','1','292','1651');
INSERT INTO `T_LOCALIDAD` VALUES (1996,'JOSE LEON SUAREZ','1','292','1655');
INSERT INTO `T_LOCALIDAD` VALUES (1997,'VILLA LYNCH','1','292','1672');
INSERT INTO `T_LOCALIDAD` VALUES (1998,'VILLA MAIPU','1','292','1650');
INSERT INTO `T_LOCALIDAD` VALUES (1999,'VILLA LIBERTAD','1','292','1650');
INSERT INTO `T_LOCALIDAD` VALUES (2000,'LOMA HERMOSA','1','292','1657');
INSERT INTO `T_LOCALIDAD` VALUES (2001,'GENERAL VIAMONTE','1','293','6015');
INSERT INTO `T_LOCALIDAD` VALUES (2002,'LOS TOLDOS','1','293','6015');
INSERT INTO `T_LOCALIDAD` VALUES (2003,'BAIGORRITA','1','293','6013');
INSERT INTO `T_LOCALIDAD` VALUES (2004,'ZAVALIA','1','293','6018');
INSERT INTO `T_LOCALIDAD` VALUES (2005,'SAN EMILIO','1','293','6017');
INSERT INTO `T_LOCALIDAD` VALUES (2006,'LA DELFINA','1','293','6017');
INSERT INTO `T_LOCALIDAD` VALUES (2007,'GENERAL VILLEGAS','1','294','6230');
INSERT INTO `T_LOCALIDAD` VALUES (2008,'PIEDRITAS','1','294','6241');
INSERT INTO `T_LOCALIDAD` VALUES (2009,'EMILIO V. BUNGE','1','294','6241');
INSERT INTO `T_LOCALIDAD` VALUES (2010,'CORONEL CHARLONE','1','294','6223');
INSERT INTO `T_LOCALIDAD` VALUES (2011,'BANDERALO','1','294','6244');
INSERT INTO `T_LOCALIDAD` VALUES (2012,'CAÑADA SECA','1','294','6105');
INSERT INTO `T_LOCALIDAD` VALUES (2013,'VILLA SAUZE','1','294','6235');
INSERT INTO `T_LOCALIDAD` VALUES (2014,'SANTA REGINA','1','294','6105');
INSERT INTO `T_LOCALIDAD` VALUES (2015,'VILLA SABOYA','1','294','6101');
INSERT INTO `T_LOCALIDAD` VALUES (2016,'SANTA ELEODORA','1','294','6241');
INSERT INTO `T_LOCALIDAD` VALUES (2017,'PICHINCHA','1','294','6051');
INSERT INTO `T_LOCALIDAD` VALUES (2018,'GUAMINI','1','295','6435');
INSERT INTO `T_LOCALIDAD` VALUES (2019,'LAGUNA ALSINA','1','295','6439');
INSERT INTO `T_LOCALIDAD` VALUES (2020,'VICTORINO DE LA PLAZA','1','295','6411');
INSERT INTO `T_LOCALIDAD` VALUES (2021,'GARRE','1','295','6411');
INSERT INTO `T_LOCALIDAD` VALUES (2022,'ARROYO VENADO','1','295','6437');
INSERT INTO `T_LOCALIDAD` VALUES (2023,'HUANGUELEN','1','295','7545');
INSERT INTO `T_LOCALIDAD` VALUES (2024,'HENDERSON','1','296','6465');
INSERT INTO `T_LOCALIDAD` VALUES (2025,'HERRERA VEGAS','1','296','6557');
INSERT INTO `T_LOCALIDAD` VALUES (2026,'MARIA LUCILA','1','296','6465');
INSERT INTO `T_LOCALIDAD` VALUES (2027,'CORACEROS','1','296','6465');
INSERT INTO `T_LOCALIDAD` VALUES (2028,'HURLINGHAM','1','297','1686');
INSERT INTO `T_LOCALIDAD` VALUES (2029,'WILLIAM C. MORRIS','1','297','1686');
INSERT INTO `T_LOCALIDAD` VALUES (2030,'VILLA TESEI','1','297','1688');
INSERT INTO `T_LOCALIDAD` VALUES (2031,'ITUZAINGO','1','298','1714');
INSERT INTO `T_LOCALIDAD` VALUES (2032,'VILLA UDAONDO','1','298','1713');
INSERT INTO `T_LOCALIDAD` VALUES (2033,'JOSE C. PAZ','1','299','1665');
INSERT INTO `T_LOCALIDAD` VALUES (2034,'JUNIN','1','300','6000');
INSERT INTO `T_LOCALIDAD` VALUES (2035,'MORSE','1','300','1234');
INSERT INTO `T_LOCALIDAD` VALUES (2036,'AGUSTIN ROCA','1','300','6001');
INSERT INTO `T_LOCALIDAD` VALUES (2037,'FORTIN TIBURCIO','1','300','6001');
INSERT INTO `T_LOCALIDAD` VALUES (2038,'SAFORCADA','1','300','6022');
INSERT INTO `T_LOCALIDAD` VALUES (2039,'AGUSTINA','1','300','6001');
INSERT INTO `T_LOCALIDAD` VALUES (2040,'LAPLACETTE','1','300','6013');
INSERT INTO `T_LOCALIDAD` VALUES (2041,'BALNEARIO LAGUNA DE GOMEZ','1','300','6001');
INSERT INTO `T_LOCALIDAD` VALUES (2042,'MAR DEL TUYU','1','301','7108');
INSERT INTO `T_LOCALIDAD` VALUES (2043,'LAS TONINAS','1','301','7106');
INSERT INTO `T_LOCALIDAD` VALUES (2044,'COSTA CHICA','1','301','7113');
INSERT INTO `T_LOCALIDAD` VALUES (2045,'SANTA TERESITA','1','301','7107');
INSERT INTO `T_LOCALIDAD` VALUES (2046,'SAN CLEMENTE DEL TUYU','1','301','7105');
INSERT INTO `T_LOCALIDAD` VALUES (2047,'COSTA DEL ESTE','1','301','7108');
INSERT INTO `T_LOCALIDAD` VALUES (2048,'AGUAS VERDES','1','301','7112');
INSERT INTO `T_LOCALIDAD` VALUES (2049,'LA LUCILA DEL MAR','1','301','7113');
INSERT INTO `T_LOCALIDAD` VALUES (2050,'COSTA AZUL','1','301','7112');
INSERT INTO `T_LOCALIDAD` VALUES (2051,'SAN BERNARDO DEL TUYU','1','301','7111');
INSERT INTO `T_LOCALIDAD` VALUES (2052,'MAR DE AJO','1','301','7109');
INSERT INTO `T_LOCALIDAD` VALUES (2053,'NUEVA ATLANTIS','1','301','7113');
INSERT INTO `T_LOCALIDAD` VALUES (2054,'PINAR DEL SOL','1','301',NULL);
INSERT INTO `T_LOCALIDAD` VALUES (2055,'COSTA ESMERALDA','1','301',NULL);
INSERT INTO `T_LOCALIDAD` VALUES (2056,'SAN JUSTO','1','302','1754');
INSERT INTO `T_LOCALIDAD` VALUES (2057,'RAMOS MEJIA','1','302','1704');
INSERT INTO `T_LOCALIDAD` VALUES (2058,'ALDO BONZI','1','302','1770');
INSERT INTO `T_LOCALIDAD` VALUES (2059,'RAFAEL CASTILLO','1','302','1755');
INSERT INTO `T_LOCALIDAD` VALUES (2060,'CIUDAD EVITA','1','302','1778');
INSERT INTO `T_LOCALIDAD` VALUES (2061,'GONZALEZ CATAN','1','302','1759');
INSERT INTO `T_LOCALIDAD` VALUES (2062,'GREGORIO DE LAFERRERE','1','302','1757');
INSERT INTO `T_LOCALIDAD` VALUES (2063,'LA TABLADA','1','302','1766');
INSERT INTO `T_LOCALIDAD` VALUES (2064,'LOMAS DEL MIRADOR','1','302','1752');
INSERT INTO `T_LOCALIDAD` VALUES (2065,'ISIDRO CASANOVA','1','302','1765');
INSERT INTO `T_LOCALIDAD` VALUES (2066,'TAPIALES','1','302','1770');
INSERT INTO `T_LOCALIDAD` VALUES (2067,'VEINTE DE JUNIO','1','302','1761');
INSERT INTO `T_LOCALIDAD` VALUES (2068,'VILLA EDUARDO MADERO','1','302','1768');
INSERT INTO `T_LOCALIDAD` VALUES (2069,'VILLA LUZURIAGA','1','302','1754');
INSERT INTO `T_LOCALIDAD` VALUES (2070,'VIRREY DEL PINO','1','302','1763');
INSERT INTO `T_LOCALIDAD` VALUES (2071,'LA PLATA','1','303','1900');
INSERT INTO `T_LOCALIDAD` VALUES (2072,'ARANA','1','303','1909');
INSERT INTO `T_LOCALIDAD` VALUES (2073,'COUNTRY CLUB EL RODEO','1','303','1900');
INSERT INTO `T_LOCALIDAD` VALUES (2074,'IGNACIO CORREAS','1','303','1909');
INSERT INTO `T_LOCALIDAD` VALUES (2075,'JOAQUIN GORINA','1','303','1896');
INSERT INTO `T_LOCALIDAD` VALUES (2076,'JOSE MELCHOR ROMERO','1','303','1903');
INSERT INTO `T_LOCALIDAD` VALUES (2077,'LA CUMBRE','1','303','6354');
INSERT INTO `T_LOCALIDAD` VALUES (2078,'ABASTO','1','303','1903');
INSERT INTO `T_LOCALIDAD` VALUES (2079,'MANUEL B. GONNET','1','303','1897');
INSERT INTO `T_LOCALIDAD` VALUES (2080,'RUFINO DE ELIZALDE','1','303','1900');
INSERT INTO `T_LOCALIDAD` VALUES (2081,'TOLOSA','1','303','1900');
INSERT INTO `T_LOCALIDAD` VALUES (2082,'TRANSRADIO','1','303','1900');
INSERT INTO `T_LOCALIDAD` VALUES (2083,'VILLA ELISA','1','303','1894');
INSERT INTO `T_LOCALIDAD` VALUES (2084,'VILLA ELVIRA','1','303','1900');
INSERT INTO `T_LOCALIDAD` VALUES (2085,'VILLA GARIBALDI','1','303','1900');
INSERT INTO `T_LOCALIDAD` VALUES (2086,'VILLA MONTORO','1','303','1900');
INSERT INTO `T_LOCALIDAD` VALUES (2087,'LANUS OESTE','1','304','1824');
INSERT INTO `T_LOCALIDAD` VALUES (2088,'LANUS ESTE','1','304','1824');
INSERT INTO `T_LOCALIDAD` VALUES (2089,'GERLI','1','304','1824');
INSERT INTO `T_LOCALIDAD` VALUES (2090,'MONTE CHINGOLO','1','304','1825');
INSERT INTO `T_LOCALIDAD` VALUES (2091,'REMEDIOS DE ESCALADA','1','304','1826');
INSERT INTO `T_LOCALIDAD` VALUES (2092,'VALENTIN ALSINA','1','304','1822');
INSERT INTO `T_LOCALIDAD` VALUES (2093,'LAPRIDA','1','305','7414');
INSERT INTO `T_LOCALIDAD` VALUES (2094,'PUEBLO SAN JORGE','1','305','7404');
INSERT INTO `T_LOCALIDAD` VALUES (2095,'PUEBLO NUEVO','1','305','7414');
INSERT INTO `T_LOCALIDAD` VALUES (2096,'LAS FLORES','1','306','7200');
INSERT INTO `T_LOCALIDAD` VALUES (2097,'PARDO','1','306','7212');
INSERT INTO `T_LOCALIDAD` VALUES (2098,'EL TRIGO','1','306','7207');
INSERT INTO `T_LOCALIDAD` VALUES (2099,'CORONEL BOERR','1','306','7200');
INSERT INTO `T_LOCALIDAD` VALUES (2100,'VEDIA','1','307','6030');
INSERT INTO `T_LOCALIDAD` VALUES (2101,'JUAN BAUTISTA ALBERDI','1','307','6034');
INSERT INTO `T_LOCALIDAD` VALUES (2102,'LEANDRO N. ALEM','1','307','6032');
INSERT INTO `T_LOCALIDAD` VALUES (2103,'ALBERDI VIEJO','1','307','6034');
INSERT INTO `T_LOCALIDAD` VALUES (2104,'EL DORADO - BS. AS.','1','307','6031');
INSERT INTO `T_LOCALIDAD` VALUES (2105,'FORTIN ACHA','1','307','6031');
INSERT INTO `T_LOCALIDAD` VALUES (2106,'LEZAMA','1','308','7116');
INSERT INTO `T_LOCALIDAD` VALUES (2107,'LINCOLN','1','309','6070');
INSERT INTO `T_LOCALIDAD` VALUES (2108,'ROBERTS','1','309','6075');
INSERT INTO `T_LOCALIDAD` VALUES (2109,'PASTEUR','1','309','6077');
INSERT INTO `T_LOCALIDAD` VALUES (2110,'EL TRIUNFO','1','309','6073');
INSERT INTO `T_LOCALIDAD` VALUES (2111,'ARENAZA','1','309','6075');
INSERT INTO `T_LOCALIDAD` VALUES (2112,'CORONEL MARTINEZ DE HOZ','1','309','6533');
INSERT INTO `T_LOCALIDAD` VALUES (2113,'BAYAUCA','1','309','6078');
INSERT INTO `T_LOCALIDAD` VALUES (2114,'LAS TOSCAS','1','309','6453');
INSERT INTO `T_LOCALIDAD` VALUES (2115,'CARLOS SALAS','1','309','6453');
INSERT INTO `T_LOCALIDAD` VALUES (2116,'BERMUDEZ','1','309','6071');
INSERT INTO `T_LOCALIDAD` VALUES (2117,'LOBERIA','1','310','7635');
INSERT INTO `T_LOCALIDAD` VALUES (2118,'SAN MANUEL','1','310','7007');
INSERT INTO `T_LOCALIDAD` VALUES (2119,'TAMANGUEYU','1','310','7633');
INSERT INTO `T_LOCALIDAD` VALUES (2120,'LICENCIADO MATIENZO','1','310','7007');
INSERT INTO `T_LOCALIDAD` VALUES (2121,'PIERES','1','310','7633');
INSERT INTO `T_LOCALIDAD` VALUES (2122,'ARENAS VERDES','1','310','7633');
INSERT INTO `T_LOCALIDAD` VALUES (2123,'LOBOS','1','311','7240');
INSERT INTO `T_LOCALIDAD` VALUES (2124,'ELVIRA','1','311','7243');
INSERT INTO `T_LOCALIDAD` VALUES (2125,'JOSE SANTOS AREVALO','1','311','7243');
INSERT INTO `T_LOCALIDAD` VALUES (2126,'ANTONIO CARBONI','1','311','7243');
INSERT INTO `T_LOCALIDAD` VALUES (2127,'LAS CHACRAS','1','311','7241');
INSERT INTO `T_LOCALIDAD` VALUES (2128,'SALVADOR MARIA','1','311','7241');
INSERT INTO `T_LOCALIDAD` VALUES (2129,'LOMAS DE ZAMORA','1','312','1832');
INSERT INTO `T_LOCALIDAD` VALUES (2130,'BANFIELD','1','312','1828');
INSERT INTO `T_LOCALIDAD` VALUES (2131,'TEMPERLEY','1','312','1834');
INSERT INTO `T_LOCALIDAD` VALUES (2132,'LLAVALLOL','1','312','1836');
INSERT INTO `T_LOCALIDAD` VALUES (2133,'TURDERA','1','312','1834');
INSERT INTO `T_LOCALIDAD` VALUES (2134,'VILLA CENTENARIO','1','312','1828');
INSERT INTO `T_LOCALIDAD` VALUES (2135,'VILLA FIORITO','1','312','1832');
INSERT INTO `T_LOCALIDAD` VALUES (2136,'LUJAN','1','313','6700');
INSERT INTO `T_LOCALIDAD` VALUES (2137,'CORTINES','1','313','6712');
INSERT INTO `T_LOCALIDAD` VALUES (2138,'JOSE MARIA JAUREGUI','1','313','6706');
INSERT INTO `T_LOCALIDAD` VALUES (2139,'OLIVERA','1','313','6608');
INSERT INTO `T_LOCALIDAD` VALUES (2140,'OPEN DOOR','1','313','6708');
INSERT INTO `T_LOCALIDAD` VALUES (2141,'TORRES','1','313','6703');
INSERT INTO `T_LOCALIDAD` VALUES (2142,'CARLOS KEEN','1','313','6701');
INSERT INTO `T_LOCALIDAD` VALUES (2143,'MAGDALENA','1','314','1913');
INSERT INTO `T_LOCALIDAD` VALUES (2144,'GENERAL MANSILLA','1','314','1911');
INSERT INTO `T_LOCALIDAD` VALUES (2145,'ATALAYA','1','314','1913');
INSERT INTO `T_LOCALIDAD` VALUES (2146,'VIEYTES','1','314','1275');
INSERT INTO `T_LOCALIDAD` VALUES (2147,'MAIPU','1','315','1006');
INSERT INTO `T_LOCALIDAD` VALUES (2148,'LAS ARMAS','1','315','7172');
INSERT INTO `T_LOCALIDAD` VALUES (2149,'SANTO DOMINGO','1','315','7119');
INSERT INTO `T_LOCALIDAD` VALUES (2150,'LOS POLVORINES','1','316','1613');
INSERT INTO `T_LOCALIDAD` VALUES (2151,'GRAND BOURG','1','316','1615');
INSERT INTO `T_LOCALIDAD` VALUES (2152,'INGENIERO ADOLFO SOURDEAUX','1','316','1612');
INSERT INTO `T_LOCALIDAD` VALUES (2153,'INGENIERO PABLO NOGUES','1','316','1613');
INSERT INTO `T_LOCALIDAD` VALUES (2154,'MALVINAS ARGENTINAS','1','316','1846');
INSERT INTO `T_LOCALIDAD` VALUES (2155,'TIERRAS ALTAS','1','316',NULL);
INSERT INTO `T_LOCALIDAD` VALUES (2156,'TORTUGUITAS','1','316','1667');
INSERT INTO `T_LOCALIDAD` VALUES (2157,'VILLA DE MAYO','1','316','1614');
INSERT INTO `T_LOCALIDAD` VALUES (2158,'CORONEL VIDAL','1','317','7174');
INSERT INTO `T_LOCALIDAD` VALUES (2159,'GENERAL PIRAN','1','317','7172');
INSERT INTO `T_LOCALIDAD` VALUES (2160,'LA ARMONIA','1','317','6555');
INSERT INTO `T_LOCALIDAD` VALUES (2161,'MAR CHIQUITA','1','317','7174');
INSERT INTO `T_LOCALIDAD` VALUES (2163,'LA BALIZA','1','317','7607');
INSERT INTO `T_LOCALIDAD` VALUES (2164,'LA CALETA','1','317','7609');
INSERT INTO `T_LOCALIDAD` VALUES (2165,'MAR DE COBO','1','317','7609');
INSERT INTO `T_LOCALIDAD` VALUES (2166,'SANTA CLARA DEL MAR','1','317','7609');
INSERT INTO `T_LOCALIDAD` VALUES (2167,'CAMET NORTE','1','317','7607');
INSERT INTO `T_LOCALIDAD` VALUES (2168,'SANTA CLARA DEL MAR','1','317','7609');
INSERT INTO `T_LOCALIDAD` VALUES (2169,'SANTA ELENA','1','317','7609');
INSERT INTO `T_LOCALIDAD` VALUES (2170,'VIVORATA','1','317','7612');
INSERT INTO `T_LOCALIDAD` VALUES (2171,'MARCOS PAZ','1','318','1727');
INSERT INTO `T_LOCALIDAD` VALUES (2172,'ELIAS ROMERO','1','318','1727');
INSERT INTO `T_LOCALIDAD` VALUES (2173,'MERCEDES','1','319','6600');
INSERT INTO `T_LOCALIDAD` VALUES (2174,'AGOTE','1','319','6600');
INSERT INTO `T_LOCALIDAD` VALUES (2175,'TOMAS JOFRE','1','319','6601');
INSERT INTO `T_LOCALIDAD` VALUES (2176,'GOWLAND','1','319','6608');
INSERT INTO `T_LOCALIDAD` VALUES (2177,'MERLO','1','320','1722');
INSERT INTO `T_LOCALIDAD` VALUES (2178,'SAN MIGUEL DEL MONTE','1','321','7220');
INSERT INTO `T_LOCALIDAD` VALUES (2179,'ABBOTT','1','321','7228');
INSERT INTO `T_LOCALIDAD` VALUES (2180,'ZENON VIDELA DORNA','1','321','7226');
INSERT INTO `T_LOCALIDAD` VALUES (2181,'MONTE HERMOSO','1','322','8153');
INSERT INTO `T_LOCALIDAD` VALUES (2182,'BALNEARIO SAUCE GRANDE','1','322','8153');
INSERT INTO `T_LOCALIDAD` VALUES (2183,'MORENO','1','323','1744');
INSERT INTO `T_LOCALIDAD` VALUES (2184,'LA REJA','1','323','1744');
INSERT INTO `T_LOCALIDAD` VALUES (2185,'FRANCISCO ALVAREZ','1','323','1746');
INSERT INTO `T_LOCALIDAD` VALUES (2186,'PASO DEL REY','1','323','1742');
INSERT INTO `T_LOCALIDAD` VALUES (2187,'MORON','1','324','1708');
INSERT INTO `T_LOCALIDAD` VALUES (2188,'CASTELAR','1','324','1712');
INSERT INTO `T_LOCALIDAD` VALUES (2189,'HAEDO','1','324','1706');
INSERT INTO `T_LOCALIDAD` VALUES (2190,'EL PALOMAR','1','324','1684');
INSERT INTO `T_LOCALIDAD` VALUES (2191,'VILLA SARMIENTO','1','324','1706');
INSERT INTO `T_LOCALIDAD` VALUES (2192,'NAVARRO','1','325','6605');
INSERT INTO `T_LOCALIDAD` VALUES (2193,'VILLA MOLL','1','325','6627');
INSERT INTO `T_LOCALIDAD` VALUES (2194,'LAS MARIANAS','1','325','6607');
INSERT INTO `T_LOCALIDAD` VALUES (2195,'JUAN JOSE ALMEYRA','1','325','6603');
INSERT INTO `T_LOCALIDAD` VALUES (2196,'NECOCHEA','1','326','7630');
INSERT INTO `T_LOCALIDAD` VALUES (2197,'QUEQUEN','1','326','7631');
INSERT INTO `T_LOCALIDAD` VALUES (2198,'JUAN NEPOMUCENO FERNANDEZ','1','326','7011');
INSERT INTO `T_LOCALIDAD` VALUES (2199,'NICANOR OLIVERA','1','326','7637');
INSERT INTO `T_LOCALIDAD` VALUES (2200,'CLARAZ','1','326','7005');
INSERT INTO `T_LOCALIDAD` VALUES (2201,'RAMON SANTAMARINA','1','326','7641');
INSERT INTO `T_LOCALIDAD` VALUES (2202,'SAN JOSE','1','326','7635');
INSERT INTO `T_LOCALIDAD` VALUES (2204,'BALNEARIO LOS ANGELES','1','326','7641');
INSERT INTO `T_LOCALIDAD` VALUES (2205,'BALNEARIO COSTA BONITA','1','326','7631');
INSERT INTO `T_LOCALIDAD` VALUES (2206,'NUEVE DE JULIO','1','327','6500');
INSERT INTO `T_LOCALIDAD` VALUES (2207,'DUDIGNAC','1','327','6505');
INSERT INTO `T_LOCALIDAD` VALUES (2208,'PATRICIOS','1','327','6503');
INSERT INTO `T_LOCALIDAD` VALUES (2209,'LA AURORA','1','327','6513');
INSERT INTO `T_LOCALIDAD` VALUES (2210,'VILLA GENERAL FOURNIER','1','327','6501');
INSERT INTO `T_LOCALIDAD` VALUES (2211,'MOREA','1','327','6507');
INSERT INTO `T_LOCALIDAD` VALUES (2212,'DOCE DE OCTUBRE','1','327','6501');
INSERT INTO `T_LOCALIDAD` VALUES (2213,'NORUMBEGA','1','327','6501');
INSERT INTO `T_LOCALIDAD` VALUES (2214,'SANTOS UNZUE','1','327','6507');
INSERT INTO `T_LOCALIDAD` VALUES (2215,'OLAVARRIA','1','328','7400');
INSERT INTO `T_LOCALIDAD` VALUES (2216,'VILLA ALFREDO FORTABAT','1','328','7436');
INSERT INTO `T_LOCALIDAD` VALUES (2217,'SIERRA CHICA','1','328','7401');
INSERT INTO `T_LOCALIDAD` VALUES (2218,'HINOJO','1','328','7318');
INSERT INTO `T_LOCALIDAD` VALUES (2219,'COLONIA HINOJO','1','328','7318');
INSERT INTO `T_LOCALIDAD` VALUES (2220,'COLONIA SAN MIGUEL','1','328','7403');
INSERT INTO `T_LOCALIDAD` VALUES (2221,'ESPIGAS','1','328','6561');
INSERT INTO `T_LOCALIDAD` VALUES (2222,'RECALDE','1','328','6559');
INSERT INTO `T_LOCALIDAD` VALUES (2223,'VILLA LA SERRANIA','1','328',NULL);
INSERT INTO `T_LOCALIDAD` VALUES (2224,'VILLA ARRIETA','1','328','7403');
INSERT INTO `T_LOCALIDAD` VALUES (2225,'SANTA LUISA','1','328','7401');
INSERT INTO `T_LOCALIDAD` VALUES (2226,'BLANCAGRANDE','1','328','6561');
INSERT INTO `T_LOCALIDAD` VALUES (2227,'COLONIA NIEVAS','1','328','7318');
INSERT INTO `T_LOCALIDAD` VALUES (2228,'SIERRAS BAYAS','1','328','7403');
INSERT INTO `T_LOCALIDAD` VALUES (2229,'CARMEN DE PATAGONES','1','329','8504');
INSERT INTO `T_LOCALIDAD` VALUES (2230,'CARDENAL CAGLIERO','1','329','8506');
INSERT INTO `T_LOCALIDAD` VALUES (2231,'BAHIA SAN BLAS','1','329','8506');
INSERT INTO `T_LOCALIDAD` VALUES (2232,'JOSE B. CASAS','1','329','8506');
INSERT INTO `T_LOCALIDAD` VALUES (2233,'JUAN A. PRADERE','1','329','8142');
INSERT INTO `T_LOCALIDAD` VALUES (2234,'STROEDER','1','329','8508');
INSERT INTO `T_LOCALIDAD` VALUES (2235,'VILLALONGA','1','329','8512');
INSERT INTO `T_LOCALIDAD` VALUES (2236,'LOS POCITOS','1','329','8506');
INSERT INTO `T_LOCALIDAD` VALUES (2237,'PEHUAJO','1','330','6450');
INSERT INTO `T_LOCALIDAD` VALUES (2238,'JUAN JOSE PASO','1','330','6474');
INSERT INTO `T_LOCALIDAD` VALUES (2239,'MONES CAZON','1','330','6469');
INSERT INTO `T_LOCALIDAD` VALUES (2240,'FRANCISCO MADERO','1','330','6472');
INSERT INTO `T_LOCALIDAD` VALUES (2241,'SAN BERNARDO DE PEHUAJO','1','330','6476');
INSERT INTO `T_LOCALIDAD` VALUES (2242,'MAGDALA','1','330','6451');
INSERT INTO `T_LOCALIDAD` VALUES (2243,'NUEVA PLATA','1','330','6451');
INSERT INTO `T_LOCALIDAD` VALUES (2244,'CHICLANA','1','330','6476');
INSERT INTO `T_LOCALIDAD` VALUES (2245,'CAPITAN CASTRO','1','330','6461');
INSERT INTO `T_LOCALIDAD` VALUES (2246,'PELLEGRINI','1','331','6346');
INSERT INTO `T_LOCALIDAD` VALUES (2247,'DE BARY','1','331','6348');
INSERT INTO `T_LOCALIDAD` VALUES (2248,'BOCAYUVA','1','331','6348');
INSERT INTO `T_LOCALIDAD` VALUES (2249,'PERGAMINO','1','332','2700');
INSERT INTO `T_LOCALIDAD` VALUES (2250,'ACEVEDO','1','332','2717');
INSERT INTO `T_LOCALIDAD` VALUES (2251,'MANUEL OCAMPO','1','332','2713');
INSERT INTO `T_LOCALIDAD` VALUES (2252,'VILLA ANGELICA','1','332','2715');
INSERT INTO `T_LOCALIDAD` VALUES (2253,'JUAN ANCHORENA','1','332','2718');
INSERT INTO `T_LOCALIDAD` VALUES (2254,'LA VIOLETA','1','332','2751');
INSERT INTO `T_LOCALIDAD` VALUES (2255,'MARIANO H. ALFONZO','1','332','2718');
INSERT INTO `T_LOCALIDAD` VALUES (2256,'GUERRICO','1','332','2717');
INSERT INTO `T_LOCALIDAD` VALUES (2257,'RANCAGUA','1','332','2701');
INSERT INTO `T_LOCALIDAD` VALUES (2258,'PINZON','1','332','2703');
INSERT INTO `T_LOCALIDAD` VALUES (2259,'FONTEZUELA','1','332','2718');
INSERT INTO `T_LOCALIDAD` VALUES (2260,'MARIANO BENITEZ','1','332','2701');
INSERT INTO `T_LOCALIDAD` VALUES (2261,'VILLA SAN JOSE','1','332','2743');
INSERT INTO `T_LOCALIDAD` VALUES (2262,'PILA','1','333','1440');
INSERT INTO `T_LOCALIDAD` VALUES (2263,'CASALINS','1','333','7225');
INSERT INTO `T_LOCALIDAD` VALUES (2264,'PILAR','1','334','1629');
INSERT INTO `T_LOCALIDAD` VALUES (2265,'FATIMA','1','334','1633');
INSERT INTO `T_LOCALIDAD` VALUES (2266,'LA LONJA','1','334','1669');
INSERT INTO `T_LOCALIDAD` VALUES (2267,'MANUEL ALBERTI','1','334','1667');
INSERT INTO `T_LOCALIDAD` VALUES (2268,'MANZANARES','1','334','1629');
INSERT INTO `T_LOCALIDAD` VALUES (2269,'DEL VISO','1','334','1669');
INSERT INTO `T_LOCALIDAD` VALUES (2270,'PRESIDENTE DERQUI','1','334','1635');
INSERT INTO `T_LOCALIDAD` VALUES (2271,'VILLA ASTOLFI','1','334','1633');
INSERT INTO `T_LOCALIDAD` VALUES (2272,'VILLA ROSA','1','334','1631');
INSERT INTO `T_LOCALIDAD` VALUES (2273,'ZELAYA','1','334','1171');
INSERT INTO `T_LOCALIDAD` VALUES (2274,'PINAMAR','1','335','7167');
INSERT INTO `T_LOCALIDAD` VALUES (2275,'MAR DE OSTENDE','1','335','7167');
INSERT INTO `T_LOCALIDAD` VALUES (2276,'OSTENDE','1','335','7167');
INSERT INTO `T_LOCALIDAD` VALUES (2277,'VALERIA DEL MAR','1','335','7167');
INSERT INTO `T_LOCALIDAD` VALUES (2278,'CARILO','1','335','7167');
INSERT INTO `T_LOCALIDAD` VALUES (2279,'MONTECARLO','1','335','7167');
INSERT INTO `T_LOCALIDAD` VALUES (2280,'GUERNICA','1','336','1862');
INSERT INTO `T_LOCALIDAD` VALUES (2281,'PUAN','1','337','8180');
INSERT INTO `T_LOCALIDAD` VALUES (2282,'AZOPARDO','1','337','1107');
INSERT INTO `T_LOCALIDAD` VALUES (2283,'BORDENAVE','1','337','8187');
INSERT INTO `T_LOCALIDAD` VALUES (2284,'DARREGUEIRA','1','337','8183');
INSERT INTO `T_LOCALIDAD` VALUES (2285,'ESTELA','1','337','8127');
INSERT INTO `T_LOCALIDAD` VALUES (2286,'FELIPE SOLA','1','337','8129');
INSERT INTO `T_LOCALIDAD` VALUES (2287,'LOPEZ LECUBE','1','337','8117');
INSERT INTO `T_LOCALIDAD` VALUES (2288,'SAN GERMAN','1','337','8124');
INSERT INTO `T_LOCALIDAD` VALUES (2289,'TRES CUERVOS','1','337','8183');
INSERT INTO `T_LOCALIDAD` VALUES (2290,'VIBORAS','1','337','8180');
INSERT INTO `T_LOCALIDAD` VALUES (2291,'VILLA CASTELAR','1','337','6430');
INSERT INTO `T_LOCALIDAD` VALUES (2292,'VILLA DURCUDOY','1','337','8129');
INSERT INTO `T_LOCALIDAD` VALUES (2293,'VILLA IRIS','1','337','8126');
INSERT INTO `T_LOCALIDAD` VALUES (2294,'VERONICA','1','338','1917');
INSERT INTO `T_LOCALIDAD` VALUES (2295,'PIPINAS','1','338','1921');
INSERT INTO `T_LOCALIDAD` VALUES (2296,'PUNTA DEL INDIO','1','338','1917');
INSERT INTO `T_LOCALIDAD` VALUES (2297,'ALVAREZ JONTE','1','338','1921');
INSERT INTO `T_LOCALIDAD` VALUES (2298,'LAS TAHONAS','1','338','1917');
INSERT INTO `T_LOCALIDAD` VALUES (2299,'MONTE VELOZ','1','338','1917');
INSERT INTO `T_LOCALIDAD` VALUES (2300,'QUILMES','1','339','1878');
INSERT INTO `T_LOCALIDAD` VALUES (2301,'BERNAL ESTE','1','339','1876');
INSERT INTO `T_LOCALIDAD` VALUES (2302,'DON BOSCO','1','339','1876');
INSERT INTO `T_LOCALIDAD` VALUES (2303,'EZPELETA OESTE','1','339','1882');
INSERT INTO `T_LOCALIDAD` VALUES (2304,'BERNAL OESTE','1','339','1876');
INSERT INTO `T_LOCALIDAD` VALUES (2305,'EZPELETA','1','339','1882');
INSERT INTO `T_LOCALIDAD` VALUES (2306,'RAMALLO','1','340','2915');
INSERT INTO `T_LOCALIDAD` VALUES (2307,'EL PARAISO','1','340','2916');
INSERT INTO `T_LOCALIDAD` VALUES (2308,'LAS BAHAMAS','1','340','2916');
INSERT INTO `T_LOCALIDAD` VALUES (2309,'PEREZ MILLAN','1','340','2933');
INSERT INTO `T_LOCALIDAD` VALUES (2310,'SIMON SANTIAGO SANCHEZ','1','340',NULL);
INSERT INTO `T_LOCALIDAD` VALUES (2311,'VILLA RAMALLO','1','340','2914');
INSERT INTO `T_LOCALIDAD` VALUES (2312,'VILLA GENERAL SAVIO','1','340','2912');
INSERT INTO `T_LOCALIDAD` VALUES (2313,'RAUCH','1','341','7203');
INSERT INTO `T_LOCALIDAD` VALUES (2314,'AMERICA','1','342','6237');
INSERT INTO `T_LOCALIDAD` VALUES (2315,'GONZALEZ MORENO','1','342','6239');
INSERT INTO `T_LOCALIDAD` VALUES (2316,'ROOSEVELT','1','342','6403');
INSERT INTO `T_LOCALIDAD` VALUES (2317,'FORTIN OLAVARRIA','1','342','6403');
INSERT INTO `T_LOCALIDAD` VALUES (2318,'MIRA PAMPA','1','342','6403');
INSERT INTO `T_LOCALIDAD` VALUES (2319,'ROJAS','1','343','2705');
INSERT INTO `T_LOCALIDAD` VALUES (2320,'LAS CARABELAS','1','343','2703');
INSERT INTO `T_LOCALIDAD` VALUES (2321,'RAFAEL OBLIGADO','1','343','6001');
INSERT INTO `T_LOCALIDAD` VALUES (2322,'LOS INDIOS','1','343','2709');
INSERT INTO `T_LOCALIDAD` VALUES (2323,'LA BEBA','1','343','6003');
INSERT INTO `T_LOCALIDAD` VALUES (2324,'VILLA MANUEL POMAR','1','343','2703');
INSERT INTO `T_LOCALIDAD` VALUES (2325,'VILLA PARQUE CECIR','1','343','2705');
INSERT INTO `T_LOCALIDAD` VALUES (2326,'ROBERTO CANO','1','343','2703');
INSERT INTO `T_LOCALIDAD` VALUES (2327,'ROQUE PEREZ','1','344','7245');
INSERT INTO `T_LOCALIDAD` VALUES (2328,'CARLOS BEGUERIE','1','344','7247');
INSERT INTO `T_LOCALIDAD` VALUES (2329,'OCHO CUARTELES','1','344',NULL);
INSERT INTO `T_LOCALIDAD` VALUES (2330,'PIGÜE','1','345','8170');
INSERT INTO `T_LOCALIDAD` VALUES (2331,'COLONIA SAN MARTIN','1','345','8164');
INSERT INTO `T_LOCALIDAD` VALUES (2332,'DUFAUR','1','345','8164');
INSERT INTO `T_LOCALIDAD` VALUES (2333,'ESPARTILLAR','1','345','8171');
INSERT INTO `T_LOCALIDAD` VALUES (2334,'GOYENA','1','345','8175');
INSERT INTO `T_LOCALIDAD` VALUES (2335,'SAAVEDRA','1','345','8174');
INSERT INTO `T_LOCALIDAD` VALUES (2336,'ARROYO CORTO','1','345','8172');
INSERT INTO `T_LOCALIDAD` VALUES (2337,'SALADILLO','1','346','7260');
INSERT INTO `T_LOCALIDAD` VALUES (2338,'BLAQUIER','1','346','6065');
INSERT INTO `T_LOCALIDAD` VALUES (2339,'CAZON','1','346','7265');
INSERT INTO `T_LOCALIDAD` VALUES (2340,'DEL CARRIL','1','346','7265');
INSERT INTO `T_LOCALIDAD` VALUES (2341,'POLVAREDAS','1','346','7267');
INSERT INTO `T_LOCALIDAD` VALUES (2342,'ALVAREZ DE TOLEDO','1','346','7267');
INSERT INTO `T_LOCALIDAD` VALUES (2343,'SALLIQUELO','1','347','6339');
INSERT INTO `T_LOCALIDAD` VALUES (2344,'QUENUMA','1','347','6335');
INSERT INTO `T_LOCALIDAD` VALUES (2345,'SALTO','1','348','2741');
INSERT INTO `T_LOCALIDAD` VALUES (2346,'BERDIER','1','348','2743');
INSERT INTO `T_LOCALIDAD` VALUES (2347,'GAHAN','1','348','2745');
INSERT INTO `T_LOCALIDAD` VALUES (2348,'INES INDART','1','348','2747');
INSERT INTO `T_LOCALIDAD` VALUES (2349,'LA INVENCIBLE','1','348','2745');
INSERT INTO `T_LOCALIDAD` VALUES (2350,'ARROYO DULCE','1','348','2743');
INSERT INTO `T_LOCALIDAD` VALUES (2351,'SAN ANDRES DE GILES','1','349','6720');
INSERT INTO `T_LOCALIDAD` VALUES (2352,'FRANKLIN','1','349','6614');
INSERT INTO `T_LOCALIDAD` VALUES (2353,'SOLIS','1','349','1078');
INSERT INTO `T_LOCALIDAD` VALUES (2354,'VILLA ESPIL','1','349','6712');
INSERT INTO `T_LOCALIDAD` VALUES (2355,'VILLA RUIZ','1','349','6705');
INSERT INTO `T_LOCALIDAD` VALUES (2356,'CUCULLU','1','349','6723');
INSERT INTO `T_LOCALIDAD` VALUES (2357,'SAN ANTONIO DE ARECO','1','350','2760');
INSERT INTO `T_LOCALIDAD` VALUES (2358,'VILLA LIA','1','350','2761');
INSERT INTO `T_LOCALIDAD` VALUES (2359,'SAN CAYETANO','1','351','7521');
INSERT INTO `T_LOCALIDAD` VALUES (2360,'OCHANDIO','1','351','7521');
INSERT INTO `T_LOCALIDAD` VALUES (2361,'SAN FERNANDO','1','352','1646');
INSERT INTO `T_LOCALIDAD` VALUES (2362,'VICTORIA','1','352','1644');
INSERT INTO `T_LOCALIDAD` VALUES (2363,'VIRREYES','1','352','1646');
INSERT INTO `T_LOCALIDAD` VALUES (2364,'ISLAS','1','352','6667');
INSERT INTO `T_LOCALIDAD` VALUES (2365,'VILLA ADELINA','1','353','1607');
INSERT INTO `T_LOCALIDAD` VALUES (2366,'ACASSUSO','1','353','1640');
INSERT INTO `T_LOCALIDAD` VALUES (2367,'BECCAR','1','353','1643');
INSERT INTO `T_LOCALIDAD` VALUES (2368,'BOULOGNE SUR MER','1','353','1609');
INSERT INTO `T_LOCALIDAD` VALUES (2369,'MARTINEZ','1','353','1640');
INSERT INTO `T_LOCALIDAD` VALUES (2370,'SAN ISIDRO','1','353','1642');
INSERT INTO `T_LOCALIDAD` VALUES (2371,'SAN MIGUEL','1','354','1663');
INSERT INTO `T_LOCALIDAD` VALUES (2372,'MUÑIZ','1','354','1212');
INSERT INTO `T_LOCALIDAD` VALUES (2373,'CAMPO DE MAYO','1','354','1659');
INSERT INTO `T_LOCALIDAD` VALUES (2374,'BELLA VISTA','1','354','1661');
INSERT INTO `T_LOCALIDAD` VALUES (2375,'SANTA MARIA','1','354','1663');
INSERT INTO `T_LOCALIDAD` VALUES (2376,'SAN NICOLAS DE LOS ARROYOS','1','355','2900');
INSERT INTO `T_LOCALIDAD` VALUES (2377,'CONESA','1','355','2907');
INSERT INTO `T_LOCALIDAD` VALUES (2378,'EREZCANO','1','355','2903');
INSERT INTO `T_LOCALIDAD` VALUES (2379,'GENERAL ROJO','1','355','2905');
INSERT INTO `T_LOCALIDAD` VALUES (2380,'LA EMILIA','1','355','2901');
INSERT INTO `T_LOCALIDAD` VALUES (2381,'CAMPOS SALLES','1','355','2900');
INSERT INTO `T_LOCALIDAD` VALUES (2382,'VILLA CAMPI','1','355','2901');
INSERT INTO `T_LOCALIDAD` VALUES (2383,'VILLA CANTO','1','355','2901');
INSERT INTO `T_LOCALIDAD` VALUES (2384,'VILLA ESPERANZA','1','355','2915');
INSERT INTO `T_LOCALIDAD` VALUES (2385,'VILLA HERMOSA','1','355','2901');
INSERT INTO `T_LOCALIDAD` VALUES (2386,'VILLA RICCIO','1','355','2901');
INSERT INTO `T_LOCALIDAD` VALUES (2387,'SAN PEDRO','1','356','2930');
INSERT INTO `T_LOCALIDAD` VALUES (2388,'GOBERNADOR CASTRO','1','356','2946');
INSERT INTO `T_LOCALIDAD` VALUES (2389,'SANTA LUCIA','1','356','2935');
INSERT INTO `T_LOCALIDAD` VALUES (2390,'RIO TALA','1','356','2944');
INSERT INTO `T_LOCALIDAD` VALUES (2391,'PUEBLO DOYLE','1','356','2935');
INSERT INTO `T_LOCALIDAD` VALUES (2392,'OBLIGADO','1','356','2931');
INSERT INTO `T_LOCALIDAD` VALUES (2393,'SAN VICENTE','1','357','1865');
INSERT INTO `T_LOCALIDAD` VALUES (2394,'ALEJANDRO KORN','1','357','1864');
INSERT INTO `T_LOCALIDAD` VALUES (2395,'DOMSELAAR','1','357','1984');
INSERT INTO `T_LOCALIDAD` VALUES (2396,'SUIPACHA','1','358','6612');
INSERT INTO `T_LOCALIDAD` VALUES (2397,'GENERAL RIVAS','1','358','6614');
INSERT INTO `T_LOCALIDAD` VALUES (2398,'ROMAN BAEZ','1','358','6612');
INSERT INTO `T_LOCALIDAD` VALUES (2399,'TANDIL','1','359','7000');
INSERT INTO `T_LOCALIDAD` VALUES (2400,'MARIA IGNACIA - ESTACION VELA','1','359','7003');
INSERT INTO `T_LOCALIDAD` VALUES (2401,'GARDEY','1','359','7003');
INSERT INTO `T_LOCALIDAD` VALUES (2402,'DE LA CANAL','1','359','7013');
INSERT INTO `T_LOCALIDAD` VALUES (2403,'DESVIO AGUIRRE','1','359','7000');
INSERT INTO `T_LOCALIDAD` VALUES (2404,'TAPALQUE','1','360','7303');
INSERT INTO `T_LOCALIDAD` VALUES (2405,'VELLOSO','1','360','7305');
INSERT INTO `T_LOCALIDAD` VALUES (2406,'TIGRE','1','361','1648');
INSERT INTO `T_LOCALIDAD` VALUES (2407,'DON TORCUATO','1','361','1611');
INSERT INTO `T_LOCALIDAD` VALUES (2408,'GENERAL PACHECO','1','361','1617');
INSERT INTO `T_LOCALIDAD` VALUES (2409,'EL TALAR','1','361','1617');
INSERT INTO `T_LOCALIDAD` VALUES (2410,'BENAVIDEZ','1','361','1621');
INSERT INTO `T_LOCALIDAD` VALUES (2411,'DIQUE LUJAN','1','361','1623');
INSERT INTO `T_LOCALIDAD` VALUES (2412,'NORDELTA','1','361','1670');
INSERT INTO `T_LOCALIDAD` VALUES (2413,'RICARDO ROJAS','1','361','1618');
INSERT INTO `T_LOCALIDAD` VALUES (2414,'RINCON DE MILBERG','1','361','1648');
INSERT INTO `T_LOCALIDAD` VALUES (2415,'TRONCOS DEL TALAR','1','361','1618');
INSERT INTO `T_LOCALIDAD` VALUES (2416,'ISLAS DEL DELTA DEL PARANA','1','361',NULL);
INSERT INTO `T_LOCALIDAD` VALUES (2417,'GENERAL CONESA','1','362','7101');
INSERT INTO `T_LOCALIDAD` VALUES (2418,'VILLA ROCH','1','362','7101');
INSERT INTO `T_LOCALIDAD` VALUES (2419,'TORNQUIST','1','363','8160');
INSERT INTO `T_LOCALIDAD` VALUES (2420,'SIERRA DE LA VENTANA','1','363','8168');
INSERT INTO `T_LOCALIDAD` VALUES (2421,'SALDUNGARAY','1','363','8166');
INSERT INTO `T_LOCALIDAD` VALUES (2422,'TRES PICOS','1','363','8162');
INSERT INTO `T_LOCALIDAD` VALUES (2423,'VILLA SERRANA LA GRUTA','1','363','8160');
INSERT INTO `T_LOCALIDAD` VALUES (2424,'VILLA VENTANA','1','363','8160');
INSERT INTO `T_LOCALIDAD` VALUES (2425,'TRENQUE LAUQUEN','1','364','6400');
INSERT INTO `T_LOCALIDAD` VALUES (2426,'TREINTA DE AGOSTO','1','364','6405');
INSERT INTO `T_LOCALIDAD` VALUES (2427,'BERUTI','1','364','1117');
INSERT INTO `T_LOCALIDAD` VALUES (2428,'GIRODIAS','1','364','6407');
INSERT INTO `T_LOCALIDAD` VALUES (2429,'LA CARRETA','1','364','6471');
INSERT INTO `T_LOCALIDAD` VALUES (2430,'TRES ARROYOS','1','365','7500');
INSERT INTO `T_LOCALIDAD` VALUES (2431,'CLAROMECO','1','365','7505');
INSERT INTO `T_LOCALIDAD` VALUES (2432,'VILLA RODRIGUEZ','1','365','7519');
INSERT INTO `T_LOCALIDAD` VALUES (2433,'COPETONAS','1','365','7511');
INSERT INTO `T_LOCALIDAD` VALUES (2434,'LIN CALEL','1','365','7505');
INSERT INTO `T_LOCALIDAD` VALUES (2435,'MICAELA CASCALLARES','1','365','7507');
INSERT INTO `T_LOCALIDAD` VALUES (2436,'ORENSE','1','365','7503');
INSERT INTO `T_LOCALIDAD` VALUES (2437,'RETA','1','365','7511');
INSERT INTO `T_LOCALIDAD` VALUES (2438,'SAN FRANCISCO DE BELLOCQ','1','365','7505');
INSERT INTO `T_LOCALIDAD` VALUES (2439,'SAN MAYOL','1','365','7519');
INSERT INTO `T_LOCALIDAD` VALUES (2440,'CASEROS','1','366','1678');
INSERT INTO `T_LOCALIDAD` VALUES (2441,'CHURRUCA','1','366','1657');
INSERT INTO `T_LOCALIDAD` VALUES (2442,'CIUDAD JARDIN LOMAS DEL PALOMAR','1','366','1684');
INSERT INTO `T_LOCALIDAD` VALUES (2443,'CIUDADELA','1','366','1702');
INSERT INTO `T_LOCALIDAD` VALUES (2444,'EL LIBERTADOR','1','366','1657');
INSERT INTO `T_LOCALIDAD` VALUES (2445,'JOSE INGENIEROS','1','366','1702');
INSERT INTO `T_LOCALIDAD` VALUES (2446,'LOMA HERMOSA','1','366','1657');
INSERT INTO `T_LOCALIDAD` VALUES (2447,'MARTIN CORONADO','1','366','1682');
INSERT INTO `T_LOCALIDAD` VALUES (2448,'ONCE DE SEPTIEMBRE','1','366','1657');
INSERT INTO `T_LOCALIDAD` VALUES (2449,'PABLO PODESTA','1','366','1657');
INSERT INTO `T_LOCALIDAD` VALUES (2450,'REMEDIOS DE ESCALADA','1','366','1657');
INSERT INTO `T_LOCALIDAD` VALUES (2451,'SAENZ PEÑA','1','366','1674');
INSERT INTO `T_LOCALIDAD` VALUES (2452,'SANTOS LUGARES','1','366','1676');
INSERT INTO `T_LOCALIDAD` VALUES (2453,'VILLA BOSCH','1','366','1682');
INSERT INTO `T_LOCALIDAD` VALUES (2454,'VILLA RAFFO','1','366','1674');
INSERT INTO `T_LOCALIDAD` VALUES (2455,'TRES LOMAS','1','367','6409');
INSERT INTO `T_LOCALIDAD` VALUES (2456,'INGENIERO THOMPSON','1','367','6337');
INSERT INTO `T_LOCALIDAD` VALUES (2457,'25 DE MAYO','1','368','6660');
INSERT INTO `T_LOCALIDAD` VALUES (2458,'AGUSTIN MOSCONI','1','368','6667');
INSERT INTO `T_LOCALIDAD` VALUES (2459,'DEL VALLE','1','368','6509');
INSERT INTO `T_LOCALIDAD` VALUES (2460,'ERNESTINA','1','368','6665');
INSERT INTO `T_LOCALIDAD` VALUES (2461,'GOBERNADOR UGARTE','1','368','6621');
INSERT INTO `T_LOCALIDAD` VALUES (2462,'LUCAS MONTEVERDE','1','368','6661');
INSERT INTO `T_LOCALIDAD` VALUES (2463,'NORBERTO DE LA RIESTRA','1','368','6663');
INSERT INTO `T_LOCALIDAD` VALUES (2464,'PEDERNALES','1','368','6665');
INSERT INTO `T_LOCALIDAD` VALUES (2465,'SAN ENRIQUE','1','368','6661');
INSERT INTO `T_LOCALIDAD` VALUES (2466,'VALDES','1','368','6667');
INSERT INTO `T_LOCALIDAD` VALUES (2467,'OLIVOS','1','369','1636');
INSERT INTO `T_LOCALIDAD` VALUES (2468,'FLORIDA OESTE','1','369','1602');
INSERT INTO `T_LOCALIDAD` VALUES (2469,'VILLA MARTELLI','1','369','1603');
INSERT INTO `T_LOCALIDAD` VALUES (2470,'MUNRO','1','369','1605');
INSERT INTO `T_LOCALIDAD` VALUES (2471,'CARAPACHAY','1','369','1605');
INSERT INTO `T_LOCALIDAD` VALUES (2472,'VILLA ADELINA','1','369','1605');
INSERT INTO `T_LOCALIDAD` VALUES (2473,'FLORIDA','1','369','1602');
INSERT INTO `T_LOCALIDAD` VALUES (2474,'LA LUCILA','1','369','1636');
INSERT INTO `T_LOCALIDAD` VALUES (2475,'VICENTE LOPEZ','1','369','1638');
INSERT INTO `T_LOCALIDAD` VALUES (2476,'VILLA GESELL','1','370','7165');
INSERT INTO `T_LOCALIDAD` VALUES (2477,'MAR AZUL','1','370','7165');
INSERT INTO `T_LOCALIDAD` VALUES (2478,'MAR DE LAS PAMPAS','1','370','7165');
INSERT INTO `T_LOCALIDAD` VALUES (2479,'LAS GAVIOTAS','1','370','6354');
INSERT INTO `T_LOCALIDAD` VALUES (2480,'MEDANOS','1','371','8132');
INSERT INTO `T_LOCALIDAD` VALUES (2481,'COLONIA SAN ADOLFO','1','371','8142');
INSERT INTO `T_LOCALIDAD` VALUES (2482,'HILARIO ASCASUBI','1','371','8142');
INSERT INTO `T_LOCALIDAD` VALUES (2483,'JUAN COUSTE - EST. ALGARROBO','1','371','8136');
INSERT INTO `T_LOCALIDAD` VALUES (2484,'MAYOR BURATOVICH','1','371','8146');
INSERT INTO `T_LOCALIDAD` VALUES (2485,'ARGERICH','1','371','8134');
INSERT INTO `T_LOCALIDAD` VALUES (2486,'PEDRO LURO','1','371','8148');
INSERT INTO `T_LOCALIDAD` VALUES (2487,'TENIENTE ORIGONE','1','371','8144');
INSERT INTO `T_LOCALIDAD` VALUES (2488,'ZARATE','1','372','2800');
INSERT INTO `T_LOCALIDAD` VALUES (2489,'COUNTRY CLUB EL CASCO','1','372','2800');
INSERT INTO `T_LOCALIDAD` VALUES (2490,'ESCALADA','1','372','2801');
INSERT INTO `T_LOCALIDAD` VALUES (2491,'LIMA','1','372','1073');
INSERT INTO `T_LOCALIDAD` VALUES (2492,'BARRIO SAAVEDRA','1','372','2800');
INSERT INTO `T_LOCALIDAD` VALUES (2493,'CAPITAL FEDERAL','2','373',NULL);
INSERT INTO `T_LOCALIDAD` VALUES (2494,'PUERTO MADRYN','5','374','9120');
INSERT INTO `T_LOCALIDAD` VALUES (2495,'PUERTO PIRAMIDES','5','374','9121');
INSERT INTO `T_LOCALIDAD` VALUES (2496,'QUINTA EL MIRADOR','5','374',NULL);
INSERT INTO `T_LOCALIDAD` VALUES (2497,'PUNTA DELGADA','5','374','9121');
INSERT INTO `T_LOCALIDAD` VALUES (2498,'LELEQUE','5','375','9213');
INSERT INTO `T_LOCALIDAD` VALUES (2499,'BUENOS AIRES CHICO','5','375','9210');
INSERT INTO `T_LOCALIDAD` VALUES (2500,'CHOLILA','5','375','9217');
INSERT INTO `T_LOCALIDAD` VALUES (2501,'CUSHAMEN','5','375','8211');
INSERT INTO `T_LOCALIDAD` VALUES (2502,'HOYO DE EPUYEN','5','375','9211');
INSERT INTO `T_LOCALIDAD` VALUES (2503,'EL MAITEN','5','375','9210');
INSERT INTO `T_LOCALIDAD` VALUES (2504,'EPUYEN','5','375','9211');
INSERT INTO `T_LOCALIDAD` VALUES (2505,'GUALJAINA','5','375','9201');
INSERT INTO `T_LOCALIDAD` VALUES (2506,'LAGO EPUYEN','5','375','9211');
INSERT INTO `T_LOCALIDAD` VALUES (2507,'LAGO PUELO','5','375','8431');
INSERT INTO `T_LOCALIDAD` VALUES (2508,'COMODORO RIVADAVIA','5','376','9000');
INSERT INTO `T_LOCALIDAD` VALUES (2509,'ACCESO NORTE','5','376','9000');
INSERT INTO `T_LOCALIDAD` VALUES (2510,'ASTRA','5','376','9001');
INSERT INTO `T_LOCALIDAD` VALUES (2511,'BAHIA BUSTAMANTE','5','376','9111');
INSERT INTO `T_LOCALIDAD` VALUES (2512,'BARRIO MILITAR - AEROPUERTO','5','376','9000');
INSERT INTO `T_LOCALIDAD` VALUES (2513,'CALETA CORDOVA','5','376','9003');
INSERT INTO `T_LOCALIDAD` VALUES (2514,'CALETA OLIVARES','5','376','9000');
INSERT INTO `T_LOCALIDAD` VALUES (2515,'CAMPAMENTO EL TORDILLO','5','376','9000');
INSERT INTO `T_LOCALIDAD` VALUES (2516,'CASTELLI','5','376','9000');
INSERT INTO `T_LOCALIDAD` VALUES (2517,'CIUDADELA','5','376','9000');
INSERT INTO `T_LOCALIDAD` VALUES (2518,'CUARTELES','5','376','9000');
INSERT INTO `T_LOCALIDAD` VALUES (2519,'COMFERPET','5','376','9003');
INSERT INTO `T_LOCALIDAD` VALUES (2520,'DIADEMA ARGENTINA','5','376','9009');
INSERT INTO `T_LOCALIDAD` VALUES (2521,'DON BOSCO KM 8','5','376','9000');
INSERT INTO `T_LOCALIDAD` VALUES (2522,'EL TREBOL','5','376','9000');
INSERT INTO `T_LOCALIDAD` VALUES (2523,'ESCALANTE','5','376','9000');
INSERT INTO `T_LOCALIDAD` VALUES (2524,'GASODUCTO','5','376','9000');
INSERT INTO `T_LOCALIDAD` VALUES (2525,'GENERAL MOSCONI KM 3','5','376','9000');
INSERT INTO `T_LOCALIDAD` VALUES (2526,'GÜEMES','5','376',NULL);
INSERT INTO `T_LOCALIDAD` VALUES (2527,'LAPRIDA','5','376','9000');
INSERT INTO `T_LOCALIDAD` VALUES (2528,'MANANTIALES ROSALES','5','376','9000');
INSERT INTO `T_LOCALIDAD` VALUES (2529,'PAMPA DEL CASTILLO','5','376','9000');
INSERT INTO `T_LOCALIDAD` VALUES (2530,'PAMPA SALAMANCA','5','376','9007');
INSERT INTO `T_LOCALIDAD` VALUES (2531,'PICO SALAMANCA','5','376','9000');
INSERT INTO `T_LOCALIDAD` VALUES (2532,'PROSPERO PALAZZO','5','376','9000');
INSERT INTO `T_LOCALIDAD` VALUES (2533,'PRESIDENTE ORTIZ KM 5','5','376','9000');
INSERT INTO `T_LOCALIDAD` VALUES (2534,'PUERTO VISSER','5','376','9000');
INSERT INTO `T_LOCALIDAD` VALUES (2535,'RADA TILLY','5','376','9001');
INSERT INTO `T_LOCALIDAD` VALUES (2536,'RESTINGA ALI','5','376','9003');
INSERT INTO `T_LOCALIDAD` VALUES (2537,'ROCAS COLORADAS','5','376','9000');
INSERT INTO `T_LOCALIDAD` VALUES (2538,'RODRIGUEZ PEÑA','5','376','9000');
INSERT INTO `T_LOCALIDAD` VALUES (2539,'RIO CHICO - ESCALANTE','5','376','9000');
INSERT INTO `T_LOCALIDAD` VALUES (2540,'SAAVEDRA','5','376','9000');
INSERT INTO `T_LOCALIDAD` VALUES (2541,'SARMIENTO','5','376','9000');
INSERT INTO `T_LOCALIDAD` VALUES (2542,'25 DE MAYO - CHUBUT','5','376','9000');
INSERT INTO `T_LOCALIDAD` VALUES (2543,'CAMARONES','5','377','9111');
INSERT INTO `T_LOCALIDAD` VALUES (2544,'GARAYALDE','5','377','9007');
INSERT INTO `T_LOCALIDAD` VALUES (2545,'ESQUEL','5','378','9200');
INSERT INTO `T_LOCALIDAD` VALUES (2546,'TREVELIN','5','378','9203');
INSERT INTO `T_LOCALIDAD` VALUES (2547,'CORCOVADO','5','378','9201');
INSERT INTO `T_LOCALIDAD` VALUES (2548,'LAGO ROSARIO','5','378','9203');
INSERT INTO `T_LOCALIDAD` VALUES (2549,'ALDEA ESCOLAR','5','378','9203');
INSERT INTO `T_LOCALIDAD` VALUES (2550,'LOS CIPRESES','5','378','9203');
INSERT INTO `T_LOCALIDAD` VALUES (2551,'VILLA FUTALAUFQUEN','5','378','9200');
INSERT INTO `T_LOCALIDAD` VALUES (2552,'GAIMAN','5','379','9105');
INSERT INTO `T_LOCALIDAD` VALUES (2553,'VILLA DIQUE FLORENTINO AMEGHINO','5','379','9101');
INSERT INTO `T_LOCALIDAD` VALUES (2554,'DOLAVON','5','379','9107');
INSERT INTO `T_LOCALIDAD` VALUES (2555,'VEINTIOCHO DE JULIO','5','379','9107');
INSERT INTO `T_LOCALIDAD` VALUES (2556,'GASTRE','5','380','9121');
INSERT INTO `T_LOCALIDAD` VALUES (2557,'LAGUNITA SALADA','5','380','9121');
INSERT INTO `T_LOCALIDAD` VALUES (2558,'BLANCUNTRE','5','380','9121');
INSERT INTO `T_LOCALIDAD` VALUES (2559,'EL ESCORIAL','5','380','9121');
INSERT INTO `T_LOCALIDAD` VALUES (2560,'YALA LAUBAT','5','380','9121');
INSERT INTO `T_LOCALIDAD` VALUES (2561,'TECKA','5','381','9201');
INSERT INTO `T_LOCALIDAD` VALUES (2562,'PASO DEL SAPO','5','381','9201');
INSERT INTO `T_LOCALIDAD` VALUES (2563,'CARRENLEUFU','5','381','9201');
INSERT INTO `T_LOCALIDAD` VALUES (2564,'COLAN CONHUE','5','381','9201');
INSERT INTO `T_LOCALIDAD` VALUES (2565,'ALDEA EPULEF','5','381','9201');
INSERT INTO `T_LOCALIDAD` VALUES (2566,'LAS PLUMAS','5','382','9101');
INSERT INTO `T_LOCALIDAD` VALUES (2567,'EL MIRASOL','5','382','9101');
INSERT INTO `T_LOCALIDAD` VALUES (2568,'PASO DE INDIOS','5','383','9207');
INSERT INTO `T_LOCALIDAD` VALUES (2569,'LOS ALTARES','5','383','9207');
INSERT INTO `T_LOCALIDAD` VALUES (2570,'CERRO CONDOR','5','383','9207');
INSERT INTO `T_LOCALIDAD` VALUES (2571,'RAWSON','5','384','9103');
INSERT INTO `T_LOCALIDAD` VALUES (2572,'PLAYA UNION','5','384','9103');
INSERT INTO `T_LOCALIDAD` VALUES (2573,'PUERTO RAWSON','5','384','9103');
INSERT INTO `T_LOCALIDAD` VALUES (2574,'TRELEW','5','384','9100');
INSERT INTO `T_LOCALIDAD` VALUES (2575,'PLAYA MAGAGNA','5','384','9100');
INSERT INTO `T_LOCALIDAD` VALUES (2576,'ALTO RIO SENGUER','5','385','9033');
INSERT INTO `T_LOCALIDAD` VALUES (2577,'RIO MAYO','5','385','9030');
INSERT INTO `T_LOCALIDAD` VALUES (2578,'DOCTOR RICARDO ROJAS','5','385','9035');
INSERT INTO `T_LOCALIDAD` VALUES (2579,'LAGO BLANCO','5','385','9039');
INSERT INTO `T_LOCALIDAD` VALUES (2580,'ALDEA BELEIRO','5','385','9037');
INSERT INTO `T_LOCALIDAD` VALUES (2581,'FACUNDO','5','385','9031');
INSERT INTO `T_LOCALIDAD` VALUES (2582,'ALDEA APELEG','5','385','9033');
INSERT INTO `T_LOCALIDAD` VALUES (2583,'SARMIENTO','5','386','9020');
INSERT INTO `T_LOCALIDAD` VALUES (2584,'BUEN PASTO','5','386','9023');
INSERT INTO `T_LOCALIDAD` VALUES (2585,'JOSE DE SAN MARTIN  - CHUBUT','5','387','9220');
INSERT INTO `T_LOCALIDAD` VALUES (2586,'GOBERNADOR COSTA','5','387','9223');
INSERT INTO `T_LOCALIDAD` VALUES (2587,'RIO PICO','5','387','9225');
INSERT INTO `T_LOCALIDAD` VALUES (2588,'LAS PAMPAS - CHUBUT','5','387','9225');
INSERT INTO `T_LOCALIDAD` VALUES (2589,'TELSEN','5','388','9121');
INSERT INTO `T_LOCALIDAD` VALUES (2590,'GAN GAN','5','388','9121');
INSERT INTO `T_LOCALIDAD` VALUES (2591,'MACACHIN','11','389','6307');
INSERT INTO `T_LOCALIDAD` VALUES (2592,'MIGUEL RIGLOS','11','389','6301');
INSERT INTO `T_LOCALIDAD` VALUES (2593,'ROLON','11','389','6305');
INSERT INTO `T_LOCALIDAD` VALUES (2594,'TOMAS MANUEL DE ANCHORENA','11','389','6301');
INSERT INTO `T_LOCALIDAD` VALUES (2595,'DOBLAS','11','389','6305');
INSERT INTO `T_LOCALIDAD` VALUES (2596,'LA ADELA','11','390','8138');
INSERT INTO `T_LOCALIDAD` VALUES (2597,'GENERAL SAN MARTIN - LA PAMPA','11','390','8206');
INSERT INTO `T_LOCALIDAD` VALUES (2598,'JACINTO ARAUZ','11','390','8208');
INSERT INTO `T_LOCALIDAD` VALUES (2599,'BERNASCONI','11','390','8204');
INSERT INTO `T_LOCALIDAD` VALUES (2600,'SANTA ROSA','11','391','6300');
INSERT INTO `T_LOCALIDAD` VALUES (2601,'MAURICIO MAYER','11','391','6315');
INSERT INTO `T_LOCALIDAD` VALUES (2602,'ANGUIL','11','391','6326');
INSERT INTO `T_LOCALIDAD` VALUES (2603,'WINIFREDA','11','391','6313');
INSERT INTO `T_LOCALIDAD` VALUES (2604,'CATRILO','11','392','6330');
INSERT INTO `T_LOCALIDAD` VALUES (2605,'LONQUIMAY','11','392','6352');
INSERT INTO `T_LOCALIDAD` VALUES (2606,'TOMAS DE ANCHORENA','11','392','6301');
INSERT INTO `T_LOCALIDAD` VALUES (2607,'URIBURU','11','392','6354');
INSERT INTO `T_LOCALIDAD` VALUES (2608,'SANTA ISABEL','11','393','6323');
INSERT INTO `T_LOCALIDAD` VALUES (2609,'VICTORICA','11','393','6319');
INSERT INTO `T_LOCALIDAD` VALUES (2610,'INTENDENTE ALVEAR','11','394','6221');
INSERT INTO `T_LOCALIDAD` VALUES (2611,'CEBALLOS','11','394','6221');
INSERT INTO `T_LOCALIDAD` VALUES (2612,'CORONEL HILARIO LAGOS','11','394','6228');
INSERT INTO `T_LOCALIDAD` VALUES (2613,'GENERAL PICO','11','394','6360');
INSERT INTO `T_LOCALIDAD` VALUES (2614,'BERNARDO LARROUDE','11','394','6220');
INSERT INTO `T_LOCALIDAD` VALUES (2615,'VERTIZ','11','394','6365');
INSERT INTO `T_LOCALIDAD` VALUES (2616,'SARAH','11','394','6228');
INSERT INTO `T_LOCALIDAD` VALUES (2617,'ALGARROBO DEL AGUILA','11','395','6323');
INSERT INTO `T_LOCALIDAD` VALUES (2618,'LA HUMADA','11','395','6323');
INSERT INTO `T_LOCALIDAD` VALUES (2619,'EDUARDO CASTEX','11','396','6380');
INSERT INTO `T_LOCALIDAD` VALUES (2620,'COLONIA BARON','11','396','6315');
INSERT INTO `T_LOCALIDAD` VALUES (2621,'RUCANELO','11','396','6381');
INSERT INTO `T_LOCALIDAD` VALUES (2622,'LA MARUJA','11','396','6385');
INSERT INTO `T_LOCALIDAD` VALUES (2623,'LUAN TORO','11','396','6317');
INSERT INTO `T_LOCALIDAD` VALUES (2624,'MAURICIO MAYER','11','396','6315');
INSERT INTO `T_LOCALIDAD` VALUES (2625,'METILEO','11','396','6367');
INSERT INTO `T_LOCALIDAD` VALUES (2626,'MONTE NIEVAS','11','396','6383');
INSERT INTO `T_LOCALIDAD` VALUES (2627,'VILLA MIRASOL','11','396','6315');
INSERT INTO `T_LOCALIDAD` VALUES (2628,'WINIFREDA','11','396','6313');
INSERT INTO `T_LOCALIDAD` VALUES (2629,'PUELCHES','11','397','8201');
INSERT INTO `T_LOCALIDAD` VALUES (2630,'VEINTICINCO DE MAYO -LA PAMPA','11','397','8201');
INSERT INTO `T_LOCALIDAD` VALUES (2631,'GOBERNADOR DUVAL','11','397','8336');
INSERT INTO `T_LOCALIDAD` VALUES (2632,'GUATRACHE','11','398','6311');
INSERT INTO `T_LOCALIDAD` VALUES (2633,'DOBLAS','11','398','6305');
INSERT INTO `T_LOCALIDAD` VALUES (2634,'GENERAL MANUEL CAMPOS','11','398','6309');
INSERT INTO `T_LOCALIDAD` VALUES (2635,'SANTA TERESA','11','398','6311');
INSERT INTO `T_LOCALIDAD` VALUES (2636,'COLONIA SANTA MARIA','11','398','8214');
INSERT INTO `T_LOCALIDAD` VALUES (2637,'PERU','11','398','8212');
INSERT INTO `T_LOCALIDAD` VALUES (2638,'ALPACHIRI','11','398','6309');
INSERT INTO `T_LOCALIDAD` VALUES (2639,'BERNASCONI','11','399','8204');
INSERT INTO `T_LOCALIDAD` VALUES (2640,'ABRAMO','11','399','8212');
INSERT INTO `T_LOCALIDAD` VALUES (2641,'JACINTO ARAUZ','11','399','8208');
INSERT INTO `T_LOCALIDAD` VALUES (2642,'CUCHILLO-CO','11','400','8214');
INSERT INTO `T_LOCALIDAD` VALUES (2643,'GENERAL ACHA','11','400','8200');
INSERT INTO `T_LOCALIDAD` VALUES (2644,'LA ADELA','11','400','8138');
INSERT INTO `T_LOCALIDAD` VALUES (2645,'PUELCHES','11','400','8201');
INSERT INTO `T_LOCALIDAD` VALUES (2646,'GOBERNADOR DUVAL','11','400','8336');
INSERT INTO `T_LOCALIDAD` VALUES (2647,'LIMAY MAHUIDA','11','401','8201');
INSERT INTO `T_LOCALIDAD` VALUES (2648,'LA REFORMA','11','401','8201');
INSERT INTO `T_LOCALIDAD` VALUES (2649,'VICTORICA','11','402','6319');
INSERT INTO `T_LOCALIDAD` VALUES (2650,'TELEN','11','402','6321');
INSERT INTO `T_LOCALIDAD` VALUES (2651,'CARRO QUEMADO','11','402','6319');
INSERT INTO `T_LOCALIDAD` VALUES (2652,'LUAN TORO','11','402','6317');
INSERT INTO `T_LOCALIDAD` VALUES (2653,'GENERAL PICO','11','403','6360');
INSERT INTO `T_LOCALIDAD` VALUES (2654,'METILEO','11','403','6367');
INSERT INTO `T_LOCALIDAD` VALUES (2655,'QUEMU QUEMU','11','403','6333');
INSERT INTO `T_LOCALIDAD` VALUES (2656,'VERTIZ','11','403','6365');
INSERT INTO `T_LOCALIDAD` VALUES (2657,'AGUSTONI','11','403','6361');
INSERT INTO `T_LOCALIDAD` VALUES (2658,'SPELUZZI','11','403','6365');
INSERT INTO `T_LOCALIDAD` VALUES (2659,'VEINTICINCO DE MAYO - LA PAMPA','11','404','8201');
INSERT INTO `T_LOCALIDAD` VALUES (2660,'PUELEN','11','404','8307');
INSERT INTO `T_LOCALIDAD` VALUES (2661,'CASA DE PIEDRA','11','404','8201');
INSERT INTO `T_LOCALIDAD` VALUES (2662,'QUEMU QUEMU','11','405','6333');
INSERT INTO `T_LOCALIDAD` VALUES (2663,'MIGUEL CANE','11','405','6331');
INSERT INTO `T_LOCALIDAD` VALUES (2664,'COLONIA BARON','11','405','6315');
INSERT INTO `T_LOCALIDAD` VALUES (2665,'VILLA MIRASOL','11','405','6315');
INSERT INTO `T_LOCALIDAD` VALUES (2666,'RANCUL','11','406','6214');
INSERT INTO `T_LOCALIDAD` VALUES (2667,'LA MARUJA','11','406','6385');
INSERT INTO `T_LOCALIDAD` VALUES (2668,'PARERA','11','406','6213');
INSERT INTO `T_LOCALIDAD` VALUES (2669,'CALEUFU','11','406','6387');
INSERT INTO `T_LOCALIDAD` VALUES (2670,'QUETREQUEN','11','406','6212');
INSERT INTO `T_LOCALIDAD` VALUES (2671,'PICHI HUINCA','11','406','6385');
INSERT INTO `T_LOCALIDAD` VALUES (2672,'REALICO','11','407','6200');
INSERT INTO `T_LOCALIDAD` VALUES (2673,'EMBAJADOR MARTINI','11','407','6203');
INSERT INTO `T_LOCALIDAD` VALUES (2674,'INGENIERO LUIGGI','11','407','6205');
INSERT INTO `T_LOCALIDAD` VALUES (2675,'ALTA ITALIA','11','407','6207');
INSERT INTO `T_LOCALIDAD` VALUES (2676,'TOAY','11','408','6303');
INSERT INTO `T_LOCALIDAD` VALUES (2677,'CARRO QUEMADO','11','408','6319');
INSERT INTO `T_LOCALIDAD` VALUES (2678,'LUAN TORO','11','408','6317');
INSERT INTO `T_LOCALIDAD` VALUES (2679,'SANTA ROSA','11','408','6300');
INSERT INTO `T_LOCALIDAD` VALUES (2680,'WINIFREDA','11','408','6313');
INSERT INTO `T_LOCALIDAD` VALUES (2681,'ATALIVA ROCA','11','408','6301');
INSERT INTO `T_LOCALIDAD` VALUES (2682,'TRENEL','11','409','6369');
INSERT INTO `T_LOCALIDAD` VALUES (2683,'ARATA','11','409','6385');
INSERT INTO `T_LOCALIDAD` VALUES (2684,'CALEUFU','11','409','6387');
INSERT INTO `T_LOCALIDAD` VALUES (2685,'EDUARDO CASTEX','11','409','6380');
INSERT INTO `T_LOCALIDAD` VALUES (2686,'EMBAJADOR MARTINI','11','409','6203');
INSERT INTO `T_LOCALIDAD` VALUES (2687,'INGENIERO LUIGGI','11','409','6205');
INSERT INTO `T_LOCALIDAD` VALUES (2688,'METILEO','11','409','6367');
INSERT INTO `T_LOCALIDAD` VALUES (2689,'MONTE NIEVAS','11','409','6383');
INSERT INTO `T_LOCALIDAD` VALUES (2690,'ALTA ITALIA','11','409','6207');
INSERT INTO `T_LOCALIDAD` VALUES (2691,'VERTIZ','11','409','6365');
INSERT INTO `T_LOCALIDAD` VALUES (2692,'SPELUZZI','11','409','6365');
INSERT INTO `T_LOCALIDAD` VALUES (2693,'GENERAL ACHA','11','410','8200');
INSERT INTO `T_LOCALIDAD` VALUES (2694,'QUEHUE','11','410','8203');
INSERT INTO `T_LOCALIDAD` VALUES (2695,'ATALIVA ROCA','11','410','6301');
INSERT INTO `T_LOCALIDAD` VALUES (2696,'COLONIA SANTA MARIA','11','410','8214');
INSERT INTO `T_LOCALIDAD` VALUES (2697,'UNANUE','11','410','8214');
INSERT INTO `T_LOCALIDAD` VALUES (2698,'CHACHARRAMENDI','11','410','8201');
INSERT INTO `T_LOCALIDAD` VALUES (2699,'AIMOGASTA','12','411','5310');
INSERT INTO `T_LOCALIDAD` VALUES (2700,'ARAUCO','12','411','5311');
INSERT INTO `T_LOCALIDAD` VALUES (2701,'BAÑADOS DEL PANTANO','12','411','5310');
INSERT INTO `T_LOCALIDAD` VALUES (2702,'ESTACION MAZAN','12','411','5313');
INSERT INTO `T_LOCALIDAD` VALUES (2703,'MACHIGASTA','12','411','5311');
INSERT INTO `T_LOCALIDAD` VALUES (2704,'TERMAS DE SANTA TERESITA','12','411','5313');
INSERT INTO `T_LOCALIDAD` VALUES (2705,'UDPINANGO','12','411','5311');
INSERT INTO `T_LOCALIDAD` VALUES (2706,'VILLA MAZAN','12','411','5313');
INSERT INTO `T_LOCALIDAD` VALUES (2707,'SAN ANTONIO','12','411','5310');
INSERT INTO `T_LOCALIDAD` VALUES (2708,'LA RIOJA','12','412','5300');
INSERT INTO `T_LOCALIDAD` VALUES (2709,'AMINGA','12','413','5301');
INSERT INTO `T_LOCALIDAD` VALUES (2710,'ANILLACO','12','413','5301');
INSERT INTO `T_LOCALIDAD` VALUES (2711,'ANJULLON','12','413','5303');
INSERT INTO `T_LOCALIDAD` VALUES (2712,'CHUQUIS','12','413','5301');
INSERT INTO `T_LOCALIDAD` VALUES (2713,'LAS PEÑAS','12','413','5301');
INSERT INTO `T_LOCALIDAD` VALUES (2714,'LOS MOLINOS','12','413','5301');
INSERT INTO `T_LOCALIDAD` VALUES (2715,'PINCHAS','12','413','5301');
INSERT INTO `T_LOCALIDAD` VALUES (2716,'SAN PEDRO','12','413','5301');
INSERT INTO `T_LOCALIDAD` VALUES (2717,'SANTA VERA CRUZ','12','413','5301');
INSERT INTO `T_LOCALIDAD` VALUES (2718,'CHAMICAL','12','414','5380');
INSERT INTO `T_LOCALIDAD` VALUES (2719,'POLCO','12','414','5380');
INSERT INTO `T_LOCALIDAD` VALUES (2720,'CHILECITO','12','415','5360');
INSERT INTO `T_LOCALIDAD` VALUES (2721,'ANGUINAN','12','415','5363');
INSERT INTO `T_LOCALIDAD` VALUES (2722,'LOS SARMIENTOS','12','415','5361');
INSERT INTO `T_LOCALIDAD` VALUES (2723,'SAN MIGUEL','12','415','5361');
INSERT INTO `T_LOCALIDAD` VALUES (2724,'LA PUNTILLA','12','415','5367');
INSERT INTO `T_LOCALIDAD` VALUES (2725,'NONOGASTA','12','415','5372');
INSERT INTO `T_LOCALIDAD` VALUES (2726,'VICHIGASTA','12','415','5374');
INSERT INTO `T_LOCALIDAD` VALUES (2727,'SAÑOGASTA','12','415','5367');
INSERT INTO `T_LOCALIDAD` VALUES (2728,'MALLIGASTA','12','415','5361');
INSERT INTO `T_LOCALIDAD` VALUES (2729,'COLONIA MALLIGASTA','12','415','5361');
INSERT INTO `T_LOCALIDAD` VALUES (2730,'TILIMUQUI','12','415','5361');
INSERT INTO `T_LOCALIDAD` VALUES (2731,'COLONIA VICHIGASTA','12','415','5374');
INSERT INTO `T_LOCALIDAD` VALUES (2732,'MIRANDA','12','415','5367');
INSERT INTO `T_LOCALIDAD` VALUES (2733,'GUANCHIN','12','415','5367');
INSERT INTO `T_LOCALIDAD` VALUES (2734,'COLONIA ANGUINAN','12','415','5363');
INSERT INTO `T_LOCALIDAD` VALUES (2735,'SAN NICOLAS','12','415','5360');
INSERT INTO `T_LOCALIDAD` VALUES (2736,'SANTA FLORENTINA','12','415','5360');
INSERT INTO `T_LOCALIDAD` VALUES (2737,'COLONIA CATINZACO','12','415','5374');
INSERT INTO `T_LOCALIDAD` VALUES (2738,'VILLA UNION','12','416','5350');
INSERT INTO `T_LOCALIDAD` VALUES (2739,'AICUÑA','12','416','5361');
INSERT INTO `T_LOCALIDAD` VALUES (2740,'BANDA FLORIDA','12','416','5351');
INSERT INTO `T_LOCALIDAD` VALUES (2741,'GUANDACOL','12','416','5353');
INSERT INTO `T_LOCALIDAD` VALUES (2742,'LOS PALACIOS','12','416','5351');
INSERT INTO `T_LOCALIDAD` VALUES (2743,'LOS TAMBILLOS','12','416','5361');
INSERT INTO `T_LOCALIDAD` VALUES (2744,'PAGANCILLO','12','416','5369');
INSERT INTO `T_LOCALIDAD` VALUES (2745,'PUERTO ALEGRE','12','416','5361');
INSERT INTO `T_LOCALIDAD` VALUES (2746,'SANTA CLARA','12','416','5351');
INSERT INTO `T_LOCALIDAD` VALUES (2747,'FAMATINA','12','417','5365');
INSERT INTO `T_LOCALIDAD` VALUES (2748,'ALTO CARRIZAL','12','417','5361');
INSERT INTO `T_LOCALIDAD` VALUES (2749,'ANGULOS','12','417','5361');
INSERT INTO `T_LOCALIDAD` VALUES (2750,'ANTINACO','12','417','5361');
INSERT INTO `T_LOCALIDAD` VALUES (2751,'BAJO CARRIZAL','12','417','5361');
INSERT INTO `T_LOCALIDAD` VALUES (2752,'CAMPANAS','12','417','5361');
INSERT INTO `T_LOCALIDAD` VALUES (2753,'CHAÑARMUYO','12','417','5361');
INSERT INTO `T_LOCALIDAD` VALUES (2754,'LA CUADRA','12','417','5361');
INSERT INTO `T_LOCALIDAD` VALUES (2755,'PITUIL','12','417','5361');
INSERT INTO `T_LOCALIDAD` VALUES (2756,'PLAZA VIEJA','12','417','5361');
INSERT INTO `T_LOCALIDAD` VALUES (2757,'SANTA CRUZ','12','417','5361');
INSERT INTO `T_LOCALIDAD` VALUES (2758,'SANTO DOMINGO','12','417','5361');
INSERT INTO `T_LOCALIDAD` VALUES (2759,'TAMA','12','418','5385');
INSERT INTO `T_LOCALIDAD` VALUES (2760,'ALCAZAR','12','418','5385');
INSERT INTO `T_LOCALIDAD` VALUES (2761,'CHILA','12','418','5385');
INSERT INTO `T_LOCALIDAD` VALUES (2762,'PUNTA DE LOS LLANOS','12','418','5384');
INSERT INTO `T_LOCALIDAD` VALUES (2763,'SIERRA DE LOS QUINTEROS','12','418','5385');
INSERT INTO `T_LOCALIDAD` VALUES (2764,'TUIZON','12','418','5385');
INSERT INTO `T_LOCALIDAD` VALUES (2765,'OLTA','12','419','5383');
INSERT INTO `T_LOCALIDAD` VALUES (2766,'CASTRO BARROS','12','419','5276');
INSERT INTO `T_LOCALIDAD` VALUES (2767,'CHAÑAR','12','419','3181');
INSERT INTO `T_LOCALIDAD` VALUES (2768,'LOMA BLANCA','12','419','5381');
INSERT INTO `T_LOCALIDAD` VALUES (2769,'MALANZAN','12','420','5385');
INSERT INTO `T_LOCALIDAD` VALUES (2770,'PORTEZUELO','12','420','5385');
INSERT INTO `T_LOCALIDAD` VALUES (2771,'NACATE','12','420','5385');
INSERT INTO `T_LOCALIDAD` VALUES (2772,'SAN ANTONIO','12','420','5471');
INSERT INTO `T_LOCALIDAD` VALUES (2773,'VILLA CASTELLI','12','421','5355');
INSERT INTO `T_LOCALIDAD` VALUES (2774,'VILLA SANTA RITA DE CATUNA','12','422','5275');
INSERT INTO `T_LOCALIDAD` VALUES (2775,'AMBIL','12','422','5475');
INSERT INTO `T_LOCALIDAD` VALUES (2776,'COLONIA ORTIZ DE OCAMPO','12','422','5275');
INSERT INTO `T_LOCALIDAD` VALUES (2777,'MILAGRO','12','422','5274');
INSERT INTO `T_LOCALIDAD` VALUES (2778,'OLPAS','12','422','5275');
INSERT INTO `T_LOCALIDAD` VALUES (2779,'ULAPES','12','423','5473');
INSERT INTO `T_LOCALIDAD` VALUES (2780,'AGUAYO','12','423','5473');
INSERT INTO `T_LOCALIDAD` VALUES (2781,'EL CADILLO','12','423','5713');
INSERT INTO `T_LOCALIDAD` VALUES (2782,'PATQUIA','12','424','5386');
INSERT INTO `T_LOCALIDAD` VALUES (2783,'AMANA','12','424','5386');
INSERT INTO `T_LOCALIDAD` VALUES (2784,'CHEPES','12','425','5470');
INSERT INTO `T_LOCALIDAD` VALUES (2785,'DESIDERIO TELLO','12','425','5474');
INSERT INTO `T_LOCALIDAD` VALUES (2786,'SAN BLAS','12','426','5273');
INSERT INTO `T_LOCALIDAD` VALUES (2787,'ALPASINCHE','12','426','5325');
INSERT INTO `T_LOCALIDAD` VALUES (2788,'AMUSCHINA','12','426','5329');
INSERT INTO `T_LOCALIDAD` VALUES (2789,'ANDOLUCAS','12','426','5329');
INSERT INTO `T_LOCALIDAD` VALUES (2790,'CHAUPIHUASI','12','426','5327');
INSERT INTO `T_LOCALIDAD` VALUES (2791,'CUIPAN','12','426','5329');
INSERT INTO `T_LOCALIDAD` VALUES (2792,'LAS TALAS','12','426','5329');
INSERT INTO `T_LOCALIDAD` VALUES (2793,'LOS ROBLES','12','426','5329');
INSERT INTO `T_LOCALIDAD` VALUES (2794,'SALICAS','12','426','5327');
INSERT INTO `T_LOCALIDAD` VALUES (2795,'SHAQUI','12','426','5329');
INSERT INTO `T_LOCALIDAD` VALUES (2796,'SURIYACO','12','426','5329');
INSERT INTO `T_LOCALIDAD` VALUES (2797,'TUYUBIL','12','426','5329');
INSERT INTO `T_LOCALIDAD` VALUES (2798,'VILLA SANAGASTA','12','427','5301');
INSERT INTO `T_LOCALIDAD` VALUES (2799,'VILLA SAN JOSE DE VINCHINA','12','428','5359');
INSERT INTO `T_LOCALIDAD` VALUES (2800,'JAGÜE','12','428','5359');
INSERT INTO `T_LOCALIDAD` VALUES (2801,'MENDOZA','13','429','5500');
INSERT INTO `T_LOCALIDAD` VALUES (2802,'GENERAL ALVEAR','13','430','5620');
INSERT INTO `T_LOCALIDAD` VALUES (2803,'BOWEN','13','430','5634');
INSERT INTO `T_LOCALIDAD` VALUES (2804,'SAN PEDRO DEL ATUEL','13','430','5621');
INSERT INTO `T_LOCALIDAD` VALUES (2805,'ALVEAR OESTE','13','430','5632');
INSERT INTO `T_LOCALIDAD` VALUES (2806,'GODOY CRUZ','13','431','5501');
INSERT INTO `T_LOCALIDAD` VALUES (2807,'GOBERNADOR BENEGAS','13','431','5544');
INSERT INTO `T_LOCALIDAD` VALUES (2808,'LAS TORTUGAS','13','431','5501');
INSERT INTO `T_LOCALIDAD` VALUES (2809,'PRESIDENTE SARMIENTO','13','431','5513');
INSERT INTO `T_LOCALIDAD` VALUES (2810,'SAN FRANCISCO DEL MONTE','13','431','5503');
INSERT INTO `T_LOCALIDAD` VALUES (2811,'VILLA NUEVA DE GUAYMALLEN','13','432','5521');
INSERT INTO `T_LOCALIDAD` VALUES (2812,'BELGRANO','13','432','5533');
INSERT INTO `T_LOCALIDAD` VALUES (2813,'EL BERMEJO','13','432','5533');
INSERT INTO `T_LOCALIDAD` VALUES (2814,'BUENA NUEVA','13','432','5523');
INSERT INTO `T_LOCALIDAD` VALUES (2815,'CAPILLA DEL ROSARIO','13','432','5523');
INSERT INTO `T_LOCALIDAD` VALUES (2816,'COLONIA SEGOVIA','13','432','5525');
INSERT INTO `T_LOCALIDAD` VALUES (2817,'CORONEL DORREGO','13','432','5519');
INSERT INTO `T_LOCALIDAD` VALUES (2818,'EL SAUCE','13','432','5533');
INSERT INTO `T_LOCALIDAD` VALUES (2819,'JESUS NAZARENO','13','432','5523');
INSERT INTO `T_LOCALIDAD` VALUES (2820,'KILOMETRO 8','13','432','5533');
INSERT INTO `T_LOCALIDAD` VALUES (2821,'KILOMETRO 11','13','432','5533');
INSERT INTO `T_LOCALIDAD` VALUES (2822,'LA PRIMAVERA','13','432','5527');
INSERT INTO `T_LOCALIDAD` VALUES (2823,'LAS CAÑAS','13','432','5519');
INSERT INTO `T_LOCALIDAD` VALUES (2824,'LOS CORRALITOS','13','432','5527');
INSERT INTO `T_LOCALIDAD` VALUES (2825,'NUEVA CIUDAD','13','432','5519');
INSERT INTO `T_LOCALIDAD` VALUES (2826,'PEDRO MOLINA','13','432','5533');
INSERT INTO `T_LOCALIDAD` VALUES (2827,'PUENTE DE HIERRO','13','432','5527');
INSERT INTO `T_LOCALIDAD` VALUES (2828,'RODEO DE LA CRUZ','13','432','5525');
INSERT INTO `T_LOCALIDAD` VALUES (2829,'SAN FRANCISCO DEL MONTE','13','432','5503');
INSERT INTO `T_LOCALIDAD` VALUES (2830,'SAN JOSE','13','432','5519');
INSERT INTO `T_LOCALIDAD` VALUES (2831,'JUNIN','13','433','1026');
INSERT INTO `T_LOCALIDAD` VALUES (2832,'ALGARROBO GRANDE','13','433','5582');
INSERT INTO `T_LOCALIDAD` VALUES (2833,'ALTO VERDE','13','433','5582');
INSERT INTO `T_LOCALIDAD` VALUES (2834,'INGENIERO GIAGNONI','13','433','5582');
INSERT INTO `T_LOCALIDAD` VALUES (2835,'LA COLONIA','13','433','5570');
INSERT INTO `T_LOCALIDAD` VALUES (2836,'LOS BARRIALES','13','433','5585');
INSERT INTO `T_LOCALIDAD` VALUES (2837,'MEDRANO','13','433','5585');
INSERT INTO `T_LOCALIDAD` VALUES (2838,'MUNDO NUEVO','13','433','5579');
INSERT INTO `T_LOCALIDAD` VALUES (2839,'PHILLIPS','13','433','5579');
INSERT INTO `T_LOCALIDAD` VALUES (2840,'RODRIGUEZ PEÑA','13','433','1020');
INSERT INTO `T_LOCALIDAD` VALUES (2841,'VILLA CABECERA DE LA PAZ','13','434','5590');
INSERT INTO `T_LOCALIDAD` VALUES (2842,'DESAGUADERO','13','434','5598');
INSERT INTO `T_LOCALIDAD` VALUES (2843,'LAS CHACRITAS','13','434','5549');
INSERT INTO `T_LOCALIDAD` VALUES (2844,'LA GLORIOSA','13','434',NULL);
INSERT INTO `T_LOCALIDAD` VALUES (2845,'VILLA ANTIGUA','13','434','5590');
INSERT INTO `T_LOCALIDAD` VALUES (2846,'CADETES DE CHILE','13','434','5590');
INSERT INTO `T_LOCALIDAD` VALUES (2847,'LAS HERAS','13','435','5539');
INSERT INTO `T_LOCALIDAD` VALUES (2848,'CAPDEVILLA','13','435','5543');
INSERT INTO `T_LOCALIDAD` VALUES (2849,'EL ALGARROBAL','13','435','5541');
INSERT INTO `T_LOCALIDAD` VALUES (2850,'EL BORBOLLON','13','435','5541');
INSERT INTO `T_LOCALIDAD` VALUES (2851,'EL CHALLAO','13','435','5539');
INSERT INTO `T_LOCALIDAD` VALUES (2852,'EL PASTAL','13','435','5541');
INSERT INTO `T_LOCALIDAD` VALUES (2853,'EL PLUMERILLO','13','435','5541');
INSERT INTO `T_LOCALIDAD` VALUES (2854,'PJE EL RESGUARDO','9','54','3606');
INSERT INTO `T_LOCALIDAD` VALUES (2855,'EL ZAPALLAR','13','435',NULL);
INSERT INTO `T_LOCALIDAD` VALUES (2856,'LA CIENEGUITA','13','435','5539');
INSERT INTO `T_LOCALIDAD` VALUES (2857,'LAS CUEVAS','13','435','5557');
INSERT INTO `T_LOCALIDAD` VALUES (2858,'PANQUEHUA','13','435','5539');
INSERT INTO `T_LOCALIDAD` VALUES (2859,'PENITENTES','13','435','5553');
INSERT INTO `T_LOCALIDAD` VALUES (2860,'SIERRAS DE ENCALADA','13','435','5549');
INSERT INTO `T_LOCALIDAD` VALUES (2861,'USPALLATA','13','435','5545');
INSERT INTO `T_LOCALIDAD` VALUES (2862,'VILLA TULUMAYA','13','436','5533');
INSERT INTO `T_LOCALIDAD` VALUES (2863,'COSTA DE ARAUJO','13','436','5535');
INSERT INTO `T_LOCALIDAD` VALUES (2864,'EL CARMEN','13','436','5594');
INSERT INTO `T_LOCALIDAD` VALUES (2865,'EL CHILCAL','13','436','5533');
INSERT INTO `T_LOCALIDAD` VALUES (2866,'EL PLUMERO','13','436',NULL);
INSERT INTO `T_LOCALIDAD` VALUES (2867,'EL VERGEL','13','436','5533');
INSERT INTO `T_LOCALIDAD` VALUES (2868,'GUSTAVO ANDRE','13','436','5535');
INSERT INTO `T_LOCALIDAD` VALUES (2869,'JOCOLI','13','436','5543');
INSERT INTO `T_LOCALIDAD` VALUES (2870,'JOCOLI VIEJO','13','436','5533');
INSERT INTO `T_LOCALIDAD` VALUES (2871,'LA ASUNCION','13','436','5533');
INSERT INTO `T_LOCALIDAD` VALUES (2872,'LA HOLANDA','13','436','5533');
INSERT INTO `T_LOCALIDAD` VALUES (2873,'LA PALMERA','13','436','5533');
INSERT INTO `T_LOCALIDAD` VALUES (2874,'LA PEGA','13','436','5533');
INSERT INTO `T_LOCALIDAD` VALUES (2875,'LAS VIOLETAS','13','436','5533');
INSERT INTO `T_LOCALIDAD` VALUES (2876,'LAGUNA DEL ROSARIO','13','436','5535');
INSERT INTO `T_LOCALIDAD` VALUES (2877,'PARAMILLO','13','436','5533');
INSERT INTO `T_LOCALIDAD` VALUES (2878,'SAN FRANCISCO','13','436',NULL);
INSERT INTO `T_LOCALIDAD` VALUES (2879,'SAN JOSE','13','436','5533');
INSERT INTO `T_LOCALIDAD` VALUES (2880,'SAN MIGUEL','13','436','5537');
INSERT INTO `T_LOCALIDAD` VALUES (2881,'TRES DE MAYO','13','436','5543');
INSERT INTO `T_LOCALIDAD` VALUES (2882,'LUJAN DE CUYO','13','437','5507');
INSERT INTO `T_LOCALIDAD` VALUES (2883,'AGRELO','13','437','5509');
INSERT INTO `T_LOCALIDAD` VALUES (2884,'CACHEUTA','13','437','5549');
INSERT INTO `T_LOCALIDAD` VALUES (2885,'CARRODILLA','13','437','5505');
INSERT INTO `T_LOCALIDAD` VALUES (2886,'CHACRAS DE CORIA','13','437','5505');
INSERT INTO `T_LOCALIDAD` VALUES (2887,'EL CARRIZAL','13','437','5509');
INSERT INTO `T_LOCALIDAD` VALUES (2888,'INDUSTRIAL','13','437',NULL);
INSERT INTO `T_LOCALIDAD` VALUES (2889,'LA PUNTILLA','13','437','5505');
INSERT INTO `T_LOCALIDAD` VALUES (2890,'LAS COMPUERTAS','13','437','5549');
INSERT INTO `T_LOCALIDAD` VALUES (2891,'MAYOR DRUMMOND','13','437','5507');
INSERT INTO `T_LOCALIDAD` VALUES (2892,'PERDRIEL','13','437','5509');
INSERT INTO `T_LOCALIDAD` VALUES (2893,'POTRERILLOS','13','437','5549');
INSERT INTO `T_LOCALIDAD` VALUES (2894,'UGARTECHE','13','437','5509');
INSERT INTO `T_LOCALIDAD` VALUES (2895,'VISTALBA','13','437','5509');
INSERT INTO `T_LOCALIDAD` VALUES (2896,'MAIPU','13','438','5515');
INSERT INTO `T_LOCALIDAD` VALUES (2897,'COQUIMBITO','13','438','5513');
INSERT INTO `T_LOCALIDAD` VALUES (2898,'CRUZ DE PIEDRA','13','438','5517');
INSERT INTO `T_LOCALIDAD` VALUES (2899,'FRAY LUIS BELTRAN','13','438','5531');
INSERT INTO `T_LOCALIDAD` VALUES (2900,'GENERAL GUTIERREZ','13','438','5511');
INSERT INTO `T_LOCALIDAD` VALUES (2901,'GENERAL ORTEGA','13','438','5517');
INSERT INTO `T_LOCALIDAD` VALUES (2902,'LAS BARRANCAS','13','438','5517');
INSERT INTO `T_LOCALIDAD` VALUES (2903,'LUNLUNTA','13','438','5517');
INSERT INTO `T_LOCALIDAD` VALUES (2904,'LUZURIAGA','13','438','5513');
INSERT INTO `T_LOCALIDAD` VALUES (2905,'RODEO DEL MEDIO','13','438','5529');
INSERT INTO `T_LOCALIDAD` VALUES (2906,'RUSSELL','13','438','5517');
INSERT INTO `T_LOCALIDAD` VALUES (2907,'SAN ROQUE','13','438','5587');
INSERT INTO `T_LOCALIDAD` VALUES (2908,'MALARGÜE','13','439','5613');
INSERT INTO `T_LOCALIDAD` VALUES (2909,'AGUA ESCONDIDA','13','439','5621');
INSERT INTO `T_LOCALIDAD` VALUES (2910,'BARDAS BLANCAS','13','439','5611');
INSERT INTO `T_LOCALIDAD` VALUES (2911,'RIO BARRANCAS','13','439','5613');
INSERT INTO `T_LOCALIDAD` VALUES (2912,'RIO GRANDE','13','439','5613');
INSERT INTO `T_LOCALIDAD` VALUES (2913,'RIVADAVIA','13','440','5577');
INSERT INTO `T_LOCALIDAD` VALUES (2914,'ANDRADE','13','440','5575');
INSERT INTO `T_LOCALIDAD` VALUES (2915,'EL MIRADOR','13','440','5579');
INSERT INTO `T_LOCALIDAD` VALUES (2916,'LA CENTRAL','13','440','5579');
INSERT INTO `T_LOCALIDAD` VALUES (2917,'LA LIBERTAD','13','440','5579');
INSERT INTO `T_LOCALIDAD` VALUES (2918,'LOS ARBOLES','13','440','5575');
INSERT INTO `T_LOCALIDAD` VALUES (2919,'LOS CAMPAMENTOS','13','440','5577');
INSERT INTO `T_LOCALIDAD` VALUES (2920,'LOS HUARPES','13','440','5636');
INSERT INTO `T_LOCALIDAD` VALUES (2921,'MEDRANO','13','440','5585');
INSERT INTO `T_LOCALIDAD` VALUES (2922,'MUNDO NUEVO','13','440','5579');
INSERT INTO `T_LOCALIDAD` VALUES (2923,'REDUCCION','13','440','5579');
INSERT INTO `T_LOCALIDAD` VALUES (2924,'SANTA MARIA DE ORO','13','440','5579');
INSERT INTO `T_LOCALIDAD` VALUES (2925,'SAN ISIDRO','13','440','5577');
INSERT INTO `T_LOCALIDAD` VALUES (2926,'SAN CARLOS','13','441','5569');
INSERT INTO `T_LOCALIDAD` VALUES (2927,'CHILECITO','13','441','5569');
INSERT INTO `T_LOCALIDAD` VALUES (2928,'EUGENIO BUSTOS','13','441','5569');
INSERT INTO `T_LOCALIDAD` VALUES (2929,'LA CONSULTA','13','441','5567');
INSERT INTO `T_LOCALIDAD` VALUES (2930,'PAREDITAS','13','441','5569');
INSERT INTO `T_LOCALIDAD` VALUES (2931,'TRES ESQUINAS','13','441','5569');
INSERT INTO `T_LOCALIDAD` VALUES (2932,'SAN MARTIN','13','442','5570');
INSERT INTO `T_LOCALIDAD` VALUES (2933,'ALTO SALVADOR','13','442','5571');
INSERT INTO `T_LOCALIDAD` VALUES (2934,'ALTO VERDE','13','442','5582');
INSERT INTO `T_LOCALIDAD` VALUES (2935,'BUEN ORDEN','13','442','5570');
INSERT INTO `T_LOCALIDAD` VALUES (2936,'CHAPANAY','13','442','5589');
INSERT INTO `T_LOCALIDAD` VALUES (2937,'CHIVILCOY','13','442','5571');
INSERT INTO `T_LOCALIDAD` VALUES (2938,'EL CENTRAL','13','442','5589');
INSERT INTO `T_LOCALIDAD` VALUES (2939,'EL DIVISADERO','13','442','5589');
INSERT INTO `T_LOCALIDAD` VALUES (2940,'EL ESPINO','13','442','5571');
INSERT INTO `T_LOCALIDAD` VALUES (2941,'EL RAMBLON','13','442','5582');
INSERT INTO `T_LOCALIDAD` VALUES (2942,'LAS CHIMBAS','13','442','5584');
INSERT INTO `T_LOCALIDAD` VALUES (2943,'MONTECASEROS','13','442','5571');
INSERT INTO `T_LOCALIDAD` VALUES (2944,'NUEVA CALIFORNIA','13','442','5535');
INSERT INTO `T_LOCALIDAD` VALUES (2945,'PALMIRA','13','442','5584');
INSERT INTO `T_LOCALIDAD` VALUES (2946,'TRES PORTEÑAS','13','442','5589');
INSERT INTO `T_LOCALIDAD` VALUES (2947,'SAN RAFAEL','13','443','5600');
INSERT INTO `T_LOCALIDAD` VALUES (2948,'CAÑADA SECA','13','443','5600');
INSERT INTO `T_LOCALIDAD` VALUES (2949,'CUADRO BENEGAS','13','443','5603');
INSERT INTO `T_LOCALIDAD` VALUES (2950,'CUADRO NACIONAL','13','443','5607');
INSERT INTO `T_LOCALIDAD` VALUES (2951,'EL CERRITO','13','443','5600');
INSERT INTO `T_LOCALIDAD` VALUES (2952,'EL SOSNEADO','13','443','5611');
INSERT INTO `T_LOCALIDAD` VALUES (2953,'EL NIHUIL','13','443','5605');
INSERT INTO `T_LOCALIDAD` VALUES (2954,'GOUDGE','13','443','5603');
INSERT INTO `T_LOCALIDAD` VALUES (2955,'JAIME PRATS','13','443','5623');
INSERT INTO `T_LOCALIDAD` VALUES (2956,'LA LLAVE','13','443','5603');
INSERT INTO `T_LOCALIDAD` VALUES (2957,'LAS MALVINAS','13','443','5605');
INSERT INTO `T_LOCALIDAD` VALUES (2958,'LAS PAREDES','13','443','5601');
INSERT INTO `T_LOCALIDAD` VALUES (2959,'MONTE COMAN','13','443','5609');
INSERT INTO `T_LOCALIDAD` VALUES (2960,'PUNTA DE AGUA','13','443','5539');
INSERT INTO `T_LOCALIDAD` VALUES (2961,'RAMA CAIDA','13','443','5603');
INSERT INTO `T_LOCALIDAD` VALUES (2962,'REAL DEL PADRE','13','443','5624');
INSERT INTO `T_LOCALIDAD` VALUES (2963,'VEINTICINCO DE MAYO','13','443','5615');
INSERT INTO `T_LOCALIDAD` VALUES (2964,'SANTA ROSA','13','444','5596');
INSERT INTO `T_LOCALIDAD` VALUES (2965,'12 DE OCTUBRE','13','444','5596');
INSERT INTO `T_LOCALIDAD` VALUES (2966,'LA DORMIDA','13','444','5592');
INSERT INTO `T_LOCALIDAD` VALUES (2967,'LAS CATITAS','13','444','5594');
INSERT INTO `T_LOCALIDAD` VALUES (2968,'ÑACUÑAN','13','444','5595');
INSERT INTO `T_LOCALIDAD` VALUES (2969,'TUNUYAN','13','445','5560');
INSERT INTO `T_LOCALIDAD` VALUES (2970,'CAMPO DE LOS ANDES','13','445','5565');
INSERT INTO `T_LOCALIDAD` VALUES (2971,'COLONIA LAS ROSAS','13','445','5565');
INSERT INTO `T_LOCALIDAD` VALUES (2972,'EL ALGARROBO','13','445','5561');
INSERT INTO `T_LOCALIDAD` VALUES (2973,'EL TOTORAL','13','445','5539');
INSERT INTO `T_LOCALIDAD` VALUES (2974,'LA PRIMAVERA','13','445','5565');
INSERT INTO `T_LOCALIDAD` VALUES (2975,'LAS PINTADAS','13','445','5560');
INSERT INTO `T_LOCALIDAD` VALUES (2976,'LOS ARBOLES','13','445','5563');
INSERT INTO `T_LOCALIDAD` VALUES (2977,'LOS CHACAYES','13','445','5539');
INSERT INTO `T_LOCALIDAD` VALUES (2978,'LOS SAUCES','13','445','5563');
INSERT INTO `T_LOCALIDAD` VALUES (2979,'VILLA SECA','13','445','5517');
INSERT INTO `T_LOCALIDAD` VALUES (2980,'VISTA FLORES','13','445','5565');
INSERT INTO `T_LOCALIDAD` VALUES (2981,'TUPUNGATO','13','446','5561');
INSERT INTO `T_LOCALIDAD` VALUES (2982,'ANCHORIS','13','446','5509');
INSERT INTO `T_LOCALIDAD` VALUES (2983,'CORDON DEL PLATA','13','446','5561');
INSERT INTO `T_LOCALIDAD` VALUES (2984,'EL ZAMPAL','13','446','5561');
INSERT INTO `T_LOCALIDAD` VALUES (2985,'EL ZAMPALITO','13','446',NULL);
INSERT INTO `T_LOCALIDAD` VALUES (2986,'GUALTALLARY','13','446','5561');
INSERT INTO `T_LOCALIDAD` VALUES (2987,'LA ARBOLEDA','13','446','5561');
INSERT INTO `T_LOCALIDAD` VALUES (2988,'LA CARRERA','13','446','5561');
INSERT INTO `T_LOCALIDAD` VALUES (2989,'SAN JOSE','13','446','5561');
INSERT INTO `T_LOCALIDAD` VALUES (2990,'SANTA CLARA','13','446','5561');
INSERT INTO `T_LOCALIDAD` VALUES (2991,'VILLA BASTIAS','13','446','5561');
INSERT INTO `T_LOCALIDAD` VALUES (2992,'ZAPATA','13','446','5560');
INSERT INTO `T_LOCALIDAD` VALUES (2993,'ALUMINE','15','447','8345');
INSERT INTO `T_LOCALIDAD` VALUES (2994,'VILLA PEHUENIA','15','447','8345');
INSERT INTO `T_LOCALIDAD` VALUES (2995,'AÑELO','15','448','8305');
INSERT INTO `T_LOCALIDAD` VALUES (2996,'SAN PATRICIO DEL CHAÑAR','15','448','8305');
INSERT INTO `T_LOCALIDAD` VALUES (2997,'LAS COLORADAS','15','449','8341');
INSERT INTO `T_LOCALIDAD` VALUES (2998,'CHOS MALAL','15','450','8353');
INSERT INTO `T_LOCALIDAD` VALUES (2999,'TRICAO MALAL','15','450','8353');
INSERT INTO `T_LOCALIDAD` VALUES (3000,'COYUCO-COCHICO','15','450','8353');
INSERT INTO `T_LOCALIDAD` VALUES (3001,'VILLA CURI LEUVU','15','450','8353');
INSERT INTO `T_LOCALIDAD` VALUES (3002,'PIEDRA DEL AGUILA','15','451','8315');
INSERT INTO `T_LOCALIDAD` VALUES (3003,'SANTO TOMAS','15','451','8315');
INSERT INTO `T_LOCALIDAD` VALUES (3004,'NEUQUEN','15','452','8300');
INSERT INTO `T_LOCALIDAD` VALUES (3005,'CENTENARIO','15','452','8309');
INSERT INTO `T_LOCALIDAD` VALUES (3006,'CUTRAL-CO','15','452','8322');
INSERT INTO `T_LOCALIDAD` VALUES (3007,'VILLA EL CHOCON','15','452','8311');
INSERT INTO `T_LOCALIDAD` VALUES (3008,'PLAZA HUINCUL','15','452','8318');
INSERT INTO `T_LOCALIDAD` VALUES (3009,'PLOTTIER','15','452','8316');
INSERT INTO `T_LOCALIDAD` VALUES (3010,'SAUZAL BONITO','15','452','8319');
INSERT INTO `T_LOCALIDAD` VALUES (3011,'SENILLOSA','15','452','8316');
INSERT INTO `T_LOCALIDAD` VALUES (3012,'VISTA ALEGRE','15','452','8309');
INSERT INTO `T_LOCALIDAD` VALUES (3013,'JUNIN DE LOS ANDES','15','453','8371');
INSERT INTO `T_LOCALIDAD` VALUES (3014,'SAN MARTIN DE LOS ANDES','15','454','8370');
INSERT INTO `T_LOCALIDAD` VALUES (3015,'LONCOPUE','15','455','8349');
INSERT INTO `T_LOCALIDAD` VALUES (3016,'CAJON DE ALMANZA','15','455','8349');
INSERT INTO `T_LOCALIDAD` VALUES (3017,'VILLA LA ANGOSTURA','15','456','8407');
INSERT INTO `T_LOCALIDAD` VALUES (3018,'VILLA TRAFUL','15','456','8403');
INSERT INTO `T_LOCALIDAD` VALUES (3019,'ANDACOLLO','15','457','8353');
INSERT INTO `T_LOCALIDAD` VALUES (3020,'HUINGANCO','15','457','8353');
INSERT INTO `T_LOCALIDAD` VALUES (3021,'LAS OVEJAS','15','457','8353');
INSERT INTO `T_LOCALIDAD` VALUES (3022,'LOS MICHES','15','457','8353');
INSERT INTO `T_LOCALIDAD` VALUES (3023,'EL HUECU','15','458','8349');
INSERT INTO `T_LOCALIDAD` VALUES (3024,'CAVIAHUE-COPAHUE','15','458','8349');
INSERT INTO `T_LOCALIDAD` VALUES (3025,'EL CHOLAR','15','458','8353');
INSERT INTO `T_LOCALIDAD` VALUES (3026,'TAQUIMILAN','15','458','8351');
INSERT INTO `T_LOCALIDAD` VALUES (3027,'BUTA RANQUIL','15','459','8353');
INSERT INTO `T_LOCALIDAD` VALUES (3028,'BARRANCAS','15','459','8353');
INSERT INTO `T_LOCALIDAD` VALUES (3029,'RINCON DE LOS SAUCES','15','459','8319');
INSERT INTO `T_LOCALIDAD` VALUES (3030,'OCTAVIO PICO','15','459','8319');
INSERT INTO `T_LOCALIDAD` VALUES (3031,'PICUN LEUFU','15','460','8313');
INSERT INTO `T_LOCALIDAD` VALUES (3032,'LAS LAJAS','15','461','8347');
INSERT INTO `T_LOCALIDAD` VALUES (3033,'BAJADA DEL AGRIO','15','461','8351');
INSERT INTO `T_LOCALIDAD` VALUES (3034,'QUILI MALAL','15','461','8351');
INSERT INTO `T_LOCALIDAD` VALUES (3035,'COVUNCO ABAJO','15','461','8351');
INSERT INTO `T_LOCALIDAD` VALUES (3036,'ZAPALA','15','462','8340');
INSERT INTO `T_LOCALIDAD` VALUES (3037,'MARIANO MORENO','15','462','8351');
INSERT INTO `T_LOCALIDAD` VALUES (3038,'VIEDMA','16','463','8500');
INSERT INTO `T_LOCALIDAD` VALUES (3039,'BAHIA CREEK','16','463','8501');
INSERT INTO `T_LOCALIDAD` VALUES (3040,'BALNEARIO EL CONDOR','16','463','8501');
INSERT INTO `T_LOCALIDAD` VALUES (3041,'EL JUNCAL','16','463','8501');
INSERT INTO `T_LOCALIDAD` VALUES (3042,'GUARDIA MITRE','16','463','8505');
INSERT INTO `T_LOCALIDAD` VALUES (3043,'LA LOBERIA','16','463','8501');
INSERT INTO `T_LOCALIDAD` VALUES (3044,'LOTEO COSTA DE RIO','16','463',NULL);
INSERT INTO `T_LOCALIDAD` VALUES (3045,'POZO SALADO','16','473','8514');
INSERT INTO `T_LOCALIDAD` VALUES (3046,'SAN JAVIER','16','463','8501');
INSERT INTO `T_LOCALIDAD` VALUES (3047,'CHOELE CHOEL','16','464','8360');
INSERT INTO `T_LOCALIDAD` VALUES (3048,'LAMARQUE','16','464','8363');
INSERT INTO `T_LOCALIDAD` VALUES (3049,'LUIS BELTRAN','16','464','8361');
INSERT INTO `T_LOCALIDAD` VALUES (3050,'CHIMPAY','16','464','8364');
INSERT INTO `T_LOCALIDAD` VALUES (3051,'CORONEL BELISLE','16','464','8364');
INSERT INTO `T_LOCALIDAD` VALUES (3052,'DARWIN','16','464','8364');
INSERT INTO `T_LOCALIDAD` VALUES (3053,'POMONA','16','464','8363');
INSERT INTO `T_LOCALIDAD` VALUES (3054,'BARRIO UNION','16','464','8364');
INSERT INTO `T_LOCALIDAD` VALUES (3055,'CHELFORO','16','464','8366');
INSERT INTO `T_LOCALIDAD` VALUES (3056,'SAN CARLOS DE BARILOCHE','16','465','8400');
INSERT INTO `T_LOCALIDAD` VALUES (3057,'COLONIA SUIZA','16','465','8401');
INSERT INTO `T_LOCALIDAD` VALUES (3059,'EL FOYEL','16','465','8401');
INSERT INTO `T_LOCALIDAD` VALUES (3060,'EL MANSO','16','465','8430');
INSERT INTO `T_LOCALIDAD` VALUES (3061,'RIO VILLEGAS','16','465','8401');
INSERT INTO `T_LOCALIDAD` VALUES (3062,'VILLA CAMPANARIO','16','465','8401');
INSERT INTO `T_LOCALIDAD` VALUES (3063,'VILLA CERRO CATEDRAL','16','465','8400');
INSERT INTO `T_LOCALIDAD` VALUES (3064,'VILLA LLAO LLAO','16','465','8400');
INSERT INTO `T_LOCALIDAD` VALUES (3065,'VILLA LOS COIHUES','16','465',NULL);
INSERT INTO `T_LOCALIDAD` VALUES (3066,'VILLA MASCARDI','16','465','8401');
INSERT INTO `T_LOCALIDAD` VALUES (3067,'GENERAL CONESA','16','466','8503');
INSERT INTO `T_LOCALIDAD` VALUES (3068,'EL CUY','16','467','8333');
INSERT INTO `T_LOCALIDAD` VALUES (3069,'AGUADA GUZMAN','16','467','8333');
INSERT INTO `T_LOCALIDAD` VALUES (3070,'CERRO POLICIA','16','467','8333');
INSERT INTO `T_LOCALIDAD` VALUES (3071,'LAS PERLAS','16','467','8324');
INSERT INTO `T_LOCALIDAD` VALUES (3072,'MENCUE','16','467','8417');
INSERT INTO `T_LOCALIDAD` VALUES (3073,'NAUPA HUEN','16','467','8313');
INSERT INTO `T_LOCALIDAD` VALUES (3074,'VALLE AZUL','16','467','8336');
INSERT INTO `T_LOCALIDAD` VALUES (3075,'GENERAL ROCA','16','468','8332');
INSERT INTO `T_LOCALIDAD` VALUES (3076,'ALLEN','16','468','8328');
INSERT INTO `T_LOCALIDAD` VALUES (3077,'BAJO SAN CAYETANO','16','468','8303');
INSERT INTO `T_LOCALIDAD` VALUES (3078,'BARDA DEL MEDIO','16','468','8305');
INSERT INTO `T_LOCALIDAD` VALUES (3079,'CAMPO GRANDE','16','468','8305');
INSERT INTO `T_LOCALIDAD` VALUES (3080,'CATRIEL','16','468','8307');
INSERT INTO `T_LOCALIDAD` VALUES (3081,'CERVANTES','16','468','8326');
INSERT INTO `T_LOCALIDAD` VALUES (3082,'CHICHINALES','16','468','8326');
INSERT INTO `T_LOCALIDAD` VALUES (3083,'CINCO SALTOS','16','468','8303');
INSERT INTO `T_LOCALIDAD` VALUES (3084,'CIPOLLETTI','16','468','8324');
INSERT INTO `T_LOCALIDAD` VALUES (3085,'COLONIA PEÑAS BLANCAS','16','468','8307');
INSERT INTO `T_LOCALIDAD` VALUES (3086,'CORONEL J. J. GOMEZ','16','468','8333');
INSERT INTO `T_LOCALIDAD` VALUES (3087,'CONTRALMIRANTE CORDERO','16','468','8301');
INSERT INTO `T_LOCALIDAD` VALUES (3088,'FERRI','16','468','8301');
INSERT INTO `T_LOCALIDAD` VALUES (3089,'GENERAL ENRIQUE GODOY','16','468','8336');
INSERT INTO `T_LOCALIDAD` VALUES (3090,'GENERAL FERNANDEZ ORO','16','468','8324');
INSERT INTO `T_LOCALIDAD` VALUES (3091,'INGENIERO LUIS A. HUERGO','16','468','8334');
INSERT INTO `T_LOCALIDAD` VALUES (3092,'ING. OTTO KRAUSE','16','468',NULL);
INSERT INTO `T_LOCALIDAD` VALUES (3093,'LAGO PELLEGRINI','16','468','8305');
INSERT INTO `T_LOCALIDAD` VALUES (3094,'MAINQUE','16','468','8326');
INSERT INTO `T_LOCALIDAD` VALUES (3095,'PADRE ALEJANDRO STEFENELLI','16','468','8332');
INSERT INTO `T_LOCALIDAD` VALUES (3096,'PASO CORDOVA','16','468','8333');
INSERT INTO `T_LOCALIDAD` VALUES (3097,'PENINSULA RUCA CO','16','468',NULL);
INSERT INTO `T_LOCALIDAD` VALUES (3098,'PEÑAS BLANCAS','16','468','8307');
INSERT INTO `T_LOCALIDAD` VALUES (3099,'SARGENTO VIDAL','16','468','8305');
INSERT INTO `T_LOCALIDAD` VALUES (3100,'VILLA ALBERDI','16','468','8336');
INSERT INTO `T_LOCALIDAD` VALUES (3101,'VILLA DEL PARQUE','16','468','8308');
INSERT INTO `T_LOCALIDAD` VALUES (3102,'VILLA MANZANO','16','468','8308');
INSERT INTO `T_LOCALIDAD` VALUES (3103,'VILLA REGINA','16','468','8336');
INSERT INTO `T_LOCALIDAD` VALUES (3104,'VILLA SAN ISIDRO','16','468',NULL);
INSERT INTO `T_LOCALIDAD` VALUES (3105,'SIERRA COLORADA','16','469','8534');
INSERT INTO `T_LOCALIDAD` VALUES (3106,'COMI CO','16','469','8424');
INSERT INTO `T_LOCALIDAD` VALUES (3107,'CONA NIYEU','16','469','8521');
INSERT INTO `T_LOCALIDAD` VALUES (3108,'MINISTRO RAMOS MEXIA','16','469','8534');
INSERT INTO `T_LOCALIDAD` VALUES (3109,'PRAHUANIYEU','16','469','8424');
INSERT INTO `T_LOCALIDAD` VALUES (3110,'TRENETA','16','469','8534');
INSERT INTO `T_LOCALIDAD` VALUES (3111,'YAMINUE','16','469','8534');
INSERT INTO `T_LOCALIDAD` VALUES (3112,'ÑORQUINCO','16','470','8415');
INSERT INTO `T_LOCALIDAD` VALUES (3113,'MAMUEL CHOIQUE','16','470','8415');
INSERT INTO `T_LOCALIDAD` VALUES (3114,'LAS BAYAS','16','470','8412');
INSERT INTO `T_LOCALIDAD` VALUES (3115,'OJOS DE AGUA','16','470','8409');
INSERT INTO `T_LOCALIDAD` VALUES (3116,'RIO CHICO','16','470','8415');
INSERT INTO `T_LOCALIDAD` VALUES (3117,'RIO COLORADO','16','471','8138');
INSERT INTO `T_LOCALIDAD` VALUES (3118,'COLONIA JULIA Y ECHARREN','16','471','8138');
INSERT INTO `T_LOCALIDAD` VALUES (3119,'PILCANIYEU','16','472','8412');
INSERT INTO `T_LOCALIDAD` VALUES (3120,'DINA HUAPI','16','472','8402');
INSERT INTO `T_LOCALIDAD` VALUES (3121,'COMALLO','16','472','8416');
INSERT INTO `T_LOCALIDAD` VALUES (3122,'LAGUNA BLANCA','16','472','8417');
INSERT INTO `T_LOCALIDAD` VALUES (3123,'ÑIRIHUAU','16','472','8400');
INSERT INTO `T_LOCALIDAD` VALUES (3124,'PASO FLORES','16','472','8403');
INSERT INTO `T_LOCALIDAD` VALUES (3125,'PILQUINIYEU DEL LIMAY','16','472','8412');
INSERT INTO `T_LOCALIDAD` VALUES (3126,'VILLA LLANQUIN','16','472','8401');
INSERT INTO `T_LOCALIDAD` VALUES (3128,'LAS GRUTAS','16','273','8520');
INSERT INTO `T_LOCALIDAD` VALUES (3129,'PLAYAS DORADAS','16','473','8532');
INSERT INTO `T_LOCALIDAD` VALUES (3130,'PUNTA COLORADA','16','473','8532');
INSERT INTO `T_LOCALIDAD` VALUES (3131,'SAN ANTONIO ESTE','16','473','8521');
INSERT INTO `T_LOCALIDAD` VALUES (3132,'SIERRA GRANDE','16','473','8532');
INSERT INTO `T_LOCALIDAD` VALUES (3133,'VALCHETA','16','474','8536');
INSERT INTO `T_LOCALIDAD` VALUES (3134,'AGUADA CECILIO','16','474','8534');
INSERT INTO `T_LOCALIDAD` VALUES (3135,'ARROYO DE LA VENTANA','16','474','8521');
INSERT INTO `T_LOCALIDAD` VALUES (3136,'ARROYO LOS BERROS','16','474','8521');
INSERT INTO `T_LOCALIDAD` VALUES (3137,'NAHUEL NIYEU','16','474','8536');
INSERT INTO `T_LOCALIDAD` VALUES (3138,'SIERRA PAILEMAN','16','474','8521');
INSERT INTO `T_LOCALIDAD` VALUES (3139,'MAQUINCHAO','16','475','8422');
INSERT INTO `T_LOCALIDAD` VALUES (3140,'AGUADA DE GUERRA','16','475','8424');
INSERT INTO `T_LOCALIDAD` VALUES (3141,'CLEMENTE ONELLI','16','475','8416');
INSERT INTO `T_LOCALIDAD` VALUES (3142,'COLAN CONHUE','16','475',NULL);
INSERT INTO `T_LOCALIDAD` VALUES (3143,'EL CAIN','16','475','8422');
INSERT INTO `T_LOCALIDAD` VALUES (3144,'INGENIERO JACOBACCI','16','475','8418');
INSERT INTO `T_LOCALIDAD` VALUES (3145,'LOS MENUCOS','16','475','8424');
INSERT INTO `T_LOCALIDAD` VALUES (3146,'MINA SANTA TERESITA','16','475',NULL);
INSERT INTO `T_LOCALIDAD` VALUES (3147,'PILQUINIYEU','16','475','8416');
INSERT INTO `T_LOCALIDAD` VALUES (3148,'SAN ANTONIO DEL CUY','16','467','8333');
INSERT INTO `T_LOCALIDAD` VALUES (3149,'GENERAL SAN MARTIN','18','476','5419');
INSERT INTO `T_LOCALIDAD` VALUES (3150,'CAMPO AFUERA','18','476','5419');
INSERT INTO `T_LOCALIDAD` VALUES (3151,'EL RINCON','18','476','5443');
INSERT INTO `T_LOCALIDAD` VALUES (3152,'LA CAÑADA','18','476','5419');
INSERT INTO `T_LOCALIDAD` VALUES (3153,'LAS LOMITAS','18','476','5419');
INSERT INTO `T_LOCALIDAD` VALUES (3154,'VILLA DEL SALVADOR','18','477','5415');
INSERT INTO `T_LOCALIDAD` VALUES (3155,'EL BOSQUE','18','477','5415');
INSERT INTO `T_LOCALIDAD` VALUES (3156,'LAS TAPIAS','18','477','5415');
INSERT INTO `T_LOCALIDAD` VALUES (3157,'SEFAIR TALACASTO','18','477','5415');
INSERT INTO `T_LOCALIDAD` VALUES (3158,'TAMBERIAS','18','478','5401');
INSERT INTO `T_LOCALIDAD` VALUES (3159,'BARREAL','18','478','5405');
INSERT INTO `T_LOCALIDAD` VALUES (3160,'CALINGASTA','18','478','5403');
INSERT INTO `T_LOCALIDAD` VALUES (3161,'SAN JUAN','18','479','5400');
INSERT INTO `T_LOCALIDAD` VALUES (3162,'CONCEPCION','18','479','5400');
INSERT INTO `T_LOCALIDAD` VALUES (3163,'DESAMPARADOS','18','479','5400');
INSERT INTO `T_LOCALIDAD` VALUES (3164,'TRINIDAD','18','479','5400');
INSERT INTO `T_LOCALIDAD` VALUES (3165,'CAUCETE','18','480','5442');
INSERT INTO `T_LOCALIDAD` VALUES (3166,'BERMEJO','18','480','5444');
INSERT INTO `T_LOCALIDAD` VALUES (3167,'EL RINCON','18','480','5443');
INSERT INTO `T_LOCALIDAD` VALUES (3168,'MARAYES','18','480','5446');
INSERT INTO `T_LOCALIDAD` VALUES (3169,'LAS TALAS','18','480','5443');
INSERT INTO `T_LOCALIDAD` VALUES (3170,'LOS MEDANOS','18','480','5443');
INSERT INTO `T_LOCALIDAD` VALUES (3171,'PIE DE PALO','18','480','5444');
INSERT INTO `T_LOCALIDAD` VALUES (3172,'VALLECITO','18','480','5443');
INSERT INTO `T_LOCALIDAD` VALUES (3173,'VILLA INDEPENDENCIA','18','480','5443');
INSERT INTO `T_LOCALIDAD` VALUES (3174,'VILLA PAULA ALBARRACIN DE SARMIENTO','18','481','5413');
INSERT INTO `T_LOCALIDAD` VALUES (3175,'EL MOGOTE','18','481','5413');
INSERT INTO `T_LOCALIDAD` VALUES (3176,'VILLA OBRERA','18','481','5407');
INSERT INTO `T_LOCALIDAD` VALUES (3177,'RODEO','18','482','5465');
INSERT INTO `T_LOCALIDAD` VALUES (3178,'ANGUALASTO','18','482','5467');
INSERT INTO `T_LOCALIDAD` VALUES (3179,'BELLA VISTA','18','482','5467');
INSERT INTO `T_LOCALIDAD` VALUES (3180,'IGLESIA','18','482','5467');
INSERT INTO `T_LOCALIDAD` VALUES (3181,'LAS FLORES','18','482','5467');
INSERT INTO `T_LOCALIDAD` VALUES (3182,'PISMANTA','18','482','5467');
INSERT INTO `T_LOCALIDAD` VALUES (3183,'TUDCUM','18','482','5467');
INSERT INTO `T_LOCALIDAD` VALUES (3184,'SAN JOSE DE JACHAL','18','483','5460');
INSERT INTO `T_LOCALIDAD` VALUES (3185,'EL FICAL','18','483','5461');
INSERT INTO `T_LOCALIDAD` VALUES (3186,'EL MEDANO','18','483','5460');
INSERT INTO `T_LOCALIDAD` VALUES (3187,'GRAN CHINA','18','483','5461');
INSERT INTO `T_LOCALIDAD` VALUES (3188,'HUACO','18','483','5463');
INSERT INTO `T_LOCALIDAD` VALUES (3189,'LA FALDA','18','483','5461');
INSERT INTO `T_LOCALIDAD` VALUES (3190,'MOGNA','18','483','5409');
INSERT INTO `T_LOCALIDAD` VALUES (3191,'NIQUIVIL','18','483','5409');
INSERT INTO `T_LOCALIDAD` VALUES (3192,'PAMPA VIEJA','18','483','5461');
INSERT INTO `T_LOCALIDAD` VALUES (3193,'SAN ISIDRO','18','483','5461');
INSERT INTO `T_LOCALIDAD` VALUES (3194,'TAMBERIAS','18','483','5461');
INSERT INTO `T_LOCALIDAD` VALUES (3195,'VILLA MALVINAS ARGENTINAS','18','483','5460');
INSERT INTO `T_LOCALIDAD` VALUES (3196,'VILLA MERCEDES','18','483','5461');
INSERT INTO `T_LOCALIDAD` VALUES (3197,'9 DE JULIO','18','484','5417');
INSERT INTO `T_LOCALIDAD` VALUES (3198,'ALTO DE SIERRA ESTE','18','484','5438');
INSERT INTO `T_LOCALIDAD` VALUES (3199,'COLONIA FIORITO','18','484','5435');
INSERT INTO `T_LOCALIDAD` VALUES (3200,'LAS CHACRITAS','18','484','5417');
INSERT INTO `T_LOCALIDAD` VALUES (3201,'ABERASTAIN','18','485','5427');
INSERT INTO `T_LOCALIDAD` VALUES (3202,'CARPINTERIA','18','485','5435');
INSERT INTO `T_LOCALIDAD` VALUES (3203,'LA RINCONADA','18','485','5443');
INSERT INTO `T_LOCALIDAD` VALUES (3204,'QUINTO CUARTEL','18','485','5427');
INSERT INTO `T_LOCALIDAD` VALUES (3205,'VILLA BARBOZA','18','485','5427');
INSERT INTO `T_LOCALIDAD` VALUES (3206,'VILLA CENTENARIO','18','485','5421');
INSERT INTO `T_LOCALIDAD` VALUES (3207,'VILLA NACUSI','18','485','5427');
INSERT INTO `T_LOCALIDAD` VALUES (3208,'VILLA KRAUSE','18','486','5425');
INSERT INTO `T_LOCALIDAD` VALUES (3209,'EL MEDANITO','18','486','5400');
INSERT INTO `T_LOCALIDAD` VALUES (3210,'VILLA BOLAÑOS','18','486','5421');
INSERT INTO `T_LOCALIDAD` VALUES (3211,'RIVADAVIA','18','487','5400');
INSERT INTO `T_LOCALIDAD` VALUES (3212,'MARQUESADO','18','487','5407');
INSERT INTO `T_LOCALIDAD` VALUES (3213,'LA BEBIDA','18','487','5407');
INSERT INTO `T_LOCALIDAD` VALUES (3214,'SAN MARTIN','18','488','5439');
INSERT INTO `T_LOCALIDAD` VALUES (3215,'DOMINGUITO','18','488','5439');
INSERT INTO `T_LOCALIDAD` VALUES (3216,'DOS ACEQUIAS','18','488','5439');
INSERT INTO `T_LOCALIDAD` VALUES (3217,'DON BOSCO','18','488','5417');
INSERT INTO `T_LOCALIDAD` VALUES (3218,'SADOP','18','488','5439');
INSERT INTO `T_LOCALIDAD` VALUES (3219,'SAN ISIDRO','18','488','5439');
INSERT INTO `T_LOCALIDAD` VALUES (3220,'SANTA LUCIA','18','489','5411');
INSERT INTO `T_LOCALIDAD` VALUES (3221,'ALTO DE SIERRA','18','489','5438');
INSERT INTO `T_LOCALIDAD` VALUES (3222,'COLONIA GUTIERREZ','18','489','5438');
INSERT INTO `T_LOCALIDAD` VALUES (3223,'MEDIA AGUA','18','490','5435');
INSERT INTO `T_LOCALIDAD` VALUES (3224,'CAÑADA HONDA','18','490','5431');
INSERT INTO `T_LOCALIDAD` VALUES (3225,'CIENAGUITA','18','490','5449');
INSERT INTO `T_LOCALIDAD` VALUES (3226,'COLONIA FISCAL','18','490','5435');
INSERT INTO `T_LOCALIDAD` VALUES (3227,'DIVISADERO','18','490','5431');
INSERT INTO `T_LOCALIDAD` VALUES (3228,'GUANACACHE','18','490','5431');
INSERT INTO `T_LOCALIDAD` VALUES (3229,'LAS LAGUNAS','18','490','5435');
INSERT INTO `T_LOCALIDAD` VALUES (3230,'LOS BERROS','18','490','5431');
INSERT INTO `T_LOCALIDAD` VALUES (3231,'PEDERNAL','18','490','5431');
INSERT INTO `T_LOCALIDAD` VALUES (3232,'PUNTA DEL MEDANO','18','490','5435');
INSERT INTO `T_LOCALIDAD` VALUES (3233,'VILLA IBAÑEZ','18','491','5409');
INSERT INTO `T_LOCALIDAD` VALUES (3234,'AURORA','18','491','5409');
INSERT INTO `T_LOCALIDAD` VALUES (3235,'SAN AGUSTIN','18','492','5449');
INSERT INTO `T_LOCALIDAD` VALUES (3236,'ASTICA','18','492','5447');
INSERT INTO `T_LOCALIDAD` VALUES (3237,'BALDES DEL ROSARIO','18','492','5449');
INSERT INTO `T_LOCALIDAD` VALUES (3238,'CHUCUMA','18','492','5447');
INSERT INTO `T_LOCALIDAD` VALUES (3239,'LOS BALDECITOS','18','492','5449');
INSERT INTO `T_LOCALIDAD` VALUES (3240,'USNO','18','492','5449');
INSERT INTO `T_LOCALIDAD` VALUES (3241,'SANTA ROSA','18','493','5443');
INSERT INTO `T_LOCALIDAD` VALUES (3242,'CASUARINAS','18','493','5443');
INSERT INTO `T_LOCALIDAD` VALUES (3243,'EL ENCON','18','493','5421');
INSERT INTO `T_LOCALIDAD` VALUES (3244,'LA CHIMBERA','18','493','5443');
INSERT INTO `T_LOCALIDAD` VALUES (3245,'TUPELI','18','493','5443');
INSERT INTO `T_LOCALIDAD` VALUES (3246,'VILLA BASILIO NIEVAS','18','494','5401');
INSERT INTO `T_LOCALIDAD` VALUES (3247,'VILLA TACU','18','494','5401');
INSERT INTO `T_LOCALIDAD` VALUES (3248,'SAN FRANCISCO DEL MONTE DE ORO','19','495','5705');
INSERT INTO `T_LOCALIDAD` VALUES (3249,'CANDELARIA','19','495','5713');
INSERT INTO `T_LOCALIDAD` VALUES (3250,'LA MAJADA','19','495','5703');
INSERT INTO `T_LOCALIDAD` VALUES (3251,'LEANDRO N. ALEM','19','495','5703');
INSERT INTO `T_LOCALIDAD` VALUES (3252,'LUJAN','19','495','5709');
INSERT INTO `T_LOCALIDAD` VALUES (3253,'QUINES','19','495','5711');
INSERT INTO `T_LOCALIDAD` VALUES (3254,'RIO JUAN GOMEZ','19','495','5705');
INSERT INTO `T_LOCALIDAD` VALUES (3255,'VILLA GENERAL ROCA','19','496','5703');
INSERT INTO `T_LOCALIDAD` VALUES (3256,'LA CALERA','19','496','5719');
INSERT INTO `T_LOCALIDAD` VALUES (3257,'NOGOLI','19','496','5703');
INSERT INTO `T_LOCALIDAD` VALUES (3258,'VILLA DE LA QUEBRADA','19','496','5703');
INSERT INTO `T_LOCALIDAD` VALUES (3259,'CONCARAN','19','497','5770');
INSERT INTO `T_LOCALIDAD` VALUES (3260,'CORTADERAS','19','497','5883');
INSERT INTO `T_LOCALIDAD` VALUES (3261,'NASCHEL','19','497','5759');
INSERT INTO `T_LOCALIDAD` VALUES (3262,'PAPAGAYOS','19','497','5883');
INSERT INTO `T_LOCALIDAD` VALUES (3263,'RENCA','19','497','5775');
INSERT INTO `T_LOCALIDAD` VALUES (3264,'SAN PABLO','19','497','5773');
INSERT INTO `T_LOCALIDAD` VALUES (3265,'TILISARAO','19','497','5773');
INSERT INTO `T_LOCALIDAD` VALUES (3266,'VILLA DEL CARMEN','19','497','5835');
INSERT INTO `T_LOCALIDAD` VALUES (3267,'VILLA LARCA','19','497','5883');
INSERT INTO `T_LOCALIDAD` VALUES (3268,'LA TOMA','19','498','5750');
INSERT INTO `T_LOCALIDAD` VALUES (3269,'CAROLINA','19','498','5701');
INSERT INTO `T_LOCALIDAD` VALUES (3270,'EL TRAPICHE','19','498','5701');
INSERT INTO `T_LOCALIDAD` VALUES (3271,'FRAGA','19','498','5736');
INSERT INTO `T_LOCALIDAD` VALUES (3272,'LA BAJADA','19','498','5701');
INSERT INTO `T_LOCALIDAD` VALUES (3273,'LA FLORIDA','19','498','5701');
INSERT INTO `T_LOCALIDAD` VALUES (3274,'RIOCITO','19','498','5757');
INSERT INTO `T_LOCALIDAD` VALUES (3275,'SALADILLO','19','498','5751');
INSERT INTO `T_LOCALIDAD` VALUES (3276,'VILLA MERCEDES','19','499','5730');
INSERT INTO `T_LOCALIDAD` VALUES (3277,'JUAN JORBA','19','499','5731');
INSERT INTO `T_LOCALIDAD` VALUES (3278,'JUAN LLERENA','19','499','5735');
INSERT INTO `T_LOCALIDAD` VALUES (3279,'JUSTO DARACT','19','499','5738');
INSERT INTO `T_LOCALIDAD` VALUES (3280,'LA PUNILLA','19','499','5831');
INSERT INTO `T_LOCALIDAD` VALUES (3281,'LAVAISSE','19','499','5730');
INSERT INTO `T_LOCALIDAD` VALUES (3282,'SAN JOSE DEL MORRO','19','499','5731');
INSERT INTO `T_LOCALIDAD` VALUES (3283,'VILLA REYNOLDS','19','499','5733');
INSERT INTO `T_LOCALIDAD` VALUES (3284,'VILLA SALLES','19','499','5738');
INSERT INTO `T_LOCALIDAD` VALUES (3285,'BUENA ESPERANZA','19','500','6277');
INSERT INTO `T_LOCALIDAD` VALUES (3286,'UNION','19','500','6216');
INSERT INTO `T_LOCALIDAD` VALUES (3287,'ANCHORENA','19','500','6389');
INSERT INTO `T_LOCALIDAD` VALUES (3288,'ARIZONA','19','500','6389');
INSERT INTO `T_LOCALIDAD` VALUES (3289,'BAGUAL','19','500','6216');
INSERT INTO `T_LOCALIDAD` VALUES (3290,'BATAVIA','19','500','6279');
INSERT INTO `T_LOCALIDAD` VALUES (3291,'FORTIN EL PATRIA','19','500','6279');
INSERT INTO `T_LOCALIDAD` VALUES (3292,'FORTUNA','19','500','6216');
INSERT INTO `T_LOCALIDAD` VALUES (3293,'NAVIA','19','500','6279');
INSERT INTO `T_LOCALIDAD` VALUES (3294,'NUEVA GALIA','19','500','6216');
INSERT INTO `T_LOCALIDAD` VALUES (3295,'SANTA ROSA DE CONLARA','19','501','5777');
INSERT INTO `T_LOCALIDAD` VALUES (3296,'CARPINTERIA','19','501','5883');
INSERT INTO `T_LOCALIDAD` VALUES (3297,'CERRO DE ORO','19','501','5881');
INSERT INTO `T_LOCALIDAD` VALUES (3298,'LAFINUR','19','501','5871');
INSERT INTO `T_LOCALIDAD` VALUES (3299,'LOS CAJONES','19','501','5871');
INSERT INTO `T_LOCALIDAD` VALUES (3300,'LOS MOLLES','19','501','5711');
INSERT INTO `T_LOCALIDAD` VALUES (3301,'MERLO','19','501','5881');
INSERT INTO `T_LOCALIDAD` VALUES (3302,'TALITA','19','501','5711');
INSERT INTO `T_LOCALIDAD` VALUES (3303,'SAN LUIS','19','502','5700');
INSERT INTO `T_LOCALIDAD` VALUES (3304,'JUANA KOSLAY','19','502','5701');
INSERT INTO `T_LOCALIDAD` VALUES (3305,'ALTO PELADO','19','502','5721');
INSERT INTO `T_LOCALIDAD` VALUES (3306,'ALTO PENCOSO','19','502','5724');
INSERT INTO `T_LOCALIDAD` VALUES (3307,'BALDE','19','502','5724');
INSERT INTO `T_LOCALIDAD` VALUES (3308,'BEAZLEY','19','502','5721');
INSERT INTO `T_LOCALIDAD` VALUES (3309,'EL VOLCAN','19','502','5701');
INSERT INTO `T_LOCALIDAD` VALUES (3310,'LA PUNTA','19','502','5710');
INSERT INTO `T_LOCALIDAD` VALUES (3311,'POTRERO DE LOS FUNES','19','502','5701');
INSERT INTO `T_LOCALIDAD` VALUES (3312,'SAN GERONIMO','19','502','5719');
INSERT INTO `T_LOCALIDAD` VALUES (3313,'ZANJITA','19','502','5721');
INSERT INTO `T_LOCALIDAD` VALUES (3314,'SAN MARTIN','19','503','5755');
INSERT INTO `T_LOCALIDAD` VALUES (3315,'LAS AGUADAS','19','503','5771');
INSERT INTO `T_LOCALIDAD` VALUES (3316,'LAS CHACRAS','19','503','5753');
INSERT INTO `T_LOCALIDAD` VALUES (3317,'LAS LAGUNAS','19','503','5773');
INSERT INTO `T_LOCALIDAD` VALUES (3318,'LAS VERTIENTES','19','503','5701');
INSERT INTO `T_LOCALIDAD` VALUES (3319,'PASO GRANDE','19','503','5753');
INSERT INTO `T_LOCALIDAD` VALUES (3320,'VILLA DE PRAGA','19','503','5753');
INSERT INTO `T_LOCALIDAD` VALUES (3321,'PUERTO SANTA CRUZ','20','504','9300');
INSERT INTO `T_LOCALIDAD` VALUES (3322,'COMANDANTE LUIS PIEDRABUENA','20','504','9303');
INSERT INTO `T_LOCALIDAD` VALUES (3323,'PUERTO DE PUNTA QUILLA','20','504','9300');
INSERT INTO `T_LOCALIDAD` VALUES (3324,'RIO CHICO','20','504','9303');
INSERT INTO `T_LOCALIDAD` VALUES (3325,'PUERTO DESEADO','20','505','9050');
INSERT INTO `T_LOCALIDAD` VALUES (3326,'CALETA OLIVIA','20','505','9011');
INSERT INTO `T_LOCALIDAD` VALUES (3327,'CAÑADON SECO','20','505','9013');
INSERT INTO `T_LOCALIDAD` VALUES (3328,'FITZ ROY','20','505','9019');
INSERT INTO `T_LOCALIDAD` VALUES (3329,'JARAMILLO','20','505','9053');
INSERT INTO `T_LOCALIDAD` VALUES (3330,'KOLUEL KAYKE','20','505','9019');
INSERT INTO `T_LOCALIDAD` VALUES (3331,'PAMPA ALTA','20','505','9050');
INSERT INTO `T_LOCALIDAD` VALUES (3332,'TRES CERROS','20','505','9050');
INSERT INTO `T_LOCALIDAD` VALUES (3333,'LAS HERAS','20','505','9017');
INSERT INTO `T_LOCALIDAD` VALUES (3334,'PICO TRUNCADO','20','505','9015');
INSERT INTO `T_LOCALIDAD` VALUES (3335,'TELLIER','20','505','9050');
INSERT INTO `T_LOCALIDAD` VALUES (3336,'RIO GALLEGOS','20','506','9400');
INSERT INTO `T_LOCALIDAD` VALUES (3337,'EL TURBIO','20','506','9407');
INSERT INTO `T_LOCALIDAD` VALUES (3338,'JULIA DUFOUR','20','506','9407');
INSERT INTO `T_LOCALIDAD` VALUES (3339,'MINA 3','20','506','9407');
INSERT INTO `T_LOCALIDAD` VALUES (3340,'RIO TURBIO','20','506','9407');
INSERT INTO `T_LOCALIDAD` VALUES (3341,'ROSPENTEK AIKE','20','506','9407');
INSERT INTO `T_LOCALIDAD` VALUES (3342,'VEINTIOCHO DE NOVIEMBRE','20','506','9407');
INSERT INTO `T_LOCALIDAD` VALUES (3343,'EL CALAFATE','20','507','9405');
INSERT INTO `T_LOCALIDAD` VALUES (3344,'EL CHALTEN','20','507','9301');
INSERT INTO `T_LOCALIDAD` VALUES (3345,'TRES LAGOS','20','507','9301');
INSERT INTO `T_LOCALIDAD` VALUES (3346,'PERITO MORENO','20','508','9040');
INSERT INTO `T_LOCALIDAD` VALUES (3347,'LOS ANTIGUOS','20','508','9041');
INSERT INTO `T_LOCALIDAD` VALUES (3348,'PUERTO SAN JULIAN','20','509','9310');
INSERT INTO `T_LOCALIDAD` VALUES (3349,'EL SALADO','20','509','9313');
INSERT INTO `T_LOCALIDAD` VALUES (3350,'BELLA VISTA','20','509','9400');
INSERT INTO `T_LOCALIDAD` VALUES (3351,'GOBERNADOR GREGORES','20','510','9311');
INSERT INTO `T_LOCALIDAD` VALUES (3352,'BAJO CARACOLES','20','510','9315');
INSERT INTO `T_LOCALIDAD` VALUES (3353,'HIPOLITO YRIGOYEN','20','510','9315');
INSERT INTO `T_LOCALIDAD` VALUES (3354,'BASE ESPERANZA','23','511','9411');
INSERT INTO `T_LOCALIDAD` VALUES (3355,'PUERTO ARGENTINO','23','512',NULL);
INSERT INTO `T_LOCALIDAD` VALUES (3356,'ISLAS MALVINAS','23','512','9409');
INSERT INTO `T_LOCALIDAD` VALUES (3357,'GEORGIAS DEL SUR','23','512','9411');
INSERT INTO `T_LOCALIDAD` VALUES (3358,'ISLAS ORCADAS DEL SUR','23','512','9411');
INSERT INTO `T_LOCALIDAD` VALUES (3359,'SANDWICH DEL SUR','23','512','9411');
INSERT INTO `T_LOCALIDAD` VALUES (3360,'ISLAS AURORA','23','512',NULL);
INSERT INTO `T_LOCALIDAD` VALUES (3361,'RIO GRANDE','23','513','9420');
INSERT INTO `T_LOCALIDAD` VALUES (3362,'RADMAN','23','513','9420');
INSERT INTO `T_LOCALIDAD` VALUES (3363,'PASO SAN SEBASTIAN','23','513','9420');
INSERT INTO `T_LOCALIDAD` VALUES (3364,'TOLHUIN','23','513','9420');
INSERT INTO `T_LOCALIDAD` VALUES (3365,'USHUAIA','23','514','9410');
INSERT INTO `T_LOCALIDAD` VALUES (3366,'LAGO ESCONDIDO','23','514',NULL);
INSERT INTO `T_LOCALIDAD` VALUES (3367,'ALMANZA','23','514',NULL);
INSERT INTO `T_LOCALIDAD` VALUES (3369,'VILLA MERLO','19','495','5881');
INSERT INTO `T_LOCALIDAD` VALUES (3370,'NAPENAY','4','12','3706');
INSERT INTO `T_LOCALIDAD` VALUES (3371,'LA MASCOTA','4','12','3706');
INSERT INTO `T_LOCALIDAD` VALUES (3372,'SAN ANTONIO OESTE','16','473','8520');
INSERT INTO `T_LOCALIDAD` VALUES (3373,'GUAYMALLEN','13','432','5519');
INSERT INTO `T_LOCALIDAD` VALUES (3374,'EL BOLSON','16','465','8430');
INSERT INTO `T_LOCALIDAD` VALUES (3375,'COLONIA BARANDA','4','1','3505');
INSERT INTO `T_LOCALIDAD` VALUES (3376,'MARGARITA BELEN','4','19','3505');
INSERT INTO `T_LOCALIDAD` VALUES (3377,'FLORENCIO VARELA','1','277','1888');
INSERT INTO `T_LOCALIDAD` VALUES (3378,'RANERO CUE','9','57','3626');
INSERT INTO `T_LOCALIDAD` VALUES (3379,'PUERTO VICENTINI','4','1','3514');
INSERT INTO `T_LOCALIDAD` VALUES (3380,'MOUSSY','21','66','3561');
INSERT INTO `T_LOCALIDAD` VALUES (3381,'EL TIMBO','21','66','3561');
INSERT INTO `T_LOCALIDAD` VALUES (3382,'SELVA RIO DE ORO','4','14','3507');
INSERT INTO `T_LOCALIDAD` VALUES (3383,'SAN FRANCISCO SOLANO','1','339','1881');
INSERT INTO `T_LOCALIDAD` VALUES (3384,'CITY BELL','1','303','1896');
INSERT INTO `T_LOCALIDAD` VALUES (3385,'LANUS','1','304','1824');
INSERT INTO `T_LOCALIDAD` VALUES (3387,'SAN GUILLERMO','21','72','2347');
INSERT INTO `T_LOCALIDAD` VALUES (3388,'VILLA SOLDATI','1','238','8000');
INSERT INTO `T_LOCALIDAD` VALUES (3389,'CEFERINO','17','183',NULL);
INSERT INTO `T_LOCALIDAD` VALUES (3390,'LAGUNA BRAVA','7','28','3401');
INSERT INTO `T_LOCALIDAD` VALUES (3391,'MARIA GRANDE','8','112','3133');
INSERT INTO `T_LOCALIDAD` VALUES (3392,'COMUNA DE CENTENO','21','78','2148');
INSERT INTO `T_LOCALIDAD` VALUES (3393,'CONCEPCION DEL URUGUAY','8','110','3260');
INSERT INTO `T_LOCALIDAD` VALUES (3397,'LA NENA','22','139','3765');
INSERT INTO `T_LOCALIDAD` VALUES (3398,'LOS PIRPINTOS','22','147','3712');
INSERT INTO `T_LOCALIDAD` VALUES (3399,'ING. JUAN ALLAN','1','277','1891');
INSERT INTO `T_LOCALIDAD` VALUES (3400,'NAPALPI','4','24','3531');
INSERT INTO `T_LOCALIDAD` VALUES (3402,'EL NOCHERO','21','78','3061');
INSERT INTO `T_LOCALIDAD` VALUES (3403,'LAS TALITAS','24','176','4242');
INSERT INTO `T_LOCALIDAD` VALUES (3404,'ALMIRANTE BROWN','1','241','1846');
INSERT INTO `T_LOCALIDAD` VALUES (3405,'SAN LORENZO','17','186','4401');
INSERT INTO `T_LOCALIDAD` VALUES (3406,'COLONIA BAJO HONDO','4','5','3700');
INSERT INTO `T_LOCALIDAD` VALUES (3407,'ESTERO PATIÑO','9','54','3608');
INSERT INTO `T_LOCALIDAD` VALUES (3408,'COLONIA ABORIGEN','4','24','3531');
INSERT INTO `T_LOCALIDAD` VALUES (3409,'DRAGONES','17','190','4554');
INSERT INTO `T_LOCALIDAD` VALUES (3410,'EL CABURE','22','147','3712');
INSERT INTO `T_LOCALIDAD` VALUES (3411,'SAN JOSE DEL BOQUERON','22','147','4301');
INSERT INTO `T_LOCALIDAD` VALUES (3412,'GALVEZ','21','74','2252');
INSERT INTO `T_LOCALIDAD` VALUES (3413,'EL TREBOL','21','77','2535');
INSERT INTO `T_LOCALIDAD` VALUES (3414,'LOS JURIES','22','149','3763');
INSERT INTO `T_LOCALIDAD` VALUES (3415,'COLONIA EL PARAISAL','4','20','3530');
INSERT INTO `T_LOCALIDAD` VALUES (3416,'PAMPA BANDERA','4','24','3534');
INSERT INTO `T_LOCALIDAD` VALUES (3417,'COLONIA LA TAMBORA','4','24','3534');
INSERT INTO `T_LOCALIDAD` VALUES (3418,'DESVIO ARIJON','21','74','2242');
INSERT INTO `T_LOCALIDAD` VALUES (3419,'CUATRO BOCAS','22','149','3061');
INSERT INTO `T_LOCALIDAD` VALUES (3420,'GRAL. FERNANDEZ ORO','16','468','8324');
INSERT INTO `T_LOCALIDAD` VALUES (3421,'JOSE CLEMENTE PAZ','1','299','1665');
INSERT INTO `T_LOCALIDAD` VALUES (3423,'LIBERTAD','1','320','1716');
INSERT INTO `T_LOCALIDAD` VALUES (3424,'LAS HACHERAS','4','11','3705');
INSERT INTO `T_LOCALIDAD` VALUES (3425,'MACIA','8','109','3177');
INSERT INTO `T_LOCALIDAD` VALUES (3426,'FORTIN LAVALLE','4','11','3703');
INSERT INTO `T_LOCALIDAD` VALUES (3427,'GENERAL ALVARADO','1','279','7607');
INSERT INTO `T_LOCALIDAD` VALUES (3428,'BOULOGNE','1','353','1609');
INSERT INTO `T_LOCALIDAD` VALUES (3429,'POZO DE LOS INDIOS','21','78','3551');
INSERT INTO `T_LOCALIDAD` VALUES (3430,'VILLA ADELA','21','66','3581');
INSERT INTO `T_LOCALIDAD` VALUES (3432,'CAMINERA GENERAL LOPEZ','21','65','2720');
INSERT INTO `T_LOCALIDAD` VALUES (3433,'ARROYO MANGANGA','7','41','3220');
INSERT INTO `T_LOCALIDAD` VALUES (3434,'LA FLORIDA','22','161','4308');
INSERT INTO `T_LOCALIDAD` VALUES (3435,'TRES PALMAS','4','24','3534');
INSERT INTO `T_LOCALIDAD` VALUES (3436,'PAMPA AGUADO','4','5','3700');
INSERT INTO `T_LOCALIDAD` VALUES (3437,'CRUZ ALTA','24','169','4178');
INSERT INTO `T_LOCALIDAD` VALUES (3438,'SELVAS DEL RIO DE ORO','4','14','3507');
INSERT INTO `T_LOCALIDAD` VALUES (3439,'FLOR DE ORO','21','66','3575');
INSERT INTO `T_LOCALIDAD` VALUES (3440,'LA SABANA','4','23','3513');
INSERT INTO `T_LOCALIDAD` VALUES (3441,'PLATANOS','1','250','1885');
INSERT INTO `T_LOCALIDAD` VALUES (3442,'LA LOLA','21','66','3567');
INSERT INTO `T_LOCALIDAD` VALUES (3443,'CAMPO EL BERMEJO','4','14','3509');
INSERT INTO `T_LOCALIDAD` VALUES (3444,'CACUI','4','1','3514');
INSERT INTO `T_LOCALIDAD` VALUES (3445,'PUERTO BASTIANI','4','13','3505');
INSERT INTO `T_LOCALIDAD` VALUES (3446,'PUERTO ANTEQUERAS','4','19','3505');
INSERT INTO `T_LOCALIDAD` VALUES (3447,'ESTACION SALADAS','7','43','3428');
INSERT INTO `T_LOCALIDAD` VALUES (3448,'ALELOY','4','15','3703');
INSERT INTO `T_LOCALIDAD` VALUES (3449,'PUEBLO DE JULIO','7','48','3445');
INSERT INTO `T_LOCALIDAD` VALUES (3450,'RIO MUERTO','4','2','3712');
INSERT INTO `T_LOCALIDAD` VALUES (3451,'LA EDUVIGIS','4','3','3507');
INSERT INTO `T_LOCALIDAD` VALUES (3452,'EL ESPINILLO','4','11','3703');
INSERT INTO `T_LOCALIDAD` VALUES (3453,'LUQUE','25','519','5967');
INSERT INTO `T_LOCALIDAD` VALUES (3454,'GENERAL DONOVAN','4','13','3514');
INSERT INTO `T_LOCALIDAD` VALUES (3455,'MARIANO ACOSTA','1','320','1723');
INSERT INTO `T_LOCALIDAD` VALUES (3456,'PUNTA ALTA','1','520','8109');
INSERT INTO `T_LOCALIDAD` VALUES (3457,'VENADO GRANDE','4','8','3733');
INSERT INTO `T_LOCALIDAD` VALUES (3458,'MESON DE FIERRO','4','4','3731');
INSERT INTO `T_LOCALIDAD` VALUES (3459,'CORONEL MON','1','240','6628');
INSERT INTO `T_LOCALIDAD` VALUES (3460,'VILLA DEL CARMEN','24','182','5570');
INSERT INTO `T_LOCALIDAD` VALUES (3462,'LEON ROUGES','24','176','4143');
INSERT INTO `T_LOCALIDAD` VALUES (3463,'LASTENIA','24','169','4111');
INSERT INTO `T_LOCALIDAD` VALUES (3464,'SAN PEDRO','7','42','3230');
INSERT INTO `T_LOCALIDAD` VALUES (3465,'LA CHIQUITA','4','20','3701');
INSERT INTO `T_LOCALIDAD` VALUES (3466,'VILLA SAN DIEGO','21','71','2124');
INSERT INTO `T_LOCALIDAD` VALUES (3467,'BELLA ITALIA','21','62','2301');
INSERT INTO `T_LOCALIDAD` VALUES (3468,'CAMPO RAMSEYER','21','66','3572');
INSERT INTO `T_LOCALIDAD` VALUES (3469,'PUERTO BOSSETTI','14','87','3374');
INSERT INTO `T_LOCALIDAD` VALUES (3470,'EL PARAISO','14','94','3351');
INSERT INTO `T_LOCALIDAD` VALUES (3471,'VERA Y PINTADO','21','75','3054');
INSERT INTO `T_LOCALIDAD` VALUES (3472,'LA SALADA','1','302','1774');
INSERT INTO `T_LOCALIDAD` VALUES (3473,'BARRIO CAIMA','21','74','2242');
INSERT INTO `T_LOCALIDAD` VALUES (3474,'MANUEL FLORENCIO MANTILLA','7','48','3446');
INSERT INTO `T_LOCALIDAD` VALUES (3475,'PUERTO CURTIEMBRE','8','106','3113');
INSERT INTO `T_LOCALIDAD` VALUES (3476,'COLONIA JUAN LAVALLE','4','25','3722');
INSERT INTO `T_LOCALIDAD` VALUES (3477,'SAN CAYETANO','7','28','3401');
INSERT INTO `T_LOCALIDAD` VALUES (3478,'NUEVA CERES','22','160','2340');
INSERT INTO `T_LOCALIDAD` VALUES (3479,'LUJAN','22','155','4353');
INSERT INTO `T_LOCALIDAD` VALUES (3480,'SAN ROQUE','19','502','5701');
INSERT INTO `T_LOCALIDAD` VALUES (3481,'PAMPA IPORA GUAZU','4','25','3722');
INSERT INTO `T_LOCALIDAD` VALUES (3482,'BANDA LUCERO','3','236','5333');
INSERT INTO `T_LOCALIDAD` VALUES (3483,'EL RETIRO','4','3','3522');
INSERT INTO `T_LOCALIDAD` VALUES (3484,'ALTO ALEGRE','17','183','4449');
INSERT INTO `T_LOCALIDAD` VALUES (3485,'LA PUERTA','6','115','5101');
INSERT INTO `T_LOCALIDAD` VALUES (3486,'TRES HORQUETAS','4','19','3505');
INSERT INTO `T_LOCALIDAD` VALUES (3487,'COLONIA MIXTA','4','10','3514');
INSERT INTO `T_LOCALIDAD` VALUES (3488,'RINCON NORTE','21','68','3001');
INSERT INTO `T_LOCALIDAD` VALUES (3489,'CHICLIGASTA','24','178','4174');
INSERT INTO `T_LOCALIDAD` VALUES (3490,'PAGO DE LOS DESEOS','7','43','3425');
INSERT INTO `T_LOCALIDAD` VALUES (3491,'GENERAL SAN MARTIN','1','292','1650');
INSERT INTO `T_LOCALIDAD` VALUES (3492,'PEDERNERA','19','499','5730');
INSERT INTO `T_LOCALIDAD` VALUES (3493,'COLONIA BERTOZZI','8','104','3192');
INSERT INTO `T_LOCALIDAD` VALUES (3494,'AERODROMO ALBATROS','1','320','1722');
INSERT INTO `T_LOCALIDAD` VALUES (3495,'VILLA CLARA','8','112','3252');
INSERT INTO `T_LOCALIDAD` VALUES (3496,'HERNANDARIAS','8','106','3127');
INSERT INTO `T_LOCALIDAD` VALUES (3497,'VILLA CELINA','1','302','1772');
INSERT INTO `T_LOCALIDAD` VALUES (3498,'BARRIO RAWSON','18','486','5425');
INSERT INTO `T_LOCALIDAD` VALUES (3499,'PUEBLO DOMINGUEZ','8','112','3246');
INSERT INTO `T_LOCALIDAD` VALUES (3500,'JACHAL','18','483','5460');
INSERT INTO `T_LOCALIDAD` VALUES (3501,'PAMPA FLORIDA','4','5','3703');
INSERT INTO `T_LOCALIDAD` VALUES (3502,'VILLA INSUPERABLE','1','302','1752');
INSERT INTO `T_LOCALIDAD` VALUES (3503,'ÑEMBY','25','519','2540');
INSERT INTO `T_LOCALIDAD` VALUES (3504,'PAMPA LANDRIEL','4','6','3731');
INSERT INTO `T_LOCALIDAD` VALUES (3505,'LOS POCITOS','24','180','4101');
INSERT INTO `T_LOCALIDAD` VALUES (3506,'CAMPO DEL CIELO','22','152','3736');
INSERT INTO `T_LOCALIDAD` VALUES (3507,'GÜER AIKE','20','506','9400');
INSERT INTO `T_LOCALIDAD` VALUES (3508,'SARMIENTO','18','492','5447');
INSERT INTO `T_LOCALIDAD` VALUES (3509,'HORQUILLA','4','23','3543');
INSERT INTO `T_LOCALIDAD` VALUES (3510,'TRUJUI','1','323','1664');
INSERT INTO `T_LOCALIDAD` VALUES (3511,'LOS ALISOS','10','213','4605');
INSERT INTO `T_LOCALIDAD` VALUES (3512,'ARRECIFES','1','521','2740');
INSERT INTO `T_LOCALIDAD` VALUES (3513,'PONTEVEDRA','1','320','1761');
INSERT INTO `T_LOCALIDAD` VALUES (3514,'ITIN','4','7','3733');
INSERT INTO `T_LOCALIDAD` VALUES (3515,'ALMIRANTE BROWN','14','85','3371');
INSERT INTO `T_LOCALIDAD` VALUES (3516,'LOS VALLISTOS','24','169','4109');
INSERT INTO `T_LOCALIDAD` VALUES (3517,'BARILOCHE','16','465','8400');
INSERT INTO `T_LOCALIDAD` VALUES (3518,'CERRO CORA','14','81','3309');
INSERT INTO `T_LOCALIDAD` VALUES (3519,'ALBARDON','18','476','5419');
INSERT INTO `T_LOCALIDAD` VALUES (3520,'BRASIL','27','522','85851');
INSERT INTO `T_LOCALIDAD` VALUES (3521,'URUGUAY','28','523','20100');
INSERT INTO `T_LOCALIDAD` VALUES (3522,'ESPAÑA','29','524','20100');
INSERT INTO `T_LOCALIDAD` VALUES (3523,'CHILE','30','525','9599');
INSERT INTO `T_LOCALIDAD` VALUES (3524,'BOLIVIA','31','526','98989');
INSERT INTO `T_LOCALIDAD` VALUES (3525,'COLOMBIA','32','527','97979');
INSERT INTO `T_LOCALIDAD` VALUES (3526,'ADOLFO ALSINA','1','238','6430');
INSERT INTO `T_LOCALIDAD` VALUES (3527,'ARBOL BLANCO','22','155','3731');
INSERT INTO `T_LOCALIDAD` VALUES (3528,'EXALTACION DE LA CRUZ','1','275','2812');
INSERT INTO `T_LOCALIDAD` VALUES (3529,'SAN FRANCISCO DE ASIS','14','95','3363');
INSERT INTO `T_LOCALIDAD` VALUES (3530,'TAFI DEL VALLE','24','179','4137');
INSERT INTO `T_LOCALIDAD` VALUES (3531,'IPIZCA','3','223','4701');
INSERT INTO `T_LOCALIDAD` VALUES (3532,'VILLA ATUEL','13','443','5622');
INSERT INTO `T_LOCALIDAD` VALUES (3533,'LA CLARITA','8','96','3269');
INSERT INTO `T_LOCALIDAD` VALUES (3534,'ALDEA PROTESTAN','8','98','3101');
INSERT INTO `T_LOCALIDAD` VALUES (3535,'POZO DEL TOBA','22','152','3741');
INSERT INTO `T_LOCALIDAD` VALUES (3536,'VILLA HIPODROMO','13','431','5547');
INSERT INTO `T_LOCALIDAD` VALUES (3537,'POCITO','18','485','5424');
INSERT INTO `T_LOCALIDAD` VALUES (3538,'TALAMUYO','24','172','4158');
INSERT INTO `T_LOCALIDAD` VALUES (3539,'LEALES','24','174','4113');
INSERT INTO `T_LOCALIDAD` VALUES (3540,'ROVERSI','22','155','3736');
CREATE TABLE `T_DOMINIOS` (
	`DOMINIO`					TEXT,
	`ID_TIPO_VEHICULO`			TEXT,
	`MODELO`					TEXT,
	`MARCA`						TEXT,
	`ID_COLOR`					INTEGER,
	`COLOR`						TEXT,
	`ID_MARCA`					INTEGER,
	`ID_TIPO_DOCUMENTO`			TEXT,
	`NUMERO_DOCUMENTO`			TEXT,
	PRIMARY KEY(DOMINIO)
);
CREATE TABLE "T_DOCUMENTO" (
	`_id`	TEXT,
	`NOMBRE`	TEXT,
	`DESCRIPCION`	TEXT,
	PRIMARY KEY(_id)
);
INSERT INTO `T_DOCUMENTO` VALUES ('DNI','DNI','DNI');
INSERT INTO `T_DOCUMENTO` VALUES ('CF','C.FEDERAL','CF');
INSERT INTO `T_DOCUMENTO` VALUES ('LEN','L.ENROL','LEN');
INSERT INTO `T_DOCUMENTO` VALUES ('LC','L.CIVICA','LC');
INSERT INTO `T_DOCUMENTO` VALUES ('CM','CERT.MIGRAT.','CM');
INSERT INTO `T_DOCUMENTO` VALUES ('MI','MATR.INDIV.','MI');
INSERT INTO `T_DOCUMENTO` VALUES ('NE','NROS.ESPEC.','NE');
INSERT INTO `T_DOCUMENTO` VALUES ('PSP','PASAPORTE','PSP');
INSERT INTO `T_DOCUMENTO` VALUES ('CID','C.DE IDENT.','CID');
INSERT INTO `T_DOCUMENTO` VALUES ('CUIT','CUIT','CUIT');
CREATE TABLE `T_DEPARTAMENTO` (
	`_id`	INTEGER,
	`NOMBRE`	TEXT,
	`ID_PROVINCIA`	TEXT,
	PRIMARY KEY(_id)
);
INSERT INTO `T_DEPARTAMENTO` VALUES (1,'SAN FERNANDO','4');
INSERT INTO `T_DEPARTAMENTO` VALUES (2,'ALMIRANTE BROWN','4');
INSERT INTO `T_DEPARTAMENTO` VALUES (3,'BERMEJO','4');
INSERT INTO `T_DEPARTAMENTO` VALUES (4,'CHACABUCO','4');
INSERT INTO `T_DEPARTAMENTO` VALUES (5,'COMANDANTE FERNANDEZ','4');
INSERT INTO `T_DEPARTAMENTO` VALUES (6,'DOCE DE OCTUBRE','4');
INSERT INTO `T_DEPARTAMENTO` VALUES (7,'DOS DE ABRIL','4');
INSERT INTO `T_DEPARTAMENTO` VALUES (8,'FRAY JUSTO SANTA MARIA DE ORO','4');
INSERT INTO `T_DEPARTAMENTO` VALUES (9,'GENERAL BELGRANO','4');
INSERT INTO `T_DEPARTAMENTO` VALUES (10,'GENERAL DONOVAN','4');
INSERT INTO `T_DEPARTAMENTO` VALUES (11,'GENERAL GUEMES','4');
INSERT INTO `T_DEPARTAMENTO` VALUES (12,'INDEPENDENCIA','4');
INSERT INTO `T_DEPARTAMENTO` VALUES (13,'LIBERTAD','4');
INSERT INTO `T_DEPARTAMENTO` VALUES (14,'LIBERTADOR GENERAL SAN MARTIN','4');
INSERT INTO `T_DEPARTAMENTO` VALUES (15,'MAIPU','4');
INSERT INTO `T_DEPARTAMENTO` VALUES (16,'MAYOR LUIS JORGE FONTANA','4');
INSERT INTO `T_DEPARTAMENTO` VALUES (17,'O HIGGINS','4');
INSERT INTO `T_DEPARTAMENTO` VALUES (18,'PRESIDENCIA DE LA PLAZA','4');
INSERT INTO `T_DEPARTAMENTO` VALUES (19,'PRIMERO DE MAYO','4');
INSERT INTO `T_DEPARTAMENTO` VALUES (20,'QUITILIPI','4');
INSERT INTO `T_DEPARTAMENTO` VALUES (21,'SAN LORENZO','4');
INSERT INTO `T_DEPARTAMENTO` VALUES (22,'SARGENTO CABRAL','4');
INSERT INTO `T_DEPARTAMENTO` VALUES (23,'TAPENAGA','4');
INSERT INTO `T_DEPARTAMENTO` VALUES (24,'VEINTICINCO DE MAYO','4');
INSERT INTO `T_DEPARTAMENTO` VALUES (25,'NUEVE DE JULIO','4');
INSERT INTO `T_DEPARTAMENTO` VALUES (26,'BELLA VISTA','7');
INSERT INTO `T_DEPARTAMENTO` VALUES (27,'BERON DE ASTRADA','7');
INSERT INTO `T_DEPARTAMENTO` VALUES (28,'CAPITAL CTES','7');
INSERT INTO `T_DEPARTAMENTO` VALUES (29,'CONCEPCION','7');
INSERT INTO `T_DEPARTAMENTO` VALUES (30,'CURUZU CUATIA','7');
INSERT INTO `T_DEPARTAMENTO` VALUES (31,'EMPEDRADO','7');
INSERT INTO `T_DEPARTAMENTO` VALUES (32,'ESQUINA','7');
INSERT INTO `T_DEPARTAMENTO` VALUES (33,'GENERAL ALVEAR','7');
INSERT INTO `T_DEPARTAMENTO` VALUES (34,'GENERAL PAZ','7');
INSERT INTO `T_DEPARTAMENTO` VALUES (35,'GOYA','7');
INSERT INTO `T_DEPARTAMENTO` VALUES (36,'ITATI','7');
INSERT INTO `T_DEPARTAMENTO` VALUES (37,'ITUZAINGO','7');
INSERT INTO `T_DEPARTAMENTO` VALUES (38,'LAVALLE','7');
INSERT INTO `T_DEPARTAMENTO` VALUES (39,'MBURUCUYA','7');
INSERT INTO `T_DEPARTAMENTO` VALUES (40,'MERCEDES','7');
INSERT INTO `T_DEPARTAMENTO` VALUES (41,'MONTE CASEROS','7');
INSERT INTO `T_DEPARTAMENTO` VALUES (42,'PASO DE LOS LIBRES','7');
INSERT INTO `T_DEPARTAMENTO` VALUES (43,'SALADAS','7');
INSERT INTO `T_DEPARTAMENTO` VALUES (44,'SAN COSME','7');
INSERT INTO `T_DEPARTAMENTO` VALUES (45,'SAN LUIS DEL PALMAR','7');
INSERT INTO `T_DEPARTAMENTO` VALUES (46,'SAN MARTIN','7');
INSERT INTO `T_DEPARTAMENTO` VALUES (47,'SAN MIGUEL','7');
INSERT INTO `T_DEPARTAMENTO` VALUES (48,'SAN ROQUE','7');
INSERT INTO `T_DEPARTAMENTO` VALUES (49,'SANTO TOME','7');
INSERT INTO `T_DEPARTAMENTO` VALUES (50,'SAUCE','7');
INSERT INTO `T_DEPARTAMENTO` VALUES (51,'FORMOSA','9');
INSERT INTO `T_DEPARTAMENTO` VALUES (52,'PILCOMAYO','9');
INSERT INTO `T_DEPARTAMENTO` VALUES (53,'PILAGAS','9');
INSERT INTO `T_DEPARTAMENTO` VALUES (54,'PIRANE','9');
INSERT INTO `T_DEPARTAMENTO` VALUES (55,'LAISHI','9');
INSERT INTO `T_DEPARTAMENTO` VALUES (56,'RAMON LISTA','9');
INSERT INTO `T_DEPARTAMENTO` VALUES (57,'PATIÑO','9');
INSERT INTO `T_DEPARTAMENTO` VALUES (58,'MATACOS','9');
INSERT INTO `T_DEPARTAMENTO` VALUES (59,'BERMEJO','9');
INSERT INTO `T_DEPARTAMENTO` VALUES (60,'BELGRANO','21');
INSERT INTO `T_DEPARTAMENTO` VALUES (61,'CASEROS','21');
INSERT INTO `T_DEPARTAMENTO` VALUES (62,'CASTELLANOS','21');
INSERT INTO `T_DEPARTAMENTO` VALUES (63,'CONSTITUCION','21');
INSERT INTO `T_DEPARTAMENTO` VALUES (64,'GARAY','21');
INSERT INTO `T_DEPARTAMENTO` VALUES (65,'GENERAL LOPEZ','21');
INSERT INTO `T_DEPARTAMENTO` VALUES (66,'GENERAL OBLIGADO','21');
INSERT INTO `T_DEPARTAMENTO` VALUES (67,'IRIONDO','21');
INSERT INTO `T_DEPARTAMENTO` VALUES (68,'LA CAPITAL  STA FE','21');
INSERT INTO `T_DEPARTAMENTO` VALUES (69,'LAS COLONIAS','21');
INSERT INTO `T_DEPARTAMENTO` VALUES (70,'9 DE JULIO','21');
INSERT INTO `T_DEPARTAMENTO` VALUES (71,'ROSARIO','21');
INSERT INTO `T_DEPARTAMENTO` VALUES (72,'SAN CRISTOBAL','21');
INSERT INTO `T_DEPARTAMENTO` VALUES (73,'SAN JAVIER','21');
INSERT INTO `T_DEPARTAMENTO` VALUES (74,'SAN JERONIMO','21');
INSERT INTO `T_DEPARTAMENTO` VALUES (75,'SAN JUSTO','21');
INSERT INTO `T_DEPARTAMENTO` VALUES (76,'SAN LORENZO','21');
INSERT INTO `T_DEPARTAMENTO` VALUES (77,'SAN MARTIN','21');
INSERT INTO `T_DEPARTAMENTO` VALUES (78,'VERA','21');
INSERT INTO `T_DEPARTAMENTO` VALUES (79,'APOSTOLES','14');
INSERT INTO `T_DEPARTAMENTO` VALUES (80,'CAINGUAS','14');
INSERT INTO `T_DEPARTAMENTO` VALUES (81,'CANDELARIA','14');
INSERT INTO `T_DEPARTAMENTO` VALUES (82,'CAPITAL  MNES','14');
INSERT INTO `T_DEPARTAMENTO` VALUES (83,'CONCEPCION','14');
INSERT INTO `T_DEPARTAMENTO` VALUES (84,'ELDORADO','14');
INSERT INTO `T_DEPARTAMENTO` VALUES (85,'GENERAL MANUEL BELGRANO','14');
INSERT INTO `T_DEPARTAMENTO` VALUES (86,'GUARANI','14');
INSERT INTO `T_DEPARTAMENTO` VALUES (87,'IGUAZU','14');
INSERT INTO `T_DEPARTAMENTO` VALUES (88,'LEANDRO N. ALEM','14');
INSERT INTO `T_DEPARTAMENTO` VALUES (89,'LIBERTADOR GENERAL SAN MARTIN','14');
INSERT INTO `T_DEPARTAMENTO` VALUES (90,'MONTECARLO','14');
INSERT INTO `T_DEPARTAMENTO` VALUES (91,'OBERA','14');
INSERT INTO `T_DEPARTAMENTO` VALUES (92,'SAN IGNACIO','14');
INSERT INTO `T_DEPARTAMENTO` VALUES (93,'SAN JAVIER','14');
INSERT INTO `T_DEPARTAMENTO` VALUES (94,'SAN PEDRO','14');
INSERT INTO `T_DEPARTAMENTO` VALUES (95,'VEINTICINCO DE MAYO','14');
INSERT INTO `T_DEPARTAMENTO` VALUES (96,'COLON','8');
INSERT INTO `T_DEPARTAMENTO` VALUES (97,'CONCORDIA','8');
INSERT INTO `T_DEPARTAMENTO` VALUES (98,'DIAMANTE','8');
INSERT INTO `T_DEPARTAMENTO` VALUES (99,'FEDERACION','8');
INSERT INTO `T_DEPARTAMENTO` VALUES (100,'FEDERAL','8');
INSERT INTO `T_DEPARTAMENTO` VALUES (101,'GUALEGUAY','8');
INSERT INTO `T_DEPARTAMENTO` VALUES (102,'GUALEGUAYCHU','8');
INSERT INTO `T_DEPARTAMENTO` VALUES (103,'ISLAS DEL IBICUY','8');
INSERT INTO `T_DEPARTAMENTO` VALUES (104,'LA PAZ','8');
INSERT INTO `T_DEPARTAMENTO` VALUES (105,'NOGOYA','8');
INSERT INTO `T_DEPARTAMENTO` VALUES (106,'PARANA','8');
INSERT INTO `T_DEPARTAMENTO` VALUES (107,'SAN JOSE DE FELICIANO','8');
INSERT INTO `T_DEPARTAMENTO` VALUES (108,'SAN SALVADOR','8');
INSERT INTO `T_DEPARTAMENTO` VALUES (109,'TALA','8');
INSERT INTO `T_DEPARTAMENTO` VALUES (110,'URUGUAY','8');
INSERT INTO `T_DEPARTAMENTO` VALUES (111,'VICTORIA','8');
INSERT INTO `T_DEPARTAMENTO` VALUES (112,'VILLAGUAY','8');
INSERT INTO `T_DEPARTAMENTO` VALUES (113,'CALAMUCHITA','6');
INSERT INTO `T_DEPARTAMENTO` VALUES (114,'CAPITAL CBA','6');
INSERT INTO `T_DEPARTAMENTO` VALUES (115,'COLON','6');
INSERT INTO `T_DEPARTAMENTO` VALUES (116,'CRUZ DEL EJE','6');
INSERT INTO `T_DEPARTAMENTO` VALUES (117,'GENERAL ROCA','6');
INSERT INTO `T_DEPARTAMENTO` VALUES (118,'GENERAL SAN MARTIN','6');
INSERT INTO `T_DEPARTAMENTO` VALUES (119,'ISCHILIN','6');
INSERT INTO `T_DEPARTAMENTO` VALUES (120,'JUAREZ CELMAN','6');
INSERT INTO `T_DEPARTAMENTO` VALUES (121,'MARCOS JUAREZ','6');
INSERT INTO `T_DEPARTAMENTO` VALUES (122,'MINAS','6');
INSERT INTO `T_DEPARTAMENTO` VALUES (123,'POCHO','6');
INSERT INTO `T_DEPARTAMENTO` VALUES (124,'PRESIDENTE ROQUE SAENZ PEÑA','6');
INSERT INTO `T_DEPARTAMENTO` VALUES (125,'PUNILLA','6');
INSERT INTO `T_DEPARTAMENTO` VALUES (126,'RIO CUARTO','6');
INSERT INTO `T_DEPARTAMENTO` VALUES (127,'RIO PRIMERO','6');
INSERT INTO `T_DEPARTAMENTO` VALUES (128,'RIO SECO','6');
INSERT INTO `T_DEPARTAMENTO` VALUES (129,'RIO SEGUNDO','6');
INSERT INTO `T_DEPARTAMENTO` VALUES (130,'SAN ALBERTO','6');
INSERT INTO `T_DEPARTAMENTO` VALUES (131,'SAN JAVIER','6');
INSERT INTO `T_DEPARTAMENTO` VALUES (132,'SAN JUSTO','6');
INSERT INTO `T_DEPARTAMENTO` VALUES (133,'SANTA MARIA','6');
INSERT INTO `T_DEPARTAMENTO` VALUES (134,'SOBREMONTE','6');
INSERT INTO `T_DEPARTAMENTO` VALUES (135,'TERCERO ARRIBA','6');
INSERT INTO `T_DEPARTAMENTO` VALUES (136,'TOTORAL','6');
INSERT INTO `T_DEPARTAMENTO` VALUES (137,'TULUMBA','6');
INSERT INTO `T_DEPARTAMENTO` VALUES (138,'UNION','6');
INSERT INTO `T_DEPARTAMENTO` VALUES (139,'AGUIRRE','22');
INSERT INTO `T_DEPARTAMENTO` VALUES (140,'ALBERDI','22');
INSERT INTO `T_DEPARTAMENTO` VALUES (141,'ATAMISQUI','22');
INSERT INTO `T_DEPARTAMENTO` VALUES (142,'AVELLANEDA','22');
INSERT INTO `T_DEPARTAMENTO` VALUES (143,'BANDA','22');
INSERT INTO `T_DEPARTAMENTO` VALUES (144,'BELGRANO','22');
INSERT INTO `T_DEPARTAMENTO` VALUES (145,'CAPITAL STGO  DEL ESTERO','22');
INSERT INTO `T_DEPARTAMENTO` VALUES (146,'CHOYA','22');
INSERT INTO `T_DEPARTAMENTO` VALUES (147,'COPO','22');
INSERT INTO `T_DEPARTAMENTO` VALUES (148,'FIGUEROA','22');
INSERT INTO `T_DEPARTAMENTO` VALUES (149,'GENERAL TABOADA','22');
INSERT INTO `T_DEPARTAMENTO` VALUES (150,'GUASAYAN','22');
INSERT INTO `T_DEPARTAMENTO` VALUES (151,'JIMENEZ','22');
INSERT INTO `T_DEPARTAMENTO` VALUES (152,'JUAN FELIPE IBARRA','22');
INSERT INTO `T_DEPARTAMENTO` VALUES (153,'LORETO','22');
INSERT INTO `T_DEPARTAMENTO` VALUES (154,'MITRE','22');
INSERT INTO `T_DEPARTAMENTO` VALUES (155,'MORENO','22');
INSERT INTO `T_DEPARTAMENTO` VALUES (156,'OJO DE AGUA','22');
INSERT INTO `T_DEPARTAMENTO` VALUES (157,'PELLEGRINI','22');
INSERT INTO `T_DEPARTAMENTO` VALUES (158,'QUEBRACHOS','22');
INSERT INTO `T_DEPARTAMENTO` VALUES (159,'RIO HONDO','22');
INSERT INTO `T_DEPARTAMENTO` VALUES (160,'RIVADAVIA','22');
INSERT INTO `T_DEPARTAMENTO` VALUES (161,'ROBLES','22');
INSERT INTO `T_DEPARTAMENTO` VALUES (162,'SALAVINA','22');
INSERT INTO `T_DEPARTAMENTO` VALUES (163,'SAN MARTIN','22');
INSERT INTO `T_DEPARTAMENTO` VALUES (164,'SARMIENTO','22');
INSERT INTO `T_DEPARTAMENTO` VALUES (165,'SILIPICA','22');
INSERT INTO `T_DEPARTAMENTO` VALUES (166,'BURRUYACU','24');
INSERT INTO `T_DEPARTAMENTO` VALUES (167,'CAPITAL TMAN','24');
INSERT INTO `T_DEPARTAMENTO` VALUES (168,'CHICLIGASTA','24');
INSERT INTO `T_DEPARTAMENTO` VALUES (169,'CRUZ ALTA','24');
INSERT INTO `T_DEPARTAMENTO` VALUES (170,'FAMAILLA','24');
INSERT INTO `T_DEPARTAMENTO` VALUES (171,'GRANEROS','24');
INSERT INTO `T_DEPARTAMENTO` VALUES (172,'JUAN BAUTISTA ALBERDI','24');
INSERT INTO `T_DEPARTAMENTO` VALUES (173,'LA COCHA','24');
INSERT INTO `T_DEPARTAMENTO` VALUES (174,'LEALES','24');
INSERT INTO `T_DEPARTAMENTO` VALUES (175,'LULES','24');
INSERT INTO `T_DEPARTAMENTO` VALUES (176,'MONTEROS','24');
INSERT INTO `T_DEPARTAMENTO` VALUES (177,'RIO CHICO','24');
INSERT INTO `T_DEPARTAMENTO` VALUES (178,'SIMOCA','24');
INSERT INTO `T_DEPARTAMENTO` VALUES (179,'TAFI DEL VALLE','24');
INSERT INTO `T_DEPARTAMENTO` VALUES (180,'TAFI VIEJO','24');
INSERT INTO `T_DEPARTAMENTO` VALUES (181,'TRANCAS','24');
INSERT INTO `T_DEPARTAMENTO` VALUES (182,'YERBA BUENA','24');
INSERT INTO `T_DEPARTAMENTO` VALUES (183,'ANTA','17');
INSERT INTO `T_DEPARTAMENTO` VALUES (184,'CACHI','17');
INSERT INTO `T_DEPARTAMENTO` VALUES (185,'CAFAYATE','17');
INSERT INTO `T_DEPARTAMENTO` VALUES (186,'CAPITAL SALTA','17');
INSERT INTO `T_DEPARTAMENTO` VALUES (187,'CERRILLOS','17');
INSERT INTO `T_DEPARTAMENTO` VALUES (188,'CHICOANA','17');
INSERT INTO `T_DEPARTAMENTO` VALUES (189,'GENERAL GUEMES','17');
INSERT INTO `T_DEPARTAMENTO` VALUES (190,'GENERAL JOSE DE SAN MARTIN','17');
INSERT INTO `T_DEPARTAMENTO` VALUES (191,'GUACHIPAS','17');
INSERT INTO `T_DEPARTAMENTO` VALUES (192,'IRUYA','17');
INSERT INTO `T_DEPARTAMENTO` VALUES (193,'LA CALDERA','17');
INSERT INTO `T_DEPARTAMENTO` VALUES (194,'LA CANDELARIA','17');
INSERT INTO `T_DEPARTAMENTO` VALUES (195,'LA POMA','17');
INSERT INTO `T_DEPARTAMENTO` VALUES (196,'LA VIÑA','17');
INSERT INTO `T_DEPARTAMENTO` VALUES (197,'LOS ANDES','17');
INSERT INTO `T_DEPARTAMENTO` VALUES (198,'METAN','17');
INSERT INTO `T_DEPARTAMENTO` VALUES (199,'MOLINOS','17');
INSERT INTO `T_DEPARTAMENTO` VALUES (200,'ORAN','17');
INSERT INTO `T_DEPARTAMENTO` VALUES (201,'RIVADAVIA','17');
INSERT INTO `T_DEPARTAMENTO` VALUES (202,'ROSARIO DE LA FRONTERA','17');
INSERT INTO `T_DEPARTAMENTO` VALUES (203,'ROSARIO DE LERMA','17');
INSERT INTO `T_DEPARTAMENTO` VALUES (204,'SAN CARLOS','17');
INSERT INTO `T_DEPARTAMENTO` VALUES (205,'SANTA VICTORIA','17');
INSERT INTO `T_DEPARTAMENTO` VALUES (206,'COCHINOCA','10');
INSERT INTO `T_DEPARTAMENTO` VALUES (207,'DR. MANUEL BELGRANO','10');
INSERT INTO `T_DEPARTAMENTO` VALUES (208,'EL CARMEN','10');
INSERT INTO `T_DEPARTAMENTO` VALUES (209,'HUMAHUACA','10');
INSERT INTO `T_DEPARTAMENTO` VALUES (210,'LEDESMA','10');
INSERT INTO `T_DEPARTAMENTO` VALUES (211,'PALPALA','10');
INSERT INTO `T_DEPARTAMENTO` VALUES (212,'RINCONADA','10');
INSERT INTO `T_DEPARTAMENTO` VALUES (213,'SAN ANTONIO','10');
INSERT INTO `T_DEPARTAMENTO` VALUES (214,'SAN PEDRO','10');
INSERT INTO `T_DEPARTAMENTO` VALUES (215,'SANTA BARBARA','10');
INSERT INTO `T_DEPARTAMENTO` VALUES (216,'SANTA CATALINA','10');
INSERT INTO `T_DEPARTAMENTO` VALUES (217,'SUSQUES','10');
INSERT INTO `T_DEPARTAMENTO` VALUES (218,'TILCARA','10');
INSERT INTO `T_DEPARTAMENTO` VALUES (219,'TUMBAYA','10');
INSERT INTO `T_DEPARTAMENTO` VALUES (220,'VALLE GRANDE','10');
INSERT INTO `T_DEPARTAMENTO` VALUES (221,'YAVI','10');
INSERT INTO `T_DEPARTAMENTO` VALUES (222,'AMBATO','3');
INSERT INTO `T_DEPARTAMENTO` VALUES (223,'ANCASTI','3');
INSERT INTO `T_DEPARTAMENTO` VALUES (224,'ANDALGALA','3');
INSERT INTO `T_DEPARTAMENTO` VALUES (225,'ANTOFAGASTA DE LA SIERRA','3');
INSERT INTO `T_DEPARTAMENTO` VALUES (226,'BELEN','3');
INSERT INTO `T_DEPARTAMENTO` VALUES (227,'CAPAYAN','3');
INSERT INTO `T_DEPARTAMENTO` VALUES (228,'CAPITAL CATAMARCA','3');
INSERT INTO `T_DEPARTAMENTO` VALUES (229,'EL ALTO','3');
INSERT INTO `T_DEPARTAMENTO` VALUES (230,'FRAY MAMERTO ESQUIU','3');
INSERT INTO `T_DEPARTAMENTO` VALUES (231,'LA PAZ CATAMARCA','3');
INSERT INTO `T_DEPARTAMENTO` VALUES (232,'PACLIN','3');
INSERT INTO `T_DEPARTAMENTO` VALUES (233,'POMAN','3');
INSERT INTO `T_DEPARTAMENTO` VALUES (234,'SANTA MARIA','3');
INSERT INTO `T_DEPARTAMENTO` VALUES (235,'SANTA ROSA','3');
INSERT INTO `T_DEPARTAMENTO` VALUES (236,'TINOGASTA','3');
INSERT INTO `T_DEPARTAMENTO` VALUES (237,'VALLE VIEJO','3');
INSERT INTO `T_DEPARTAMENTO` VALUES (238,'ADOLFO ALSINA','1');
INSERT INTO `T_DEPARTAMENTO` VALUES (239,'ADOLFO GONZALES CHAVES','1');
INSERT INTO `T_DEPARTAMENTO` VALUES (240,'ALBERTI','1');
INSERT INTO `T_DEPARTAMENTO` VALUES (241,'ALMIRANTE BROWN BS AS','1');
INSERT INTO `T_DEPARTAMENTO` VALUES (242,'ARRECIFES','1');
INSERT INTO `T_DEPARTAMENTO` VALUES (243,'AVELLANEDA','1');
INSERT INTO `T_DEPARTAMENTO` VALUES (244,'AYACUCHO','1');
INSERT INTO `T_DEPARTAMENTO` VALUES (245,'AZUL','1');
INSERT INTO `T_DEPARTAMENTO` VALUES (246,'BAHIA BLANCA','1');
INSERT INTO `T_DEPARTAMENTO` VALUES (247,'BALCARCE','1');
INSERT INTO `T_DEPARTAMENTO` VALUES (248,'BARADERO','1');
INSERT INTO `T_DEPARTAMENTO` VALUES (249,'BENITO JUAREZ','1');
INSERT INTO `T_DEPARTAMENTO` VALUES (250,'BERAZATEGUI','1');
INSERT INTO `T_DEPARTAMENTO` VALUES (251,'BERISSO','1');
INSERT INTO `T_DEPARTAMENTO` VALUES (252,'BOLIVAR','1');
INSERT INTO `T_DEPARTAMENTO` VALUES (253,'BRAGADO','1');
INSERT INTO `T_DEPARTAMENTO` VALUES (254,'BRANDSEN','1');
INSERT INTO `T_DEPARTAMENTO` VALUES (255,'CAMPANA','1');
INSERT INTO `T_DEPARTAMENTO` VALUES (256,'CAÑUELAS','1');
INSERT INTO `T_DEPARTAMENTO` VALUES (257,'CAPITAN SARMIENTO','1');
INSERT INTO `T_DEPARTAMENTO` VALUES (258,'CARLOS CASARES','1');
INSERT INTO `T_DEPARTAMENTO` VALUES (259,'CARLOS TEJEDOR','1');
INSERT INTO `T_DEPARTAMENTO` VALUES (260,'CARMEN DE ARECO','1');
INSERT INTO `T_DEPARTAMENTO` VALUES (261,'CASTELLI','1');
INSERT INTO `T_DEPARTAMENTO` VALUES (262,'CHACABUCO','1');
INSERT INTO `T_DEPARTAMENTO` VALUES (263,'CHASCOMUS','1');
INSERT INTO `T_DEPARTAMENTO` VALUES (264,'CHIVILCOY','1');
INSERT INTO `T_DEPARTAMENTO` VALUES (265,'COLON','1');
INSERT INTO `T_DEPARTAMENTO` VALUES (266,'CORONEL DE MARINA LEONARDO ROSALES','1');
INSERT INTO `T_DEPARTAMENTO` VALUES (267,'CORONEL DORREGO','1');
INSERT INTO `T_DEPARTAMENTO` VALUES (268,'CORONEL PRINGLES','1');
INSERT INTO `T_DEPARTAMENTO` VALUES (269,'CORONEL SUAREZ','1');
INSERT INTO `T_DEPARTAMENTO` VALUES (270,'DAIREAUX','1');
INSERT INTO `T_DEPARTAMENTO` VALUES (271,'DOLORES','1');
INSERT INTO `T_DEPARTAMENTO` VALUES (272,'ENSENADA','1');
INSERT INTO `T_DEPARTAMENTO` VALUES (273,'ESCOBAR','1');
INSERT INTO `T_DEPARTAMENTO` VALUES (274,'ESTEBAN ECHEVERRIA','1');
INSERT INTO `T_DEPARTAMENTO` VALUES (275,'EXALTACION DE LA CRUZ','1');
INSERT INTO `T_DEPARTAMENTO` VALUES (276,'EZEIZA','1');
INSERT INTO `T_DEPARTAMENTO` VALUES (277,'FLORENCIO VARELA','1');
INSERT INTO `T_DEPARTAMENTO` VALUES (278,'FLORENTINO AMEGHINO','1');
INSERT INTO `T_DEPARTAMENTO` VALUES (279,'GENERAL ALVARADO','1');
INSERT INTO `T_DEPARTAMENTO` VALUES (280,'GENERAL ALVEAR','1');
INSERT INTO `T_DEPARTAMENTO` VALUES (281,'GENERAL ARENALES','1');
INSERT INTO `T_DEPARTAMENTO` VALUES (282,'GENERAL BELGRANO','1');
INSERT INTO `T_DEPARTAMENTO` VALUES (283,'GENERAL GUIDO','1');
INSERT INTO `T_DEPARTAMENTO` VALUES (284,'GENERAL JUAN MADARIAGA','1');
INSERT INTO `T_DEPARTAMENTO` VALUES (285,'GENERAL LA MADRID','1');
INSERT INTO `T_DEPARTAMENTO` VALUES (286,'GENERAL LAS HERAS','1');
INSERT INTO `T_DEPARTAMENTO` VALUES (287,'GENERAL LAVALLE','1');
INSERT INTO `T_DEPARTAMENTO` VALUES (288,'GENERAL PAZ','1');
INSERT INTO `T_DEPARTAMENTO` VALUES (289,'GENERAL PINTO','1');
INSERT INTO `T_DEPARTAMENTO` VALUES (290,'GENERAL PUEYRREDON','1');
INSERT INTO `T_DEPARTAMENTO` VALUES (291,'GENERAL RODRIGUEZ','1');
INSERT INTO `T_DEPARTAMENTO` VALUES (292,'GENERAL SAN MARTIN  BS  AS','1');
INSERT INTO `T_DEPARTAMENTO` VALUES (293,'GENERAL VIAMONTE','1');
INSERT INTO `T_DEPARTAMENTO` VALUES (294,'GENERAL VILLEGAS','1');
INSERT INTO `T_DEPARTAMENTO` VALUES (295,'GUAMINI','1');
INSERT INTO `T_DEPARTAMENTO` VALUES (296,'HIPOLITO YRIGOYEN','1');
INSERT INTO `T_DEPARTAMENTO` VALUES (297,'HURLINGHAM','1');
INSERT INTO `T_DEPARTAMENTO` VALUES (298,'ITUZAINGO BS AS','1');
INSERT INTO `T_DEPARTAMENTO` VALUES (299,'JOSE C. PAZ  BS  AS','1');
INSERT INTO `T_DEPARTAMENTO` VALUES (300,'JUNIN','1');
INSERT INTO `T_DEPARTAMENTO` VALUES (301,'LA COSTA','1');
INSERT INTO `T_DEPARTAMENTO` VALUES (302,'LA MATANZA','1');
INSERT INTO `T_DEPARTAMENTO` VALUES (303,'LA PLATA','1');
INSERT INTO `T_DEPARTAMENTO` VALUES (304,'LANUS','1');
INSERT INTO `T_DEPARTAMENTO` VALUES (305,'LAPRIDA','1');
INSERT INTO `T_DEPARTAMENTO` VALUES (306,'LAS FLORES','1');
INSERT INTO `T_DEPARTAMENTO` VALUES (307,'LEANDRO N. ALEM','1');
INSERT INTO `T_DEPARTAMENTO` VALUES (308,'LEZAMA','1');
INSERT INTO `T_DEPARTAMENTO` VALUES (309,'LINCOLN','1');
INSERT INTO `T_DEPARTAMENTO` VALUES (310,'LOBERIA','1');
INSERT INTO `T_DEPARTAMENTO` VALUES (311,'LOBOS','1');
INSERT INTO `T_DEPARTAMENTO` VALUES (312,'LOMAS DE ZAMORA','1');
INSERT INTO `T_DEPARTAMENTO` VALUES (313,'LUJAN','1');
INSERT INTO `T_DEPARTAMENTO` VALUES (314,'MAGDALENA','1');
INSERT INTO `T_DEPARTAMENTO` VALUES (315,'MAIPU','1');
INSERT INTO `T_DEPARTAMENTO` VALUES (316,'MALVINAS ARGENTINAS','1');
INSERT INTO `T_DEPARTAMENTO` VALUES (317,'MAR CHIQUITA','1');
INSERT INTO `T_DEPARTAMENTO` VALUES (318,'MARCOS PAZ','1');
INSERT INTO `T_DEPARTAMENTO` VALUES (319,'MERCEDES','1');
INSERT INTO `T_DEPARTAMENTO` VALUES (320,'MERLO','1');
INSERT INTO `T_DEPARTAMENTO` VALUES (321,'MONTE','1');
INSERT INTO `T_DEPARTAMENTO` VALUES (322,'MONTE HERMOSO','1');
INSERT INTO `T_DEPARTAMENTO` VALUES (323,'MORENO','1');
INSERT INTO `T_DEPARTAMENTO` VALUES (324,'MORON','1');
INSERT INTO `T_DEPARTAMENTO` VALUES (325,'NAVARRO','1');
INSERT INTO `T_DEPARTAMENTO` VALUES (326,'NECOCHEA','1');
INSERT INTO `T_DEPARTAMENTO` VALUES (327,'NUEVE DE JULIO','1');
INSERT INTO `T_DEPARTAMENTO` VALUES (328,'OLAVARRIA','1');
INSERT INTO `T_DEPARTAMENTO` VALUES (329,'PATAGONES','1');
INSERT INTO `T_DEPARTAMENTO` VALUES (330,'PEHUAJO','1');
INSERT INTO `T_DEPARTAMENTO` VALUES (331,'PELLEGRINI','1');
INSERT INTO `T_DEPARTAMENTO` VALUES (332,'PERGAMINO','1');
INSERT INTO `T_DEPARTAMENTO` VALUES (333,'PILA','1');
INSERT INTO `T_DEPARTAMENTO` VALUES (334,'PILAR','1');
INSERT INTO `T_DEPARTAMENTO` VALUES (335,'PINAMAR','1');
INSERT INTO `T_DEPARTAMENTO` VALUES (336,'PRESIDENTE PERON','1');
INSERT INTO `T_DEPARTAMENTO` VALUES (337,'PUAN','1');
INSERT INTO `T_DEPARTAMENTO` VALUES (338,'PUNTA INDIO','1');
INSERT INTO `T_DEPARTAMENTO` VALUES (339,'QUILMES','1');
INSERT INTO `T_DEPARTAMENTO` VALUES (340,'RAMALLO','1');
INSERT INTO `T_DEPARTAMENTO` VALUES (341,'RAUCH','1');
INSERT INTO `T_DEPARTAMENTO` VALUES (342,'RIVADAVIA','1');
INSERT INTO `T_DEPARTAMENTO` VALUES (343,'ROJAS','1');
INSERT INTO `T_DEPARTAMENTO` VALUES (344,'ROQUE PEREZ','1');
INSERT INTO `T_DEPARTAMENTO` VALUES (345,'SAAVEDRA','1');
INSERT INTO `T_DEPARTAMENTO` VALUES (346,'SALADILLO','1');
INSERT INTO `T_DEPARTAMENTO` VALUES (347,'SALLIQUELO','1');
INSERT INTO `T_DEPARTAMENTO` VALUES (348,'SALTO','1');
INSERT INTO `T_DEPARTAMENTO` VALUES (349,'SAN ANDRES DE GILES','1');
INSERT INTO `T_DEPARTAMENTO` VALUES (350,'SAN ANTONIO DE ARECO','1');
INSERT INTO `T_DEPARTAMENTO` VALUES (351,'SAN CAYETANO','1');
INSERT INTO `T_DEPARTAMENTO` VALUES (352,'SAN FERNANDO  Bs  As','1');
INSERT INTO `T_DEPARTAMENTO` VALUES (353,'SAN ISIDRO','1');
INSERT INTO `T_DEPARTAMENTO` VALUES (354,'SAN MIGUEL','1');
INSERT INTO `T_DEPARTAMENTO` VALUES (355,'SAN NICOLAS','1');
INSERT INTO `T_DEPARTAMENTO` VALUES (356,'SAN PEDRO','1');
INSERT INTO `T_DEPARTAMENTO` VALUES (357,'SAN VICENTE','1');
INSERT INTO `T_DEPARTAMENTO` VALUES (358,'SUIPACHA','1');
INSERT INTO `T_DEPARTAMENTO` VALUES (359,'TANDIL','1');
INSERT INTO `T_DEPARTAMENTO` VALUES (360,'TAPALQUE','1');
INSERT INTO `T_DEPARTAMENTO` VALUES (361,'TIGRE','1');
INSERT INTO `T_DEPARTAMENTO` VALUES (362,'TORDILLO','1');
INSERT INTO `T_DEPARTAMENTO` VALUES (363,'TORNQUIST','1');
INSERT INTO `T_DEPARTAMENTO` VALUES (364,'TRENQUE LAUQUEN','1');
INSERT INTO `T_DEPARTAMENTO` VALUES (365,'TRES ARROYOS','1');
INSERT INTO `T_DEPARTAMENTO` VALUES (366,'TRES DE FEBRERO','1');
INSERT INTO `T_DEPARTAMENTO` VALUES (367,'TRES LOMAS','1');
INSERT INTO `T_DEPARTAMENTO` VALUES (368,'VEINTICINCO DE MAYO','1');
INSERT INTO `T_DEPARTAMENTO` VALUES (369,'VICENTE LOPEZ','1');
INSERT INTO `T_DEPARTAMENTO` VALUES (370,'VILLA GESELL','1');
INSERT INTO `T_DEPARTAMENTO` VALUES (371,'VILLARINO','1');
INSERT INTO `T_DEPARTAMENTO` VALUES (372,'ZARATE','1');
INSERT INTO `T_DEPARTAMENTO` VALUES (373,'CAPITAL FEDERAL','2');
INSERT INTO `T_DEPARTAMENTO` VALUES (374,'BIEDMA','5');
INSERT INTO `T_DEPARTAMENTO` VALUES (375,'CUSHAMEN','5');
INSERT INTO `T_DEPARTAMENTO` VALUES (376,'ESCALANTE','5');
INSERT INTO `T_DEPARTAMENTO` VALUES (377,'FLORENTINO AMEGHINO','5');
INSERT INTO `T_DEPARTAMENTO` VALUES (378,'FUTALEUFU','5');
INSERT INTO `T_DEPARTAMENTO` VALUES (379,'GAIMAN','5');
INSERT INTO `T_DEPARTAMENTO` VALUES (380,'GASTRE','5');
INSERT INTO `T_DEPARTAMENTO` VALUES (381,'LANGUIÑEO','5');
INSERT INTO `T_DEPARTAMENTO` VALUES (382,'MARTIRES','5');
INSERT INTO `T_DEPARTAMENTO` VALUES (383,'PASO DE INDIOS','5');
INSERT INTO `T_DEPARTAMENTO` VALUES (384,'RAWSON','5');
INSERT INTO `T_DEPARTAMENTO` VALUES (385,'RIO SENGUER','5');
INSERT INTO `T_DEPARTAMENTO` VALUES (386,'SARMIENTO','5');
INSERT INTO `T_DEPARTAMENTO` VALUES (387,'TEHUELCHES','5');
INSERT INTO `T_DEPARTAMENTO` VALUES (388,'TELSEN','5');
INSERT INTO `T_DEPARTAMENTO` VALUES (389,'ATREUCO','11');
INSERT INTO `T_DEPARTAMENTO` VALUES (390,'CALEU CALEU','11');
INSERT INTO `T_DEPARTAMENTO` VALUES (391,'CAPITAL - LA PAMPA','11');
INSERT INTO `T_DEPARTAMENTO` VALUES (392,'CATRILO','11');
INSERT INTO `T_DEPARTAMENTO` VALUES (393,'CHALILEO','11');
INSERT INTO `T_DEPARTAMENTO` VALUES (394,'CHAPALEUFU','11');
INSERT INTO `T_DEPARTAMENTO` VALUES (395,'CHICAL CO','11');
INSERT INTO `T_DEPARTAMENTO` VALUES (396,'CONHELO','11');
INSERT INTO `T_DEPARTAMENTO` VALUES (397,'CURACO','11');
INSERT INTO `T_DEPARTAMENTO` VALUES (398,'GUATRACHE','11');
INSERT INTO `T_DEPARTAMENTO` VALUES (399,'HUCAL','11');
INSERT INTO `T_DEPARTAMENTO` VALUES (400,'LIHUEL CALEL','11');
INSERT INTO `T_DEPARTAMENTO` VALUES (401,'LIMAY MAHUIDA','11');
INSERT INTO `T_DEPARTAMENTO` VALUES (402,'LOVENTUE','11');
INSERT INTO `T_DEPARTAMENTO` VALUES (403,'MARACO','11');
INSERT INTO `T_DEPARTAMENTO` VALUES (404,'PUELEN','11');
INSERT INTO `T_DEPARTAMENTO` VALUES (405,'QUEMU QUEMU','11');
INSERT INTO `T_DEPARTAMENTO` VALUES (406,'RANCUL','11');
INSERT INTO `T_DEPARTAMENTO` VALUES (407,'REALICO','11');
INSERT INTO `T_DEPARTAMENTO` VALUES (408,'TOAY','11');
INSERT INTO `T_DEPARTAMENTO` VALUES (409,'TRENEL','11');
INSERT INTO `T_DEPARTAMENTO` VALUES (410,'UTRACAN','11');
INSERT INTO `T_DEPARTAMENTO` VALUES (411,'ARAUCO','12');
INSERT INTO `T_DEPARTAMENTO` VALUES (412,'CAPITAL - LA RIOJA','12');
INSERT INTO `T_DEPARTAMENTO` VALUES (413,'CASTRO BARROS','12');
INSERT INTO `T_DEPARTAMENTO` VALUES (414,'CHAMICAL','12');
INSERT INTO `T_DEPARTAMENTO` VALUES (415,'CHILECITO','12');
INSERT INTO `T_DEPARTAMENTO` VALUES (416,'CORONEL FELIPE VARELA','12');
INSERT INTO `T_DEPARTAMENTO` VALUES (417,'FAMATINA','12');
INSERT INTO `T_DEPARTAMENTO` VALUES (418,'GENERAL ANGEL V. PEÑALOZA','12');
INSERT INTO `T_DEPARTAMENTO` VALUES (419,'GENERAL BELGRANO','12');
INSERT INTO `T_DEPARTAMENTO` VALUES (420,'GENERAL JUAN FACUNDO QUIROGA','12');
INSERT INTO `T_DEPARTAMENTO` VALUES (421,'GENERAL LAMADRID','12');
INSERT INTO `T_DEPARTAMENTO` VALUES (422,'GENERAL OCAMPO','12');
INSERT INTO `T_DEPARTAMENTO` VALUES (423,'GENERAL SAN MARTIN','12');
INSERT INTO `T_DEPARTAMENTO` VALUES (424,'INDEPENDENCIA','12');
INSERT INTO `T_DEPARTAMENTO` VALUES (425,'ROSARIO VERA PEÑALOZA','12');
INSERT INTO `T_DEPARTAMENTO` VALUES (426,'SAN BLAS DE LOS SAUCES','12');
INSERT INTO `T_DEPARTAMENTO` VALUES (427,'SANAGASTA','12');
INSERT INTO `T_DEPARTAMENTO` VALUES (428,'VINCHINA','12');
INSERT INTO `T_DEPARTAMENTO` VALUES (429,'CAPITAL - MENDOZA','13');
INSERT INTO `T_DEPARTAMENTO` VALUES (430,'GENERAL ALVEAR','13');
INSERT INTO `T_DEPARTAMENTO` VALUES (431,'GODOY CRUZ','13');
INSERT INTO `T_DEPARTAMENTO` VALUES (432,'GUAYMALLEN','13');
INSERT INTO `T_DEPARTAMENTO` VALUES (433,'JUNIN','13');
INSERT INTO `T_DEPARTAMENTO` VALUES (434,'LA PAZ','13');
INSERT INTO `T_DEPARTAMENTO` VALUES (435,'LAS HERAS','13');
INSERT INTO `T_DEPARTAMENTO` VALUES (436,'LAVALLE','13');
INSERT INTO `T_DEPARTAMENTO` VALUES (437,'LUJAN DE CUYO','13');
INSERT INTO `T_DEPARTAMENTO` VALUES (438,'MAIPU','13');
INSERT INTO `T_DEPARTAMENTO` VALUES (439,'MALARGUE','13');
INSERT INTO `T_DEPARTAMENTO` VALUES (440,'RIVADAVIA','13');
INSERT INTO `T_DEPARTAMENTO` VALUES (441,'SAN CARLOS','13');
INSERT INTO `T_DEPARTAMENTO` VALUES (442,'SAN MARTIN','13');
INSERT INTO `T_DEPARTAMENTO` VALUES (443,'SAN RAFAEL','13');
INSERT INTO `T_DEPARTAMENTO` VALUES (444,'SANTA ROSA','13');
INSERT INTO `T_DEPARTAMENTO` VALUES (445,'TUNUYAN','13');
INSERT INTO `T_DEPARTAMENTO` VALUES (446,'TUPUNGATO','13');
INSERT INTO `T_DEPARTAMENTO` VALUES (447,'ALUMINE','15');
INSERT INTO `T_DEPARTAMENTO` VALUES (448,'AÑELO','15');
INSERT INTO `T_DEPARTAMENTO` VALUES (449,'CATAN LIL','15');
INSERT INTO `T_DEPARTAMENTO` VALUES (450,'CHOS MALAL','15');
INSERT INTO `T_DEPARTAMENTO` VALUES (451,'COLLON CURA','15');
INSERT INTO `T_DEPARTAMENTO` VALUES (452,'CONFLUENCIA','15');
INSERT INTO `T_DEPARTAMENTO` VALUES (453,'HUILICHES','15');
INSERT INTO `T_DEPARTAMENTO` VALUES (454,'LACAR','15');
INSERT INTO `T_DEPARTAMENTO` VALUES (455,'LONCOPUE','15');
INSERT INTO `T_DEPARTAMENTO` VALUES (456,'LOS LAGOS','15');
INSERT INTO `T_DEPARTAMENTO` VALUES (457,'MINAS','15');
INSERT INTO `T_DEPARTAMENTO` VALUES (458,'ÑORQUIN','15');
INSERT INTO `T_DEPARTAMENTO` VALUES (459,'PEHUENCHES','15');
INSERT INTO `T_DEPARTAMENTO` VALUES (460,'PICUN LEUFU','15');
INSERT INTO `T_DEPARTAMENTO` VALUES (461,'PICUNCHES','15');
INSERT INTO `T_DEPARTAMENTO` VALUES (462,'ZAPALA','15');
INSERT INTO `T_DEPARTAMENTO` VALUES (463,'ADOLFO ALSINA','16');
INSERT INTO `T_DEPARTAMENTO` VALUES (464,'AVELLANEDA','16');
INSERT INTO `T_DEPARTAMENTO` VALUES (465,'BARILOCHE','16');
INSERT INTO `T_DEPARTAMENTO` VALUES (466,'CONESA','16');
INSERT INTO `T_DEPARTAMENTO` VALUES (467,'EL CUY','16');
INSERT INTO `T_DEPARTAMENTO` VALUES (468,'GENERAL ROCA','16');
INSERT INTO `T_DEPARTAMENTO` VALUES (469,'NUEVE DE JULIO','16');
INSERT INTO `T_DEPARTAMENTO` VALUES (470,'ÑORQUINCO','16');
INSERT INTO `T_DEPARTAMENTO` VALUES (471,'PICHI MAHUIDA','16');
INSERT INTO `T_DEPARTAMENTO` VALUES (472,'PILCANIYEU','16');
INSERT INTO `T_DEPARTAMENTO` VALUES (473,'SAN ANTONIO','16');
INSERT INTO `T_DEPARTAMENTO` VALUES (474,'VALCHETA','16');
INSERT INTO `T_DEPARTAMENTO` VALUES (475,'VEINTICINCO DE MAYO','16');
INSERT INTO `T_DEPARTAMENTO` VALUES (476,'ALBARDON','18');
INSERT INTO `T_DEPARTAMENTO` VALUES (477,'ANGACO','18');
INSERT INTO `T_DEPARTAMENTO` VALUES (478,'CALINGASTA','18');
INSERT INTO `T_DEPARTAMENTO` VALUES (479,'CAPITAL - SAN JUAN','18');
INSERT INTO `T_DEPARTAMENTO` VALUES (480,'CAUCETE','18');
INSERT INTO `T_DEPARTAMENTO` VALUES (481,'CHIMBAS','18');
INSERT INTO `T_DEPARTAMENTO` VALUES (482,'IGLESIA','18');
INSERT INTO `T_DEPARTAMENTO` VALUES (483,'JACHAL','18');
INSERT INTO `T_DEPARTAMENTO` VALUES (484,'9 DE JULIO','18');
INSERT INTO `T_DEPARTAMENTO` VALUES (485,'POCITO','18');
INSERT INTO `T_DEPARTAMENTO` VALUES (486,'RAWSON','18');
INSERT INTO `T_DEPARTAMENTO` VALUES (487,'RIVADAVIA','18');
INSERT INTO `T_DEPARTAMENTO` VALUES (488,'SAN MARTIN','18');
INSERT INTO `T_DEPARTAMENTO` VALUES (489,'SANTA LUCIA','18');
INSERT INTO `T_DEPARTAMENTO` VALUES (490,'SARMIENTO','18');
INSERT INTO `T_DEPARTAMENTO` VALUES (491,'ULLUM','18');
INSERT INTO `T_DEPARTAMENTO` VALUES (492,'VALLE FERTIL','18');
INSERT INTO `T_DEPARTAMENTO` VALUES (493,'25 DE MAYO','18');
INSERT INTO `T_DEPARTAMENTO` VALUES (494,'ZONDA','18');
INSERT INTO `T_DEPARTAMENTO` VALUES (495,'AYACUCHO','19');
INSERT INTO `T_DEPARTAMENTO` VALUES (496,'BELGRANO','19');
INSERT INTO `T_DEPARTAMENTO` VALUES (497,'CHACABUCO','19');
INSERT INTO `T_DEPARTAMENTO` VALUES (498,'CORONEL PRINGLES','19');
INSERT INTO `T_DEPARTAMENTO` VALUES (499,'GENERAL PEDERNERA','19');
INSERT INTO `T_DEPARTAMENTO` VALUES (500,'GOBERNADOR DUPUY','19');
INSERT INTO `T_DEPARTAMENTO` VALUES (501,'JUNIN','19');
INSERT INTO `T_DEPARTAMENTO` VALUES (502,'CAPITAL SAN LUIS','19');
INSERT INTO `T_DEPARTAMENTO` VALUES (503,'LIBERTADOR GENERAL SAN MARTIN','19');
INSERT INTO `T_DEPARTAMENTO` VALUES (504,'CORPEN AIKE','20');
INSERT INTO `T_DEPARTAMENTO` VALUES (505,'DESEADO','20');
INSERT INTO `T_DEPARTAMENTO` VALUES (506,'GUER AIKE','20');
INSERT INTO `T_DEPARTAMENTO` VALUES (507,'LAGO ARGENTINO','20');
INSERT INTO `T_DEPARTAMENTO` VALUES (508,'LAGO BUENOS AIRES','20');
INSERT INTO `T_DEPARTAMENTO` VALUES (509,'MAGALLANES','20');
INSERT INTO `T_DEPARTAMENTO` VALUES (510,'RIO CHICO','20');
INSERT INTO `T_DEPARTAMENTO` VALUES (511,'ANTARTIDA ARGENTINA','23');
INSERT INTO `T_DEPARTAMENTO` VALUES (512,'ISLAS DEL ATLANTICO SUR','23');
INSERT INTO `T_DEPARTAMENTO` VALUES (513,'RIO GRANDE','23');
INSERT INTO `T_DEPARTAMENTO` VALUES (514,'USHUAIA','23');
INSERT INTO `T_DEPARTAMENTO` VALUES (515,'LA FERRE','1');
INSERT INTO `T_DEPARTAMENTO` VALUES (518,'DUBAI','1');
INSERT INTO `T_DEPARTAMENTO` VALUES (519,'CENTRAL','25');
INSERT INTO `T_DEPARTAMENTO` VALUES (520,'CORONEL ROSALES','1');
INSERT INTO `T_DEPARTAMENTO` VALUES (521,'BARTOLOME MITRE','1');
INSERT INTO `T_DEPARTAMENTO` VALUES (522,'BRASIL','27');
INSERT INTO `T_DEPARTAMENTO` VALUES (523,'URUGUAY-URU','28');
INSERT INTO `T_DEPARTAMENTO` VALUES (524,'ESPAÑA','29');
INSERT INTO `T_DEPARTAMENTO` VALUES (525,'CHILE','30');
INSERT INTO `T_DEPARTAMENTO` VALUES (526,'BOLIVIA','31');
INSERT INTO `T_DEPARTAMENTO` VALUES (527,'COLOMBIA','32');
CREATE TABLE `T_COLOR` (
	`_id`	INTEGER,
	`NOMBRE`	TEXT,
	PRIMARY KEY(_id)
);
INSERT INTO `T_COLOR` VALUES (1,'AMARANTO');
INSERT INTO `T_COLOR` VALUES (2,'AMARILLO');
INSERT INTO `T_COLOR` VALUES (3,'AMBAR');
INSERT INTO `T_COLOR` VALUES (4,'ALBARICOQUE');
INSERT INTO `T_COLOR` VALUES (5,'AGUAMARINA');
INSERT INTO `T_COLOR` VALUES (6,'AMATISTA');
INSERT INTO `T_COLOR` VALUES (7,'AñIL');
INSERT INTO `T_COLOR` VALUES (8,'ARGéN');
INSERT INTO `T_COLOR` VALUES (9,'AZUL');
INSERT INTO `T_COLOR` VALUES (10,'AZUL COBALTO');
INSERT INTO `T_COLOR` VALUES (11,'AZUL MARINO');
INSERT INTO `T_COLOR` VALUES (12,'AZUR');
INSERT INTO `T_COLOR` VALUES (13,'AZUR HERALDICO');
INSERT INTO `T_COLOR` VALUES (14,'BEIGE');
INSERT INTO `T_COLOR` VALUES (15,'BERMELLóN');
INSERT INTO `T_COLOR` VALUES (16,'BLANCO');
INSERT INTO `T_COLOR` VALUES (17,'CAQUI');
INSERT INTO `T_COLOR` VALUES (18,'CARMESí');
INSERT INTO `T_COLOR` VALUES (19,'CARMíN');
INSERT INTO `T_COLOR` VALUES (20,'CARNACIóN');
INSERT INTO `T_COLOR` VALUES (21,'CELESTE');
INSERT INTO `T_COLOR` VALUES (22,'CERúLEO');
INSERT INTO `T_COLOR` VALUES (23,'CHARTREUSE');
INSERT INTO `T_COLOR` VALUES (24,'CIAN');
INSERT INTO `T_COLOR` VALUES (25,'CREMA');
INSERT INTO `T_COLOR` VALUES (26,'COBRE');
INSERT INTO `T_COLOR` VALUES (27,'COBRE PáLIDO');
INSERT INTO `T_COLOR` VALUES (28,'CORAL');
INSERT INTO `T_COLOR` VALUES (29,'ESCARLATA');
INSERT INTO `T_COLOR` VALUES (30,'ESMERALDA');
INSERT INTO `T_COLOR` VALUES (31,'ESPáRRAGO');
INSERT INTO `T_COLOR` VALUES (32,'FUCSIA');
INSERT INTO `T_COLOR` VALUES (33,'GRANATE');
INSERT INTO `T_COLOR` VALUES (34,'GRIS');
INSERT INTO `T_COLOR` VALUES (35,'JADE');
INSERT INTO `T_COLOR` VALUES (36,'JENGIBRE');
INSERT INTO `T_COLOR` VALUES (37,'LAVANDA');
INSERT INTO `T_COLOR` VALUES (38,'LAVANDA FLORAL');
INSERT INTO `T_COLOR` VALUES (39,'LILA');
INSERT INTO `T_COLOR` VALUES (40,'LIMóN');
INSERT INTO `T_COLOR` VALUES (41,'LINO');
INSERT INTO `T_COLOR` VALUES (42,'MAGENTA');
INSERT INTO `T_COLOR` VALUES (43,'MALVA');
INSERT INTO `T_COLOR` VALUES (44,'MARRóN');
INSERT INTO `T_COLOR` VALUES (45,'MORADO');
INSERT INTO `T_COLOR` VALUES (46,'NARANJA');
INSERT INTO `T_COLOR` VALUES (47,'NEGRO');
INSERT INTO `T_COLOR` VALUES (48,'NIEVE');
INSERT INTO `T_COLOR` VALUES (49,'OCRE');
INSERT INTO `T_COLOR` VALUES (50,'ORO');
INSERT INTO `T_COLOR` VALUES (51,'PARDO');
INSERT INTO `T_COLOR` VALUES (52,'PLATEADO');
INSERT INTO `T_COLOR` VALUES (53,'AZUL DE PRUSIA');
INSERT INTO `T_COLOR` VALUES (54,'PúRPURA');
INSERT INTO `T_COLOR` VALUES (55,'ROJO');
INSERT INTO `T_COLOR` VALUES (56,'ROSA');
INSERT INTO `T_COLOR` VALUES (57,'SESAMO');
INSERT INTO `T_COLOR` VALUES (58,'TRIGO');
INSERT INTO `T_COLOR` VALUES (59,'TURQUESA');
INSERT INTO `T_COLOR` VALUES (60,'TURQUí');
INSERT INTO `T_COLOR` VALUES (61,'VERDE');
INSERT INTO `T_COLOR` VALUES (62,'VIOLETA');
INSERT INTO `T_COLOR` VALUES (63,'ZAFIRO');
INSERT INTO `T_COLOR` VALUES (64,NULL);
CREATE UNIQUE INDEX IDX_ID_PROVINCIA  ON T_PROVINCIA (_id);
CREATE UNIQUE INDEX IDX_ID_PAIS  ON T_PAIS (_id);
CREATE UNIQUE INDEX IDX_ID_MARCA  ON T_MARCA (_id);
CREATE UNIQUE INDEX IDX_ID_LOCALIDAD  ON T_LOCALIDAD (_id);
CREATE UNIQUE INDEX IDX_ID_DOCUMENTO  ON T_DOCUMENTO (_id)



;
CREATE UNIQUE INDEX IDX_ID_DEPARTAMENTO  ON T_DEPARTAMENTO (_id);
CREATE UNIQUE INDEX IDX_ID_COLOR  ON T_COLOR (_id);
COMMIT;
